species,emb_1,emb_2,emb_3,emb_4,emb_5,emb_6,emb_7,emb_8
Abrus precatorius,-0.6076578497886658,0.3747326731681824,0.387451171875,0.5804238319396973,-0.3274919092655182,-1.6930055618286133,0.5403559803962708,-0.00018493481911718845
Abutilon indicum,-0.31636714935302734,0.9435295462608337,-1.7466565370559692,-0.09406157582998276,-0.3685125708580017,0.26636308431625366,-0.6548914909362793,-0.5189975500106812
Acalypha hispida,0.10595890879631042,-0.5315299034118652,-0.9169578552246094,-0.2735341787338257,-0.6956263184547424,-0.4545750617980957,-0.14660170674324036,1.5909669399261475
Acalypha indica,0.42421042919158936,-0.6194401979446411,-0.5810980796813965,-0.8534828424453735,-1.1528534889221191,-0.38073498010635376,0.13721908628940582,1.1228055953979492
Acalypha siamensis,-0.015968620777130127,-0.5169197916984558,-0.9649971127510071,-0.4516703486442566,-0.5488559603691101,-0.30328625440597534,0.11781284958124161,1.7661736011505127
Aciagrion pallidum,-0.3804969787597656,-0.36670824885368347,-0.7216684818267822,1.0499682426452637,0.683942437171936,0.76264888048172,-0.6144558191299438,-1.2567009925842285
Acisoma panorpoides,-0.3432408571243286,0.23785273730754852,0.7683361172676086,-0.44067394733428955,0.7114795446395874,-0.09014341235160828,-0.13210231065750122,-1.379470705986023
Acraea terpsicore,0.8508893847465515,0.06553755700588226,-0.38010454177856445,0.9606336951255798,-0.40534651279449463,0.7113957405090332,-0.8660423755645752,1.2389686107635498
Acridotheres grandis,0.9980351328849792,1.168139934539795,0.15959301590919495,0.8425467014312744,-0.1035451740026474,-0.21817460656166077,0.9544357061386108,-0.7800942063331604
Acridotheres javanicus,0.5872014760971069,1.0333479642868042,-0.11705589294433594,0.16678881645202637,-1.4605159759521484,-0.010931864380836487,0.6017235517501831,-0.26084262132644653
Acridotheres leucocephalus,1.0267775058746338,0.42286622524261475,0.5524106025695801,-0.17138183116912842,0.9203437566757202,-0.6495751142501831,-0.9203494191169739,0.21611547470092773
Acridotheres tristis,1.5111039876937866,0.03246147185564041,-0.10466805845499039,0.7929592132568359,0.3629729151725769,0.46905288100242615,-0.5096783638000488,0.5884017944335938
Acrocephalus bistrigiceps,-1.3817715644836426,0.5086315870285034,-0.9639899134635925,-0.16577357053756714,0.8674345016479492,0.6853108406066895,-0.005586093291640282,-0.3190418481826782
Acrocephalus orientalis,0.3512718081474304,1.4464330673217773,0.027804195880889893,-0.809518039226532,0.7878198027610779,0.25556278228759766,-0.6779200434684753,0.14189830422401428
Acrocephalus tangorum,-1.5664485692977905,0.6629489660263062,-0.7148669958114624,-0.1705699861049652,0.8883216381072998,0.5613916516304016,-0.005642480216920376,-0.3284558653831482
Acropora hyacinthus,0.9323344230651855,-0.5123683214187622,0.16397562623023987,0.2883707284927368,-0.3155209720134735,-0.11226310580968857,-0.8997972011566162,-0.7365065217018127
Acrostichum aureum,-0.3000994920730591,-1.1747066974639893,0.775498628616333,0.18179099261760712,-0.9496958255767822,-0.5190457105636597,0.6727284789085388,-1.1077370643615723
Actias maenas,-0.9871374368667603,-0.44712239503860474,-0.7535030841827393,-0.23284099996089935,-0.6079790592193604,0.48793157935142517,-0.4326941967010498,-1.0316734313964844
Actinostephanus haeckeli,-0.5139034986495972,0.12057015299797058,-0.5708882212638855,-1.0093598365783691,-0.366117924451828,-0.5654387474060059,0.2124788910150528,1.4481103420257568
Actitis hypoleucos,0.2464160919189453,-0.40479040145874023,1.1225852966308594,-0.21606388688087463,-1.2582159042358398,0.7802003622055054,-0.687598705291748,-0.47063592076301575
Acytolepis puspa,0.5078578591346741,0.16223987936973572,-0.6266145706176758,-1.454455018043518,0.0038424432277679443,-0.26198363304138184,-0.4101713299751282,-1.0819947719573975
Adiantum philippense,-0.25060224533081055,-1.1410715579986572,0.7927834987640381,0.21217787265777588,-0.8712963461875916,-0.5379102826118469,0.5473254323005676,-1.2479238510131836
Adiantum trapeziforme,-0.29035401344299316,-1.148522138595581,0.8459741473197937,0.2552642226219177,-0.9253448247909546,-0.5071746110916138,0.6556222438812256,-1.098683476448059
Adinda malaccensis,-0.5604016780853271,0.2534489333629608,0.5633598566055298,0.10430918633937836,0.8263137340545654,-0.4976476728916168,0.5306516885757446,-0.6448352932929993
Adonidia merrillii,-1.134617567062378,-0.3771706521511078,0.1829119771718979,-0.6993639469146729,0.006060011684894562,0.5043746829032898,0.33544236421585083,0.7974777817726135
Aegithina tiphia,0.6896899938583374,0.10739322006702423,0.8931488394737244,-0.2578883469104767,0.4222753643989563,-0.722420871257782,0.2518590986728668,0.5820246934890747
Aerides quinquevulnera,1.2269686460494995,-0.4791913330554962,-0.011932344175875187,-0.03532235324382782,1.3956061601638794,-0.21223904192447662,0.6875230669975281,0.3750762641429901
Aerodramus fuciphagus,-0.1655741035938263,-0.13131757080554962,-0.7877346277236938,-1.3644510507583618,0.18043819069862366,0.7359472513198853,-0.5325496792793274,1.0522109270095825
Aerodramus germani,-0.006503701210021973,-0.2543609142303467,-0.9649207592010498,-0.897777795791626,0.03885049745440483,0.744215726852417,-0.6435412168502808,1.3696966171264648
Aeschynanthus pedunculatus,0.6775474548339844,-0.4023292064666748,0.17695701122283936,0.11606373637914658,-0.6545851826667786,-0.34096869826316833,-0.8719982504844666,-0.2892343997955322
Aethopyga gouldiae,0.17840524017810822,-1.1590561866760254,-0.10673077404499054,0.022636577486991882,-0.013241151347756386,0.24820882081985474,-0.7247786521911621,-1.56040620803833
Aethopyga siparaja,0.4652034640312195,-1.1327648162841797,-0.15439343452453613,-1.035703182220459,0.07637771964073181,1.0741926431655884,0.03888460248708725,-0.875663161277771
Aethriamanta gracilis,0.004799958318471909,1.4574460983276367,0.5360045433044434,-0.2771793305873871,1.0116543769836426,-0.009049870073795319,-0.5859495401382446,0.04029469937086105
Agaricus trisulphuratus,-0.5877622365951538,0.5968368053436279,0.5999231338500977,-0.10358820110559464,0.8746338486671448,-0.522622287273407,0.604849100112915,-0.21797914803028107
Ageratum conyzoides,-1.1524280309677124,1.154874324798584,0.04337725415825844,-0.9233856201171875,0.11430270224809647,-0.7383611798286438,-0.9213812351226807,-0.06426878273487091
Agrilus occipitalis,-0.4489051401615143,0.2621419429779053,0.43029916286468506,0.40992021560668945,0.797573447227478,-0.366593599319458,1.0509076118469238,-0.02643461897969246
Agriocnemis femina,0.39037322998046875,-0.37920594215393066,-0.5589569807052612,0.6284583806991577,0.2362370789051056,1.1611989736557007,-0.892726480960846,-1.2304407358169556
Agrionoptera insignis,1.2006042003631592,-0.37667280435562134,1.3163676261901855,0.39142361283302307,0.19949212670326233,0.4685777425765991,0.3094113767147064,0.07121802866458893
Agrius convolvuli,-0.25841614603996277,0.03437606990337372,-0.029983488842844963,-1.6608037948608398,-0.10498528927564621,-0.06704999506473541,0.04538482427597046,0.7053510546684265
Ajuga macrosperma,-0.7413830161094666,-0.8016135692596436,-0.030428901314735413,-0.6206068992614746,-0.7816511988639832,1.1339527368545532,1.0079569816589355,-0.25483307242393494
Alcedo atthis,0.511624813079834,-0.22861190140247345,0.719211220741272,1.0217117071151733,-1.1410928964614868,-0.23369847238063812,-1.1347761154174805,0.23199503123760223
Allacta bimaculata,0.3131260871887207,0.8940043449401855,-0.025081519037485123,-0.05668863654136658,-1.0033093690872192,-0.014339222572743893,0.16264724731445312,-1.0913381576538086
Allamanda cathartica,0.5806409120559692,-0.7501211166381836,-0.2262047529220581,-0.08508609980344772,1.095773458480835,-0.283700555562973,-0.5178439021110535,-0.3594461679458618
Alocasia longiloba,-0.5197501182556152,0.6048299670219421,0.5924743413925171,0.7636494636535645,1.3970638513565063,0.8531423807144165,-0.2678094208240509,0.5046215057373047
Alophoixus bres,-0.9080665111541748,-0.0938844233751297,0.8141820430755615,1.310621738433838,-0.7082679271697998,0.5084695816040039,-0.43282991647720337,0.6023538112640381
Alopias pelagicus,-0.2626746892929077,-0.2295016646385193,-0.4909053444862366,-1.1668665409088135,0.44429922103881836,0.5665453672409058,-0.30803102254867554,1.3513600826263428
Alternanthera philoxeroides,-0.5139034986495972,0.12057015299797058,-0.5708882212638855,-1.0093598365783691,-0.366117924451828,-0.5654387474060059,0.2124788910150528,1.4481103420257568
Amandava amandava,-1.0266555547714233,-0.26962989568710327,-0.46333959698677063,1.1078262329101562,-0.7135825157165527,0.31495141983032227,0.04992581158876419,-0.36199700832366943
Amata huebneri,0.41281771659851074,-0.8053297400474548,-0.8107698559761047,1.3806195259094238,0.37522751092910767,-0.40708741545677185,0.5419721603393555,-0.6189863681793213
Amata sperbius,-0.5132725834846497,-1.3886051177978516,-0.18535065650939941,0.9204699993133545,0.21847113966941833,0.11572228372097015,0.5527876615524292,-0.15118195116519928
Amathusia phidippus,-0.1800295114517212,0.15252186357975006,-0.5029935240745544,-1.5544631481170654,0.9273191690444946,-0.12648905813694,0.1268579065799713,-0.7139334678649902
Amaurornis phoenicurus,1.0428199768066406,0.29211676120758057,-0.05574837327003479,0.669270932674408,-0.7646602988243103,0.41184890270233154,-0.22782054543495178,0.6835423111915588
Amphidromus inversus,0.25725311040878296,0.7113637328147888,0.22257000207901,0.16329224407672882,1.1091043949127197,-0.15949773788452148,-0.7720565795898438,-0.026747964322566986
Amplypterus panopus,0.351885050535202,0.144036203622818,0.9114354252815247,-1.1444361209869385,0.836799144744873,1.2889623641967773,0.08854403346776962,-0.13179807364940643
Ampulex compressa,-0.5139034986495972,0.12057015299797058,-0.5708882212638855,-1.0093598365783691,-0.366117924451828,-0.5654387474060059,0.2124788910150528,1.4481103420257568
Anacardium occidentale,-0.6952077150344849,-0.0000626295804977417,-0.8666262626647949,-1.0226399898529053,-0.6738237142562866,-0.393461138010025,0.3870130777359009,1.1828441619873047
Anas gibberifrons,-0.5729592442512512,-0.1376153826713562,-0.771773636341095,-0.8776296377182007,-0.5765631198883057,-0.5501934289932251,0.3023238182067871,1.1950085163116455
Anas luzonica,-0.1529158651828766,-0.6701295375823975,-0.6776057481765747,0.18584533035755157,-1.5949852466583252,0.46799153089523315,0.8013186454772949,-0.16714239120483398
Anas platyrhynchos,-0.19961220026016235,-0.9166818857192993,-0.9104284048080444,0.24261103570461273,-1.486600399017334,0.37475693225860596,0.6214925050735474,-0.32091787457466125
Anastomus oscitans,1.065124273300171,-0.287891149520874,-0.13323605060577393,0.2610068917274475,-0.39770686626434326,1.3260307312011719,0.25620704889297485,1.0365535020828247
Ancistroides gemmifer,-1.2675225734710693,0.12341438233852386,-0.12818944454193115,1.476396083831787,-0.1464853584766388,0.6087720394134521,-0.036422763019800186,0.8495204448699951
Ancistroides nigrita,-1.2675225734710693,0.12341438233852386,-0.12818944454193115,1.4763962030410767,-0.1464853584766388,0.6087719798088074,-0.03642277792096138,0.8495205640792847
Ancylomenes holthuisi,-0.00845271348953247,1.2812048196792603,0.20090574026107788,-1.1110994815826416,0.7391310930252075,-0.2669968903064728,-0.1915203332901001,0.19335150718688965
Andrographis paniculata,-0.2643228769302368,-0.6325900554656982,0.6325938701629639,0.6502688527107239,1.0585846900939941,-0.2068329155445099,0.4689457416534424,0.21232956647872925
Anepsion maritatum,1.1050928831100464,-0.05729186534881592,-0.8694241642951965,-0.6753860712051392,-0.23612645268440247,0.2871254086494446,0.05092383921146393,-1.0142462253570557
Angiopteris evecta,-0.5604016780853271,0.2534489333629608,0.5633598566055298,0.10430918633937836,0.8263137340545654,-0.4976476728916168,0.5306516885757446,-0.6448352932929993
Anhinga melanogaster,-0.9212175607681274,0.08431603014469147,-0.023807168006896973,-0.3246327340602875,-0.046897828578948975,-1.0301122665405273,0.6421626210212708,0.8943760395050049
Annona squamosa,0.806647777557373,-0.3777613937854767,0.1562711000442505,0.21972747147083282,-0.09654581546783447,-0.2199634611606598,-0.7286744713783264,-0.5261188745498657
Anomalodiscus squamosus,0.3512718081474304,1.4464330673217773,0.027804195880889893,-0.809518039226532,0.7878198027610779,0.25556278228759766,-0.6779200434684753,0.14189830422401428
Anoplodesmus saussurii,-0.4746554493904114,-0.1494252234697342,-0.012629451230168343,-1.2761614322662354,1.333207607269287,-0.9259358644485474,-0.18045397102832794,-0.07812587171792984
Anoplolepis gracilipes,0.8125613927841187,-0.8291443586349487,0.47439247369766235,0.5959079265594482,-0.041161999106407166,0.059837449342012405,-1.2790251970291138,-1.0043013095855713
Anser cygnoides,0.7475116848945618,-0.11267247051000595,0.3510558605194092,0.9518898725509644,-0.4740086793899536,-0.5938589572906494,0.5203200578689575,-0.16150137782096863
Anthene emolus,-0.7313072681427002,-0.0721566379070282,0.2554444968700409,-0.731307327747345,-0.2645077705383301,-0.6491802930831909,0.013533614575862885,1.8337535858154297
Anthene lycaenina,-0.7465797662734985,-0.07564040273427963,0.29608023166656494,-0.7509074807167053,-0.3228433430194855,-0.653256356716156,-0.07307709008455276,1.8032026290893555
Anthracoceros albirostris,0.8481385707855225,0.07586466521024704,-0.06215113028883934,1.4469013214111328,-0.3177362084388733,0.5602144002914429,-0.5867694616317749,0.9751752614974976
Anthreptes malacensis,0.6322026252746582,0.952522337436676,-0.2132815718650818,0.03216305747628212,-1.165702223777771,0.32977309823036194,0.7095135450363159,-0.750041663646698
Anthreptes rhodolaemus,0.015955299139022827,-0.6562551259994507,-0.2018735706806183,0.12205677479505539,0.06565331667661667,0.5009357929229736,0.055815741419792175,-1.829595923423767
Anthus richardi,-0.5094510912895203,0.18508777022361755,-0.9533542990684509,0.45019087195396423,0.17800495028495789,0.7565926909446716,-0.13547936081886292,0.34215593338012695
Anthus rufulus,0.011256188154220581,0.6710948348045349,-0.7681728601455688,-0.41197407245635986,0.7876151204109192,0.7791452407836914,-0.7685754299163818,-0.21301914751529694
Antidesma velutinosum,-0.16630351543426514,1.2706665992736816,0.271366685628891,-0.7131396532058716,-0.6015684008598328,-0.17192167043685913,0.27724316716194153,-0.5581529140472412
Antigonon leptopus,-0.2235104739665985,0.042935874313116074,-0.36774274706840515,-1.1887269020080566,0.3250749111175537,0.24515260756015778,-0.14705169200897217,1.5278074741363525
Antilochus coquebertii,0.06670621037483215,-0.5552741885185242,-0.8415454626083374,0.005843468010425568,0.5865369439125061,-0.4170515537261963,0.13823634386062622,-0.8066872954368591
Aphis spiraecola,0.9323344230651855,-0.5123683214187622,0.16397562623023987,0.2883707284927368,-0.3155209720134735,-0.11226310580968857,-0.8997972011566162,-0.7365065217018127
Apis andreniformis,-1.2129238843917847,0.12690742313861847,0.41542738676071167,-0.2347155511379242,-0.04059257358312607,1.588362455368042,-0.24625134468078613,0.8278195858001709
Apis cerana,-0.4463033676147461,-0.6255149841308594,-0.4124586582183838,-0.12063649296760559,1.203481912612915,0.31043726205825806,0.9470545649528503,-0.6822056770324707
Apis dorsata,-0.3384209871292114,-1.1290887594223022,0.26954030990600586,0.16218653321266174,-0.03323167562484741,0.018092472106218338,1.4751479625701904,0.8131522536277771
Apis florea,0.2584476172924042,-0.3070320188999176,0.052591003477573395,-0.33692049980163574,-0.72287917137146,1.7176384925842285,0.11275631189346313,1.0315983295440674
Apis laboriosa,-0.44893646240234375,-0.4805591106414795,-0.10516878217458725,-1.0378894805908203,-1.2886320352554321,0.9169644117355347,0.24312317371368408,-0.06657786667346954
Aplonis panayensis,0.2044227570295334,-0.00715038925409317,0.08625420928001404,-0.5027408599853516,0.6473544836044312,1.313793420791626,-0.5551668405532837,0.40175455808639526
Appias libythea,1.6080447435379028,-1.3078365325927734,-0.24665731191635132,-0.39470475912094116,0.019186004996299744,-0.4036398231983185,-0.4216002821922302,-0.07077346742153168
Appias nephele,-0.5872735977172852,1.1745471954345703,-0.5872735977172852,-0.5872736573219299,-1.048427700996399,0.0,-0.5872736573219299,1.0484275817871094
Aquila clanga,0.6720830798149109,1.0105644464492798,-0.8368072509765625,0.2346353530883789,-0.09837048500776291,-1.0391876697540283,0.7231038212776184,0.8656250238418579
Arachis pintoi,-1.4162554740905762,-0.6377447843551636,0.10546267032623291,0.012800054624676704,-1.3758060932159424,-0.07014885544776917,-0.08294890820980072,-0.7780742645263672
Arachnothera longirostra,0.20300647616386414,-1.297834038734436,-0.12584592401981354,-0.399891197681427,-0.1220783069729805,-0.23881898820400238,-0.38190796971321106,-1.1949732303619385
Arachnothera magna,0.11650674790143967,-1.4689557552337646,-0.12154847383499146,-0.3500324487686157,-0.11412100493907928,0.08956220746040344,-0.7089461088180542,-1.0792680978775024
Arborophila rubrirostris,-0.30481642484664917,0.22726820409297943,0.11411914229393005,-1.9803755283355713,-0.14414291083812714,0.7043864130973816,-0.14537785947322845,0.20312273502349854
Archaster typicus,-0.2011096477508545,-0.08057200908660889,-0.3158763647079468,-1.020642876625061,0.7431589365005493,0.021670669317245483,-0.19019192457199097,1.2480509281158447
Archigenes savitri,-0.18019366264343262,0.3359547257423401,0.7234798669815063,0.867707371711731,0.9879155158996582,0.4833524525165558,-0.2374989539384842,-0.6697402000427246
Ardea alba,1.1677325963974,-0.10080611705780029,1.3352375030517578,-0.32642900943756104,-0.46956220269203186,0.6844900250434875,-0.5602538585662842,-0.4890325665473938
Ardea cinerea,1.244382381439209,-0.2622825503349304,0.8363602757453918,-0.3025718331336975,-0.7236009836196899,1.2081964015960693,-0.20138663053512573,0.25966787338256836
Ardea purpurea,1.143747329711914,-0.07241139560937881,0.5981556177139282,-0.4009445309638977,-0.14137572050094604,0.9453837275505066,0.2965734004974365,0.7709882855415344
Ardeola bacchus,0.9567998051643372,0.001152127981185913,1.3151628971099854,-0.028537459671497345,-0.6418485641479492,0.547783613204956,0.24028702080249786,0.2252015769481659
Ardeola speciosa,0.93087238073349,0.4792839586734772,0.44515156745910645,-0.24667701125144958,-0.28978395462036133,-0.3283524513244629,-0.1601736843585968,1.4884305000305176
Areas galactina,1.383824110031128,-0.7177759408950806,0.6811011433601379,-1.07108736038208,-0.07729662954807281,-0.7385929822921753,-0.0342697873711586,0.4461331367492676
Argiope aemula,1.296674132347107,-0.031426604837179184,-0.8162055611610413,-0.20250457525253296,-0.6919438242912292,-0.05287177488207817,0.2595213055610657,-1.2372450828552246
Argiope appensa,1.096501111984253,0.19466076791286469,-0.9018087983131409,-0.2732754647731781,-0.47670525312423706,0.12121152877807617,0.7409316301345825,-1.3007757663726807
Argiope chloreides,0.6892824172973633,0.5381932258605957,-0.7807191610336304,0.42481371760368347,-0.4204522371292114,-0.42053624987602234,0.6177639365196228,-0.6721483469009399
Argiope dang,1.4558062553405762,-0.12211265414953232,-0.3291667699813843,-0.07624634355306625,0.5910937786102295,0.7799388766288757,-0.4273756742477417,1.0790878534317017
Argiope intricata,0.7431096434593201,0.5554551482200623,-1.0283985137939453,0.6322466135025024,-0.4517313241958618,-0.03131692111492157,0.2439740002155304,-0.5232229828834534
Argiope modesta,1.1346867084503174,-0.272569477558136,-0.6973512172698975,-0.7968448400497437,-0.31772711873054504,0.33936160802841187,0.4370402693748474,-1.246062159538269
Argiope versicolor,1.1926031112670898,-0.040936365723609924,-0.6358634829521179,-0.789294958114624,-0.45271626114845276,0.05748138949275017,0.5561515688896179,-1.3552104234695435
Argyreia capitiformis,-0.7133161425590515,-0.30590978264808655,-0.2074771672487259,-0.27680152654647827,-0.8606523275375366,0.21983011066913605,-0.38118478655815125,-1.2425048351287842
Argyreia scortechinii,-0.5553069114685059,-0.900762140750885,1.4721794128417969,0.23796018958091736,-0.7478996515274048,0.6584856510162354,-0.4774875044822693,-0.029076170176267624
Arhopala centaurus,-0.5523833632469177,0.19023509323596954,-0.16383524239063263,0.6201759576797485,-0.8120328187942505,-1.7231440544128418,0.6170673370361328,0.3483430743217468
Arhopala epimuta,0.9447693824768066,-0.10973713546991348,0.2044859081506729,-0.7080923318862915,1.1768845319747925,-0.9086463451385498,-0.0019668624736368656,-0.9249021410942078
Arhopala oenea,-0.731307327747345,-0.0721566379070282,0.2554444968700409,-0.7313072681427002,-0.2645077705383301,-0.6491802334785461,0.013533614575862885,1.8337538242340088
Ariadne ariadne,0.16553884744644165,0.5601942539215088,-0.5965741872787476,-1.404564619064331,0.27072662115097046,0.5014589428901672,0.013292291201651096,-1.3486616611480713
Arisaema garrettii,-0.4718582034111023,0.6170086860656738,0.5598210096359253,0.7458430528640747,1.5755844116210938,0.8633421659469604,-0.256066232919693,0.4642322063446045
Aristocypha fenestrella,0.035796791315078735,-0.053971391171216965,-0.09403219074010849,0.565239429473877,1.065688133239746,0.34560519456863403,-0.221267968416214,1.3761804103851318
Arivela viscosa,1.0590054988861084,-0.29051584005355835,-0.12065747380256653,0.1776164025068283,-0.5711364150047302,-0.3960070013999939,-1.1134819984436035,0.8546004891395569
Arsacia rectalis,-0.4753648638725281,-1.8175737857818604,0.08517765998840332,0.7653254270553589,0.5743639469146729,-0.019259965047240257,0.6447444558143616,-0.25233468413352966
Artamus leucorhynchos,-0.2011096477508545,-0.08057200908660889,-0.3158763647079468,-1.020642876625061,0.7431589365005493,0.021670669317245483,-0.19019192457199097,1.2480509281158447
Asota caricae,1.2210783958435059,-0.3597545027732849,0.2754194736480713,1.2983996868133545,-0.18432867527008057,0.3040587604045868,-0.7724632620811462,-0.6068339347839355
Asota heliconia,0.7927813529968262,-0.35418668389320374,-0.4257631301879883,1.3547707796096802,-0.19305500388145447,0.6197353601455688,-0.40567219257354736,-0.8274608850479126
Asota plaginota,-0.3609454035758972,-1.7830559015274048,-0.01647295616567135,0.7676597237586975,0.5992634296417236,0.13241755962371826,0.6199900507926941,-0.3332632780075073
Asota plana,1.1446337699890137,-0.492164671421051,0.3231552243232727,1.2039871215820312,-0.1279045045375824,0.2665940523147583,-0.4623534083366394,-0.6985955834388733
Aspidimorpha furcata,-0.29541611671447754,0.736272931098938,1.1554844379425049,-0.5808078646659851,1.342428207397461,-0.673332154750824,0.468746542930603,-0.01670641452074051
Asplenium nidus,-0.5604016780853271,0.2534489333629608,0.5633598566055298,0.10430918633937836,0.8263137340545654,-0.4976476728916168,0.5306516885757446,-0.6448352932929993
Asystasia gangetica,-0.36662977933883667,-1.1840879917144775,-0.13217036426067352,0.3241294026374817,1.0537960529327393,-0.8031718730926514,0.48881056904792786,-0.2541121244430542
Asystasia intrusa,-0.0583588182926178,-0.045249707996845245,1.3697185516357422,0.10824219882488251,0.19189569354057312,-1.4194004535675049,0.10081852227449417,0.8803143501281738
Athene brama,0.7106624245643616,1.1173067092895508,-0.4167497456073761,0.8950504064559937,-1.2714645862579346,0.2557337284088135,0.7242840528488159,0.3461211025714874
Attagenus fasciatus,-0.2011096477508545,-0.08057200908660889,-0.3158763647079468,-1.020642876625061,0.7431589365005493,0.021670669317245483,-0.19019192457199097,1.2480509281158447
Averrhoa bilimbi,0.8824236392974854,-0.15271151065826416,-0.31716132164001465,-1.204941987991333,-1.1059768199920654,0.187611386179924,-0.34914907813072205,1.0600422620773315
Averrhoa carambola,1.18143630027771,-0.28054749965667725,-0.030020929872989655,-0.8008779883384705,-1.0794237852096558,0.2410520613193512,-0.5450385808944702,0.8595781922340393
Aviceda leuphotes,0.5510545969009399,1.090684175491333,-0.8916380405426025,0.16005009412765503,0.18771563470363617,-1.0595464706420898,0.7552968263626099,0.9157487154006958
Avicennia alba,-0.3717168867588043,0.017021436244249344,0.5708058476448059,0.503925085067749,-0.27682140469551086,-0.768551230430603,-0.028636522591114044,-1.2937005758285522
Axis porcinus,-0.35540974140167236,0.11436954140663147,-0.9977733492851257,-0.0138910673558712,-0.2564467191696167,-0.6075685024261475,-0.20586135983467102,-0.30057454109191895
Axonopus compressus,-0.4246211647987366,1.0571520328521729,-0.6006945967674255,-0.3912796080112457,0.1047348603606224,0.6370353698730469,0.14121049642562866,-1.462416172027588
Aythya fuligula,0.16552132368087769,-0.8449418544769287,-0.8524416089057922,0.190845787525177,-1.4801994562149048,0.6377414464950562,0.6576141715049744,-0.17207810282707214
Azima sarmentosa,-1.3465209007263184,-0.4302838444709778,-0.8058463335037231,-0.23949182033538818,-0.6262414455413818,0.5483124852180481,-0.07594792544841766,-0.7391442656517029
Bactrocera dorsalis,0.9352836608886719,-0.0831553041934967,0.1808350384235382,0.11457548290491104,-0.10680776089429855,-0.1774653196334839,-1.261305809020996,-0.7216594219207764
Bactrocera hochii,0.5629388093948364,1.226423978805542,0.10730351507663727,-0.6027448773384094,0.5928841829299927,0.1209397166967392,-1.1900839805603027,-0.2241705060005188
Balanophora fungosa,0.9323344230651855,-0.5123683214187622,0.16397562623023987,0.2883707284927368,-0.3155209720134735,-0.11226310580968857,-0.8997972011566162,-0.7365065217018127
Baphia nitida,0.5279160737991333,0.33654266595840454,0.49662867188453674,1.3557860851287842,-0.6700559854507446,-0.36496180295944214,-0.9025262594223022,-0.2999694347381592
Baryrhynchus miles,-1.3465209007263184,-0.4302838444709778,-0.8058463335037231,-0.23949182033538818,-0.6262414455413818,0.5483124852180481,-0.07594792544841766,-0.7391442656517029
Basella alba,0.16015928983688354,-0.636526882648468,-0.4437415301799774,-0.6329911947250366,-1.676386833190918,-0.0043366774916648865,-0.27426791191101074,-0.7659143805503845
Bauhinia purpurea,1.3237998485565186,-0.8381943702697754,0.40887320041656494,1.0919197797775269,-0.2990657687187195,0.11279962956905365,-0.33198869228363037,-0.08956672996282578
Bavia sexpunctata,0.6229605078697205,0.03438105061650276,0.9863821864128113,1.2153241634368896,-1.215019941329956,-0.4273748993873596,0.52698814868927,0.5193086266517639
Begonia hatacoa,0.9323344230651855,-0.5123683214187622,0.16397562623023987,0.2883707284927368,-0.3155209720134735,-0.11226310580968857,-0.8997972011566162,-0.7365065217018127
Belenois java,1.525223970413208,-1.201574683189392,-0.7216798663139343,-0.6240308284759521,-0.2722400724887848,0.06430793553590775,-0.3986285328865051,0.06604870408773422
Bidens alba,-0.31487762928009033,0.28268441557884216,1.2554242610931396,-0.34272581338882446,-0.888477087020874,-0.2657349705696106,0.9984012842178345,0.9698257446289062
Bidens pilosa,-1.0598475933074951,1.0432215929031372,0.04526086896657944,-1.045461654663086,0.0994170755147934,-0.6984085440635681,-1.0437421798706055,0.0029883533716201782
Birgus latro,-0.7498738765716553,0.21147841215133667,0.14101725816726685,0.012863494455814362,0.6124572157859802,-0.3537781238555908,-0.27418357133865356,0.7134571075439453
Blattella germanica,0.38263410329818726,0.9942554235458374,-0.0011656079441308975,0.6532683372497559,-0.8117960691452026,-0.009858662262558937,-0.24719896912574768,-0.9372355937957764
Blechnopsis orientalis,-0.4388156533241272,-0.4164927005767822,0.25982365012168884,0.612153172492981,0.6308205127716064,-0.4116200804710388,1.1642429828643799,-0.1808685064315796
Blumea balsamifera,-1.5702567100524902,-0.01009431853890419,0.012491068802773952,0.469664603471756,0.4217888116836548,0.8294039964675903,0.6688680648803711,0.9723789691925049
Bohadschia argus,-0.006868141703307629,-0.0027170307002961636,-1.5233138799667358,-0.7974832653999329,0.7868404984474182,0.7740269899368286,0.00716530904173851,0.39285969734191895
Bonnaya antipoda,-0.7950956225395203,1.225246787071228,-0.2961731255054474,-0.8562329411506653,-0.4021743834018707,-0.17391902208328247,0.6580358743667603,0.13303707540035248
Bothrogonia addita,1.083292007446289,0.281461238861084,1.1366205215454102,-0.48419004678726196,0.7178907990455627,0.1593398004770279,-0.060926973819732666,0.3464628756046295
Bougainvillea spectabilis,1.3207863569259644,-0.0582418218255043,0.4890354871749878,-0.23896431922912598,0.7312318086624146,-0.3463039994239807,-0.08242660760879517,0.9791215062141418
Brachydiplax chalybea,-0.16046223044395447,-0.8838355541229248,-0.7018462419509888,0.12240162491798401,1.418413519859314,0.558121919631958,1.035528302192688,-0.19625869393348694
Brachythemis contaminata,-0.05964362621307373,-0.7811476588249207,-0.6081990599632263,0.28555482625961304,1.5577970743179321,0.16225796937942505,0.7596853971481323,-0.551760733127594
Bradybaena similaris,0.2906253933906555,0.7692732214927673,0.24293816089630127,-0.23635074496269226,0.7885420322418213,0.6063907146453857,-0.8294957876205444,-0.03648717701435089
Brassica rapa,-1.2795867919921875,-0.720132052898407,-0.8595773577690125,-0.6605422496795654,-0.5985629558563232,0.3224891424179077,-0.014416579157114029,-0.5244516134262085
Breynia androgyna,-0.717208743095398,-0.1582564115524292,-0.5644845366477966,-0.982221782207489,-0.23726750910282135,-0.5373849868774414,0.15471617877483368,1.5226116180419922
Breynia vitis-idaea,-0.9304683208465576,1.307975172996521,0.15880116820335388,-1.068559169769287,-0.4278041124343872,-0.25370505452156067,0.6513504385948181,0.4486393332481384
Briareum violaceum,-0.2011096477508545,-0.08057200908660889,-0.3158763647079468,-1.020642876625061,0.7431589365005493,0.021670669317245483,-0.19019192457199097,1.2480509281158447
Broussonetia papyrifera,-0.7843753099441528,0.47508513927459717,-1.345295786857605,-0.266690731048584,-0.11072926223278046,0.6941434144973755,1.0545709133148193,-0.13113075494766235
Brugmansia aurea,-0.26763853430747986,-0.6175710558891296,0.7418878078460693,0.6358370780944824,0.9566314816474915,-0.4885687530040741,0.27793240547180176,-0.38201212882995605
Brugmansia sanguinea,-0.307893306016922,-0.1070464551448822,-0.040674902498722076,0.011749491095542908,-0.5979068279266357,-1.2066004276275635,-0.6675414443016052,-1.0614264011383057
Bryobium retusum,-0.18958504498004913,0.0657978504896164,-0.8252273797988892,-1.093684434890747,-0.1743527501821518,-0.8635981678962708,-0.01718052476644516,1.3673856258392334
Buceros bicornis,-1.0850560665130615,1.0250661373138428,0.46843889355659485,0.8941898345947266,-0.26385989785194397,-0.6461867094039917,-0.2681947946548462,-0.10205523669719696
Buceros hydrocorax,-1.0398344993591309,1.3974158763885498,0.31263357400894165,0.7397997379302979,-0.10335797816514969,-0.8416235446929932,-0.12013731151819229,0.2526175081729889
Buceros rhinoceros,-0.15398503839969635,0.9361421465873718,0.43392544984817505,1.0870733261108398,0.6039130687713623,-0.5626282691955566,0.10558487474918365,0.22694121301174164
Bulbophyllum dichromum,0.6814961433410645,1.2754943370819092,-0.25325000286102295,-0.21412305533885956,0.4673730731010437,0.5939980745315552,0.5939980745315552,-1.362992286682129
Bulbophyllum gracillimum,0.8888962268829346,-0.2803196907043457,-0.028272323310375214,0.5457455515861511,1.3872673511505127,-0.8799313306808472,0.35919809341430664,-0.3389522433280945
Bulbophyllum reptans,0.61976158618927,1.2902519702911377,-0.3223167061805725,-0.11042977124452591,0.4327464699745178,0.6704901456832886,0.6704901456832886,-1.3161087036132812
Butastur indicus,0.5192885994911194,1.1313433647155762,-0.801661491394043,0.2919456362724304,0.36632010340690613,-1.140920877456665,0.33938881754875183,0.6633655428886414
Butastur liventer,0.7367367744445801,1.0633777379989624,-0.7549116611480713,0.07016828656196594,0.20188593864440918,-1.0486572980880737,0.6915944218635559,0.8754750490188599
Butea monosperma,-0.7521345615386963,0.5353118181228638,0.35048121213912964,0.788843035697937,-0.05358825623989105,-1.6874520778656006,0.6813628673553467,-0.00016677772509865463
Cacatua goffiniana,-0.19418877363204956,0.18685930967330933,-0.45638638734817505,0.1758219599723816,-1.5694626569747925,-1.0455549955368042,-0.26719632744789124,0.6777382493019104
Cacatua haematuropygia,-0.3278190791606903,0.03543286770582199,-0.5988502502441406,0.19769272208213806,-1.3870646953582764,-0.5199004411697388,0.16423138976097107,1.0685566663742065
Cacomantis merulinus,0.11679188907146454,-0.7107260823249817,0.21024063229560852,0.6318769454956055,-1.1444450616836548,-0.14752595126628876,0.44941914081573486,-0.9171482920646667
Cacomantis variolosus,0.8961127996444702,0.32924044132232666,0.9227752685546875,-0.06190183758735657,0.41304123401641846,0.5386059284210205,1.562734842300415,-0.22125355899333954
Caesalpinia pulcherrima,-0.10689665377140045,-0.2948107421398163,1.1001710891723633,0.8440635204315186,-0.8010777235031128,-1.2623240947723389,-0.5346496105194092,-0.03211424872279167
Cairina moschata,-0.007193596102297306,-0.8355660438537598,-0.8431980609893799,0.19001010060310364,-1.4814865589141846,0.6290746927261353,0.8207398056983948,-0.01875874400138855
Caladium bicolor,1.2948691844940186,-0.023220911622047424,-1.1076700687408447,0.3067532181739807,-0.47467076778411865,-0.291716068983078,-0.3675834536552429,-0.6802284717559814
Calathea crotalifera,-0.5604016780853271,0.2534489333629608,0.5633598566055298,0.10430918633937836,0.8263137340545654,-0.4976476728916168,0.5306516885757446,-0.6448352932929993
Caleta elna,-0.22619250416755676,0.19859042763710022,0.5738005638122559,-1.9401710033416748,0.42478299140930176,0.3550313115119934,0.20601370930671692,-0.361409068107605
Caleta roxus,-0.41639983654022217,0.3777613341808319,-0.9627882242202759,-1.661935806274414,0.5619606971740723,0.29417872428894043,-0.45662549138069153,-0.6061538457870483
Calidris falcinellus,-1.145913004875183,-0.8011380434036255,0.47660619020462036,-0.4677823781967163,-0.3302570879459381,0.853644609451294,0.74235999584198,-1.090010404586792
Calidris ferruginea,-0.9914373159408569,-0.8916324973106384,0.48157942295074463,-0.5161608457565308,-0.3709068298339844,1.0179035663604736,0.6283946633338928,-0.9832133054733276
Calidris pygmaea,-1.1316921710968018,-0.7866572141647339,0.4947264790534973,-0.5307617783546448,-0.383545458316803,0.9042275547981262,0.7390018701553345,-1.0133376121520996
Calidris ruficollis,0.09713789075613022,0.3928607106208801,0.5224593877792358,-1.2744317054748535,-0.8037587404251099,-0.5061955451965332,-0.3427918553352356,-0.4951465129852295
Calidris tenuirostris,-0.3312046527862549,-0.19611847400665283,0.6298637390136719,-1.0399303436279297,-0.572759211063385,0.29824334383010864,0.13358819484710693,-0.8943772315979004
Calliphara nobilis,0.8294751644134521,1.1621769666671753,0.37708982825279236,-0.41763439774513245,-0.1369883418083191,-0.5039535760879517,-1.0127872228622437,-0.23158955574035645
Callosciurus caniceps,-0.470440536737442,1.0113922357559204,-0.7739726305007935,-0.09265124797821045,-0.011407211422920227,0.46519649028778076,-0.5811108350753784,1.5155824422836304
Callosciurus erythraeus,-0.9537409543991089,0.9103981852531433,0.3537747263908386,-0.8820773363113403,0.7783421277999878,0.07863917946815491,0.3212348222732544,1.2170519828796387
Callosciurus finlaysonii,-0.49755680561065674,1.147228717803955,-0.7749553918838501,0.03647002950310707,-0.23642680048942566,0.657250165939331,-0.5546815395355225,1.2416796684265137
Callosciurus notatus,0.049082037061452866,1.2276945114135742,0.45416373014450073,-0.4517519176006317,-0.9247636795043945,0.26617133617401123,1.19227933883667,0.12013272941112518
Callosciurus orestes,-0.8376792669296265,0.44686442613601685,0.4545642137527466,-0.9703049659729004,0.5942779183387756,0.3894960880279541,0.3909914493560791,1.2725352048873901
Callosciurus prevostii,-0.9628364443778992,0.3292590081691742,0.5820523500442505,-1.243068814277649,0.7739381194114685,0.3193749189376831,0.47171661257743835,1.0161197185516357
Caloenas nicobarica,-0.7117364406585693,-0.13655723631381989,-0.4201371669769287,0.8597409725189209,-1.2823452949523926,0.32100361585617065,-0.15366697311401367,-0.9651087522506714
Calonectris leucomelas,-0.2011096477508545,-0.08057200908660889,-0.3158763647079468,-1.020642876625061,0.7431589365005493,0.021670669317245483,-0.19019192457199097,1.2480509281158447
Calophyllum inophyllum,-0.5604016780853271,0.2534489333629608,0.5633598566055298,0.10430918633937836,0.8263137340545654,-0.4976476728916168,0.5306516885757446,-0.6448352932929993
Calotropis gigantea,1.2415084838867188,-0.2952302396297455,0.39817649126052856,0.7493301630020142,-0.5508968234062195,-0.1686861515045166,-0.030667047947645187,0.3777424693107605
Calvisia virbius,-0.3608153164386749,0.5187822580337524,0.13391707837581635,-0.0657806545495987,1.184692144393921,-0.839348316192627,0.30431699752807617,-0.6997325420379639
Camacinia gigantea,-0.7782261371612549,1.0753259658813477,1.070565104484558,-1.0959384441375732,0.5289422273635864,0.5093927979469299,0.03411819413304329,0.18645912408828735
Camponotus castanicola,1.9026081562042236,-0.9142992496490479,0.4201449155807495,0.0735694020986557,0.21007245779037476,-0.4201449155807495,-0.35765141248703003,0.0
Camponotus festinus,0.01761409267783165,-0.8350260257720947,0.625518798828125,-0.38987088203430176,0.5278601050376892,-0.09032993763685226,-1.313446283340454,-1.2774982452392578
Camponotus satan,-0.3359660506248474,-0.9374997615814209,-0.07478240877389908,0.5690879821777344,-0.6570411324501038,0.3919905722141266,-0.9208632707595825,-0.5280108451843262
Camponotus singularis,0.03696279227733612,-0.8972214460372925,0.6512271761894226,-0.4342242181301117,0.6432937383651733,-0.08851713687181473,-1.2779486179351807,-1.1977323293685913
Campsomeriella collaris,-0.8965368270874023,-0.825864315032959,0.33629560470581055,0.06323812901973724,-0.3844137489795685,-0.011474121361970901,-0.4336203634738922,-1.1579270362854004
Campsomeris phalerata,0.3512718081474304,1.4464330673217773,0.027804195880889893,-0.809518039226532,0.7878198027610779,0.25556278228759766,-0.6779200434684753,0.14189830422401428
Canis lupus,-0.2011096477508545,-0.08057200908660889,-0.3158763647079468,-1.020642876625061,0.7431589365005493,0.021670669317245483,-0.19019192457199097,1.2480509281158447
Canna indica,-0.2011096477508545,-0.08057200908660889,-0.3158763647079468,-1.020642876625061,0.7431589365005493,0.021670669317245483,-0.19019192457199097,1.2480509281158447
Cantao ocellatus,0.5279184579849243,1.226003885269165,0.58146071434021,-0.6378636360168457,-0.3043064475059509,-0.29585400223731995,-0.5939563512802124,-0.3019949197769165
Capra hircus,0.9323344230651855,-0.5123683214187622,0.16397562623023987,0.2883707284927368,-0.3155209720134735,-0.11226310580968857,-0.8997972011566162,-0.7365065217018127
Caprimulgus jotaka,0.9035786390304565,0.12062773108482361,0.33919310569763184,-0.0560145229101181,-0.1519978791475296,-0.18478137254714966,-1.2739931344985962,-0.7681722640991211
Caprimulgus macrurus,0.534055769443512,1.4436475038528442,0.19881285727024078,-0.8257260322570801,0.5635170340538025,0.052161503583192825,-1.0745148658752441,-0.22223596274852753
Capsicum annuum,-0.10432930290699005,-1.2257789373397827,0.3229673206806183,-0.0872470960021019,-0.9302207231521606,-0.10862487554550171,0.07899875938892365,-1.2757729291915894
Carcharhinus melanopterus,0.21197372674942017,-0.6279032230377197,-0.5001961588859558,-0.8263198137283325,-1.7994803190231323,0.09517306089401245,-0.1097598522901535,-0.49693381786346436
Carex baccans,0.4982377588748932,-0.7413746118545532,0.37718236446380615,-0.10902770608663559,-0.748462438583374,0.6866028904914856,-0.612284779548645,-0.8871454000473022
Carica papaya,-0.6070882678031921,-0.9101191759109497,-0.2551250159740448,0.3362748920917511,0.7288487553596497,-0.2266102284193039,0.686898946762085,0.7318328022956848
Caridina lanceifrons,0.9323344230651855,-0.5123683214187622,0.16397562623023987,0.2883707284927368,-0.3155209720134735,-0.11226310580968857,-0.8997972011566162,-0.7365065217018127
Carlito syrichta,-0.2011096477508545,-0.08057200908660889,-0.3158763647079468,-1.020642876625061,0.7431589365005493,0.021670669317245483,-0.19019192457199097,1.2480509281158447
Carpococcyx viridis,0.9153980016708374,0.4548170566558838,0.8158235549926758,-0.062269680202007294,0.4221222400665283,0.6684640049934387,1.5881059169769287,-0.1046684980392456
Carriola thyridophora,1.5326273441314697,-0.6939266920089722,0.8175722360610962,-0.9435926675796509,-0.12185615301132202,-0.5342327952384949,-0.05410035699605942,0.28229188919067383
Caryanda spuria,-0.6122546195983887,0.8506473302841187,-0.5728902816772461,-0.5724009275436401,-0.7305511236190796,-0.4688202440738678,0.9417918920516968,0.7211704254150391
Cassia fistula,0.511131763458252,0.288166880607605,0.5307526588439941,1.4378063678741455,-0.8754786849021912,-0.43548664450645447,-0.8521559238433838,0.012164697051048279
Castalius rosimon,1.2550249099731445,0.12359993904829025,-0.6643589735031128,0.4675433933734894,-1.3553252220153809,-0.14115223288536072,0.49726372957229614,-0.628521203994751
Casuarina equisetifolia,-0.3744388222694397,1.0298365354537964,-0.11452609300613403,-1.0124311447143555,-1.0855613946914673,-0.3907938003540039,0.3050767779350281,0.8383012413978577
Catacanthus incarnatus,-0.7707031965255737,0.14761215448379517,0.4663822054862976,0.07354943454265594,0.9721497297286987,-0.451638400554657,0.6421964168548584,-0.2322719842195511
Catharanthus roseus,0.5306990146636963,-0.7203871011734009,0.43353331089019775,0.2818869650363922,-0.03966810554265976,-0.6991614103317261,-0.5640664100646973,-1.4034521579742432
Catochrysops strabo,-0.779617190361023,-0.19758117198944092,0.42975854873657227,-0.6661389470100403,-0.2257390320301056,-0.5647796988487244,0.014200342819094658,1.7605335712432861
Catopsilia pomona,1.5657460689544678,-1.1840728521347046,-0.777672290802002,-0.47258374094963074,-0.20053666830062866,0.1328267902135849,-0.22192591428756714,0.0859941765666008
Catopsilia pyranthe,1.5933141708374023,-1.1685402393341064,-0.7464677095413208,-0.5944222211837769,-0.3310244679450989,0.1387351006269455,-0.21019726991653442,0.07312646508216858
Catopsilia scylla,1.5912197828292847,-1.1275047063827515,-0.7513830661773682,-0.5331878066062927,-0.39069104194641113,0.24672794342041016,-0.2085646092891693,0.06074988842010498
Catopyrops ancyra,-0.3200743794441223,0.11091996729373932,0.49614936113357544,-1.9251010417938232,0.5315273404121399,0.1387873888015747,0.09189546853303909,-0.3309609293937683
Caulerpa sertularioides,0.3512718081474304,1.4464330673217773,0.027804195880889893,-0.809518039226532,0.7878198027610779,0.25556278228759766,-0.6779200434684753,0.14189830422401428
Cecropis daurica,1.1097052097320557,-0.8291852474212646,0.4218686819076538,0.4915793538093567,-0.8075351119041443,-0.42401421070098877,-0.5361676216125488,-0.24683696031570435
Celosia argentea,-0.16572031378746033,-0.7452466487884521,-0.5064902305603027,1.2153569459915161,-0.5584564208984375,0.9069092273712158,-0.05040360614657402,0.9022012948989868
Cenchrus echinatus,-0.6012040376663208,0.5930725932121277,-0.5150250196456909,0.21103310585021973,0.45331618189811707,0.4184359312057495,-0.03659038618206978,-1.4681358337402344
Centella asiatica,-0.4517199993133545,-0.2195933610200882,-0.4076117277145386,-0.882448673248291,-0.2346186637878418,-0.4135141968727112,-0.09508030116558075,1.6169402599334717
Centropus bengalensis,0.010239370167255402,-0.10679712146520615,0.5658606886863708,-0.8066069483757019,0.29125216603279114,0.8649259805679321,0.2530193328857422,-0.9232677221298218
Centropus nigrorufus,0.765499472618103,0.4649648666381836,0.9440555572509766,-0.06506669521331787,0.29801326990127563,0.699823260307312,1.5839765071868896,-0.09557996690273285
Centropus sinensis,-1.08664870262146,-0.7503439784049988,-1.074238657951355,-0.2362789511680603,-0.414589524269104,-0.4424743354320526,0.370914101600647,0.2793610095977783
Centropus viridis,0.18780991435050964,-0.40493470430374146,0.6858448386192322,-0.08207667618989944,-0.22035002708435059,0.4878876805305481,1.244567632675171,-0.5678725242614746
Cepora aspasia,-0.4607577323913574,1.1591882705688477,-0.5795941352844238,-0.5795941352844238,-1.0403518676757812,0.0,-0.4607577919960022,1.1591882705688477
Ceratopteris thalictroides,-0.3115116059780121,-1.089234471321106,0.7791966199874878,0.06925704330205917,-0.8627125024795532,-0.4176720678806305,0.6921793818473816,-1.2298799753189087
Ceratosoma tenue,-0.3999093174934387,-0.0521862730383873,-0.7528834939002991,-0.7359185814857483,-0.7118268013000488,-0.37407588958740234,0.09310632944107056,1.5210771560668945
Ceratosoma trilobatum,0.5252644419670105,0.44175732135772705,-0.493887722492218,0.358377069234848,-1.1725939512252808,-0.2743379473686218,-0.08093618601560593,1.5319637060165405
Cerbera odollam,0.8282246589660645,0.28172767162323,-0.9145902395248413,0.9930289387702942,0.3118186295032501,0.05737721547484398,-0.13471950590610504,0.4029683470726013
Ceriagrion auranticum,-0.8880782127380371,-0.4490482807159424,-0.8431577086448669,0.6665149927139282,0.06569602340459824,0.7031689882278442,-0.48533403873443604,-1.2854832410812378
Ceriagrion cerinorubellum,0.4351596236228943,-0.5006805658340454,0.18360260128974915,-0.3357093334197998,0.2046017348766327,-1.2179439067840576,1.3428592681884766,-0.8284859657287598
Ceriops tagal,-0.2276473194360733,0.28283798694610596,0.4382164180278778,-1.1585779190063477,1.0508445501327515,-1.0631251335144043,0.22134093940258026,-0.20443245768547058
Ceryle rudis,0.39431554079055786,-0.18820488452911377,0.045723795890808105,1.2331838607788086,-0.6131757497787476,-0.23524342477321625,-1.3055164813995361,0.5109689235687256
Cerynia albata,0.6947415471076965,-0.36336201429367065,0.17627233266830444,0.3139881491661072,-0.0808098092675209,-0.2608838677406311,-0.9571974277496338,-0.893654465675354
Cethosia cyane,0.5901108384132385,0.7872685194015503,-0.3609575927257538,0.9177380800247192,-0.6227209568023682,0.030689388513565063,-1.1627724170684814,0.7630838751792908
Cethosia hypsea,-0.43904149532318115,0.6530196666717529,0.7382299900054932,-0.8751990795135498,0.7062236070632935,0.6060129404067993,0.8793725967407227,0.7911376953125
Chalciope mygdon,0.3268517851829529,-0.8953849077224731,-0.705132007598877,1.151752233505249,0.4237228035926819,-0.7883049845695496,0.9205740690231323,-0.6142221689224243
Chalcoparia singalensis,0.407219797372818,-0.48628461360931396,-0.0023922547698020935,0.1501602828502655,0.07824303954839706,0.5498774647712708,0.17057693004608154,-1.7789288759231567
Chalcophaps indica,-0.4825976490974426,0.2603767514228821,-0.5040464401245117,1.069137692451477,-1.348177194595337,0.036184221506118774,0.07464714348316193,-0.5991268754005432
Chalcorana chalconota,-0.9818402528762817,-0.38162872195243835,-0.9873352646827698,-0.6665394902229309,-0.008665122091770172,0.6242920756340027,0.28216561675071716,-0.34730541706085205
Chalcorana eschatia,-1.1098785400390625,-0.6896039247512817,-1.0876470804214478,-0.34096798300743103,-0.14462502300739288,0.9013699293136597,0.36069971323013306,-0.9234886169433594
Chalia pulchra,-0.5604016780853271,0.2534489333629608,0.5633598566055298,0.10430918633937836,0.8263137340545654,-0.4976476728916168,0.5306516885757446,-0.6448352932929993
Chalybion bengalense,-0.08093392848968506,1.2802274227142334,0.04174771159887314,-0.9330945014953613,0.5794848203659058,0.14027851819992065,-0.6588566899299622,-0.22374439239501953
Charadrius hiaticula,-0.0961250364780426,-1.1413679122924805,-0.7123119831085205,0.513814389705658,-0.29822322726249695,0.8755225539207458,-0.06772179901599884,0.23137272894382477
Charybdis feriata,-0.16957902908325195,0.9243966937065125,0.6662946939468384,-0.07861001789569855,0.9618782997131348,-0.6243138313293457,0.32306602597236633,-0.7040585875511169
Chassalia curviflora,1.3782289028167725,-0.24909013509750366,0.10741160809993744,-0.6297910809516907,0.8442683219909668,0.2632070779800415,-0.01090972125530243,0.6464507579803467
Cheilomenes sexmaculata,0.6856378316879272,-1.1980400085449219,-0.29355448484420776,0.7088567018508911,-0.48962628841400146,0.6677349209785461,-0.19898156821727753,-0.2902708649635315
Cherax quadricarinatus,-0.5604016780853271,0.2534489333629608,0.5633598566055298,0.10430918633937836,0.8263137340545654,-0.4976476728916168,0.5306516885757446,-0.6448352932929993
Cheritra freja,-0.5084923505783081,0.42280513048171997,-0.90203857421875,-1.631988763809204,0.5817495584487915,0.38827604055404663,-0.4781039357185364,-0.5675394535064697
Chersonesia peraka,-0.6150334477424622,0.7436493635177612,0.7889819145202637,-0.9328001737594604,0.4319864511489868,0.32004597783088684,0.9512203931808472,0.5246282815933228
Chilasa clytia,0.9405838847160339,-0.7588722705841064,0.3821691870689392,0.8927909731864929,-0.9396259784698486,0.7629470825195312,-0.8662583827972412,-0.5278527736663818
Chlidonias hybrida,-0.18757328391075134,-1.1041038036346436,0.2703338861465454,-1.2510136365890503,-0.23231655359268188,0.7428621053695679,-0.8167281150817871,0.582148015499115
Chloeia incerta,0.9323344230651855,-0.5123683214187622,0.16397562623023987,0.2883707284927368,-0.3155209720134735,-0.11226310580968857,-0.8997972011566162,-0.7365065217018127
Chloris barbata,-0.4497501254081726,0.37048110365867615,-1.1241756677627563,-0.10234380513429642,0.1042199432849884,1.0245474576950073,0.2682380974292755,-1.4458019733428955
Chloris monguilloti,1.0084365606307983,-0.07134580612182617,0.3329015076160431,-0.011958491057157516,-0.2545609474182129,-0.06194061413407326,-1.1995010375976562,-0.9130481481552124
Chloropsis hardwickii,-1.3465209007263184,-0.4302838444709778,-0.8058463335037231,-0.23949182033538818,-0.6262414455413818,0.5483124852180481,-0.07594792544841766,-0.7391442656517029
Christella parasitica,0.45041409134864807,-0.563212513923645,0.17544643580913544,0.2669670283794403,-0.16071131825447083,-0.2565856873989105,-0.8664577603340149,-0.2430611401796341
Chromodoris alcalai,-0.0638788491487503,1.1641827821731567,0.528382420539856,-1.0866564512252808,-0.1034674197435379,-0.567139744758606,-0.6101927757263184,1.1679151058197021
Chromodoris annae,0.4128706157207489,0.27180951833724976,-0.8614137172698975,0.15330255031585693,-1.4038431644439697,-0.20582914352416992,-0.12362750619649887,1.052351951599121
Chromodoris lochi,0.37028300762176514,0.8048032522201538,-0.8868224620819092,-0.12256959825754166,-1.2713851928710938,-0.3059655725955963,-0.5478342771530151,0.9729294776916504
Chromodoris magnifica,0.5387393236160278,0.4552181661128998,-0.26055678725242615,0.36760297417640686,-1.1947658061981201,-0.28308695554733276,-0.08356189727783203,1.5586328506469727
Chromodoris willani,0.032197967171669006,1.1907426118850708,0.5102425217628479,-1.051419973373413,-0.03999708592891693,-0.5501338243484497,-0.5940465331077576,1.227703332901001
Chromolaena odorata,-1.0227644443511963,0.5271462202072144,0.8155402541160583,-0.9872940182685852,-0.08501172065734863,-0.877720057964325,-0.6160593628883362,0.02602842077612877
Chrysochroa fulminans,-0.7079437375068665,-0.3179304301738739,-0.3526749014854431,-0.8269480466842651,-0.21029803156852722,-0.4878237247467041,0.6206450462341309,1.4245572090148926
Chrysocolaptes guttacristatus,1.3593993186950684,-0.4310925602912903,1.2747101783752441,0.4232498109340668,-1.0178686380386353,-0.14413252472877502,-0.1886611431837082,-0.04727127403020859
Chrysocoris stollii,0.825497031211853,0.736397385597229,0.4269927740097046,-0.1246325895190239,-0.34744006395339966,-0.5773167610168457,-1.1077090501785278,-0.3371886610984802
Chrysodema dalmanni,-0.7759424448013306,-0.974707305431366,0.2786104679107666,-0.35445916652679443,0.48056143522262573,-0.26148295402526855,1.5170869827270508,0.4881269037723541
Chrysomma sinense,-0.30608513951301575,-0.4445667862892151,-0.5095173120498657,0.23167173564434052,0.41147834062576294,0.7039191722869873,-0.2658848762512207,-0.25890180468559265
Chrysso scintillans,-0.10465651750564575,0.30768439173698425,0.553710401058197,0.21353213489055634,0.6142638921737671,0.42103761434555054,1.3066439628601074,-0.7669168710708618
Cicindela aurulenta,0.3272111415863037,1.1238343715667725,1.3510150909423828,-0.3078362047672272,0.4351673126220703,-0.5855327844619751,-0.14846736192703247,0.22893022000789642
Cigaritis lohita,-0.7621252536773682,-0.07758203148841858,0.3035678267478943,-0.766468346118927,-0.4348776340484619,-0.6670747399330139,0.014455544762313366,1.736312747001648
Cinnyris jugularis,0.17840524017810822,-1.1590561866760254,-0.10673077404499054,0.022636577486991882,-0.013241151347756386,0.24820882081985474,-0.7247786521911621,-1.56040620803833
Circus melanoleucos,0.6754801273345947,0.9725745916366577,-0.8925509452819824,0.1660720407962799,-0.026440802961587906,-1.094694972038269,0.7325826287269592,0.899890661239624
Circus spilonotus,0.5344493389129639,1.1591148376464844,-0.9050287008285522,0.13925263285636902,0.14749492704868317,-0.9448243379592896,0.7671928405761719,0.921043872833252
Cirrochroa orissa,-0.6150334477424622,0.7436493635177612,0.7889819145202637,-0.9328001737594604,0.4319864511489868,0.32004597783088684,0.9512203931808472,0.5246282815933228
Cisticola juncidis,0.7532203197479248,-0.4915003776550293,-0.5042389631271362,0.37315791845321655,0.6245952844619751,-0.2039034366607666,0.9253580570220947,1.4213287830352783
Citripestis sagittiferella,0.9323344230651855,-0.5123683214187622,0.16397562623023987,0.2883707284927368,-0.3155209720134735,-0.11226310580968857,-0.8997972011566162,-0.7365065217018127
Clamator coromandus,-0.2861941158771515,-0.24961835145950317,0.17760999500751495,-0.6829277276992798,0.314777672290802,0.5747749209403992,0.2199350893497467,-0.9553898572921753
Clausena excavata,0.3512718081474304,1.4464330673217773,0.027804195880889893,-0.809518039226532,0.7878198027610779,0.25556278228759766,-0.6779200434684753,0.14189830422401428
Clavelina robusta,-0.2011096477508545,-0.08057200908660889,-0.3158763647079468,-1.020642876625061,0.7431589365005493,0.021670669317245483,-0.19019192457199097,1.2480509281158447
Clerodendrum japonicum,-0.754658043384552,-0.5619781017303467,-0.2807636857032776,-0.6482261419296265,-0.682449221611023,1.1445660591125488,1.156247615814209,-0.1332194209098816
Clerodendrum thomsoniae,-0.8292702436447144,-0.5262249708175659,-0.015343476086854935,-0.3989497423171997,-0.3207329213619232,0.8968538045883179,1.447540283203125,-0.4441748261451721
Clitoria ternatea,1.189875841140747,-0.5941454172134399,0.23776155710220337,1.1129584312438965,-1.1242233514785767,0.016041386872529984,-0.4974653720855713,-0.23498734831809998
Clogmia albipunctatus,-0.32324326038360596,0.012382850050926208,0.11379660665988922,-0.47550639510154724,0.8127868175506592,1.767136573791504,-0.4648703336715698,0.31345778703689575
Cnaphalocrocis trebiusalis,0.0013641617260873318,0.014553941786289215,-1.4827494621276855,0.01172648649662733,-0.6942330598831177,1.1795628070831299,-0.8937138319015503,0.23917946219444275
Cnesteboda celligera,-0.8806273937225342,1.2319836616516113,-0.46236059069633484,0.3147730529308319,-0.042293399572372437,0.12365235388278961,-0.02642597258090973,-0.7978273630142212
Coccinella transversalis,0.4805861711502075,-1.1449518203735352,-0.49811387062072754,0.7200309038162231,0.19870895147323608,0.5781556367874146,-0.1424001008272171,-0.6753416061401367
Coccinia grandis,-0.10254767537117004,-0.6351897716522217,0.40632206201553345,-1.3980437517166138,-0.3810000717639923,0.5499812364578247,-0.8278506994247437,0.8285218477249146
Cocos nucifera,-0.13852451741695404,-0.20822367072105408,1.1957544088363647,-0.01139923557639122,0.35260993242263794,-1.0928915739059448,0.22831706702709198,1.2979602813720703
Codiaeum variegatum,0.9144209623336792,-0.3981595039367676,0.24669530987739563,-0.9288457632064819,-1.3761646747589111,-0.46162858605384827,0.19610056281089783,0.6404047012329102
Coeliccia chromothorax,1.213749885559082,-0.08499762415885925,-0.11635469645261765,-0.010876160115003586,-0.8238283395767212,-0.7978370189666748,1.076883316040039,0.014149140566587448
Coeliccia membranipes,1.7693239450454712,-0.5333361625671387,-1.1794118881225586,-0.11855235695838928,-0.011796717531979084,0.04413092881441116,0.15548284351825714,0.2944410741329193
Coeliccia poungyi,1.4149179458618164,-0.2737560272216797,-0.49612775444984436,-0.010890677571296692,-0.8342724442481995,-0.617098867893219,0.8984552621841431,0.01403978280723095
Coelogyne candoonensis,1.2328118085861206,-0.6526917219161987,-0.011674825102090836,-0.03499066084623337,1.3987228870391846,-0.5499845743179321,0.6684426665306091,0.18076947331428528
Coelophora inaequalis,-0.5054506063461304,0.3476846516132355,0.4231531620025635,1.3622164726257324,-0.24315929412841797,-0.005081530660390854,-1.3163659572601318,-0.22768232226371765
Coenobita brevimanus,0.057037174701690674,0.21887031197547913,0.5471101999282837,-0.4109419584274292,0.20341716706752777,-0.364152193069458,-0.6836950778961182,0.7336618900299072
Coenobita violascens,-1.3618829250335693,-0.25163644552230835,0.06402230262756348,0.320650577545166,0.722176194190979,-0.07556334882974625,-1.0324084758758545,-0.06234098970890045
Coix lacryma-jobi,-0.8258247375488281,0.7412363886833191,0.45082318782806396,-0.28442203998565674,-0.18397429585456848,-0.25106847286224365,0.03719519078731537,-1.3567512035369873
Collocalia linchi,-0.5139034986495972,0.12057015299797058,-0.5708882212638855,-1.0093598365783691,-0.366117924451828,-0.5654387474060059,0.2124788910150528,1.4481103420257568
Colocasia esculenta,1.0115127563476562,-0.24937887489795685,-1.2415449619293213,0.14568468928337097,-0.40963998436927795,-0.21089650690555573,-0.03109133616089821,-0.7296347618103027
Colochirus quadrangularis,0.6896899938583374,0.10739322006702423,0.8931488394737244,-0.2578883469104767,0.4222753643989563,-0.722420871257782,0.2518590986728668,0.5820246934890747
Colpodaspis thompsoni,0.45421934127807617,-0.48258650302886963,0.26527953147888184,0.9271668791770935,1.4867944717407227,0.76039057970047,0.4538347125053406,-0.26840388774871826
Columba livia,0.766734778881073,-0.5291397571563721,0.8406174182891846,0.12517789006233215,-1.587648868560791,-0.40808820724487305,-0.24546284973621368,-0.008976086974143982
Condica illecta,0.3232964277267456,1.0088125467300415,-0.15398553013801575,-1.0195398330688477,0.7018052339553833,-0.4958246350288391,-0.12443196773529053,0.25330331921577454
Conocephalus melaenus,0.8629012703895569,0.34402167797088623,-0.8099558353424072,0.46813854575157166,0.11451838910579681,0.8206664323806763,-1.0581395626068115,0.49796146154403687
Conus striolatus,-0.2011096477508545,-0.08057200908660889,-0.3158763647079468,-1.020642876625061,0.7431589365005493,0.021670669317245483,-0.19019192457199097,1.2480509281158447
Copera marginipes,1.3961584568023682,-0.46055251359939575,-1.3557015657424927,0.17440249025821686,0.38853737711906433,0.38800668716430664,0.005418606102466583,0.24438875913619995
Copera vittata,1.62483811378479,-0.3930205702781677,-0.9414911866188049,0.16582970321178436,0.24525631964206696,0.4927949607372284,-0.36434051394462585,-0.06378314644098282
Coprinellus disseminatus,-0.5604016780853271,0.2534489333629608,0.5633598566055298,0.10430918633937836,0.8263137340545654,-0.4976476728916168,0.5306516885757446,-0.6448352932929993
Copsychus malabaricus,0.1922251582145691,-1.0309464931488037,-1.5347874164581299,-0.9353259801864624,0.35402989387512207,-0.2685313820838928,-0.37534773349761963,0.2664164900779724
Copsychus saularis,-0.1721889078617096,-0.3971332907676697,-0.5663609504699707,1.6508996486663818,-0.5100456476211548,0.47871869802474976,-0.6016821265220642,0.26874661445617676
Coracias affinis,-0.2635596990585327,-1.0833818912506104,-0.49186789989471436,-0.7868373394012451,-0.153133824467659,0.8547049760818481,0.11824269592761993,-1.1042895317077637
Coriandrum sativum,-0.031801700592041016,-0.651450514793396,-0.2631531357765198,0.7105448246002197,-0.5105201005935669,0.5869928002357483,0.7305426597595215,0.8653813600540161
Corvus macrorhynchos,1.268235445022583,-0.28456705808639526,-0.14115509390830994,1.095519781112671,-0.1773051619529724,0.79649817943573,-0.5317498445510864,0.9639159440994263
Corvus splendens,1.3445937633514404,-0.08590032160282135,0.9353115558624268,-0.12381374090909958,0.532240629196167,0.20487883687019348,-0.10687708109617233,0.7307921051979065
Corypha utan,-1.076853632926941,-0.06069718301296234,-0.3664553761482239,-1.0197422504425049,-0.12431247532367706,0.49859124422073364,0.3107517957687378,0.9591186046600342
Coryphellina aurora,-1.3465209007263184,-0.4302838444709778,-0.8058463335037231,-0.23949182033538818,-0.6262414455413818,0.5483124852180481,-0.07594792544841766,-0.7391442656517029
Cosmolestes picticeps,0.2225082963705063,-0.4354274868965149,1.0474567413330078,-0.274635910987854,1.0800174474716187,-0.13234707713127136,0.23786595463752747,0.30212733149528503
Cosmophasis lami,1.00608229637146,-0.5421797037124634,-0.22944535315036774,0.20891663432121277,-0.7576260566711426,1.1915454864501953,0.48817920684814453,0.8419746160507202
Cosmophasis thalassina,0.5127236843109131,-0.18067309260368347,-0.27691027522087097,1.1092971563339233,-0.5858791470527649,-0.15149681270122528,0.8165760636329651,-0.9050464630126953
Cosmos bipinnatus,-1.4475767612457275,0.6235265731811523,0.4780789613723755,0.11397268623113632,0.1784851849079132,-0.36131665110588074,-0.24586397409439087,0.47107768058776855
Cosmos sulphureus,-1.0408949851989746,1.1651010513305664,0.03643035888671875,-1.0544148683547974,0.13330033421516418,-0.7400392293930054,-0.9071901440620422,-0.04705525189638138
Cosmoscarta abdominalis,0.9323344230651855,-0.5123683214187622,0.16397562623023987,0.2883707284927368,-0.3155209720134735,-0.11226310580968857,-0.8997972011566162,-0.7365065217018127
Costus woodsonii,-0.8594961166381836,0.3247172236442566,0.42682385444641113,-0.001255422830581665,0.8558554649353027,-0.7913568019866943,0.3919973373413086,-0.2650214433670044
Crassocephalum crepidioides,-1.4000236988067627,0.0049618687480688095,0.25898098945617676,-0.08677691221237183,0.09616003930568695,0.5042146444320679,1.1343019008636475,0.968707799911499
Cratilla lineata,-0.581518292427063,1.2338895797729492,0.966041624546051,-0.7505300045013428,0.874840497970581,0.7518572211265564,-0.12607543170452118,0.01580437272787094
Cratilla metallica,1.3659156560897827,-0.5497451424598694,1.3507524728775024,0.17759893834590912,0.1855720579624176,0.5813581347465515,0.3658224046230316,0.0702233538031578
Creatonotos gangis,-0.3763667941093445,-1.8390710353851318,-0.08413203060626984,0.8422974944114685,0.5486421585083008,0.004271950572729111,0.5158976316452026,-0.21168892085552216
Creatonotos transiens,1.6703962087631226,-0.20712104439735413,-0.21925902366638184,0.5267459154129028,0.13772758841514587,-0.16738584637641907,-0.6502596735954285,0.4333587884902954
Creobroter gemmatus,0.38966333866119385,-0.5242193937301636,-0.10585995018482208,0.28382769227027893,-0.8079192042350769,-0.187134250998497,-0.8656613826751709,-0.8857023119926453
Crepidium koordersii,-0.19091202318668365,0.2602361738681793,-0.8637582063674927,-1.0263913869857788,0.2527289390563965,-0.8049538135528564,-0.007846210151910782,1.3661880493164062
Crepidotus boninensis,-0.5604016780853271,0.2534489333629608,0.5633598566055298,0.10430918633937836,0.8263137340545654,-0.4976476728916168,0.5306516885757446,-0.6448352932929993
Crescentia cujete,-0.1420428454875946,0.34942862391471863,-0.2844729423522949,-1.0927436351776123,-0.5314702987670898,-0.5295368432998657,-0.006500691175460815,1.3903110027313232
Crinum asiaticum,-0.9115820527076721,-0.41088390350341797,-0.7137044668197632,-0.7791274189949036,-0.25456878542900085,0.37736621499061584,0.8584917783737183,0.6449388861656189
Crithagra atrogularis,0.5611266493797302,1.3118165731430054,0.2184387445449829,-0.8247364163398743,0.49998795986175537,0.1738625019788742,-1.1410140991210938,-0.3706212639808655
Crocothemis servilia,0.06424326449632645,-0.265700101852417,-0.09296157956123352,-0.15297113358974457,0.9134137630462646,0.43678659200668335,1.0085927248001099,-0.7209377884864807
Crossopriza lyoni,-1.2263550758361816,-0.06901653856039047,-0.6741514205932617,-0.3723747134208679,-0.6229023337364197,0.08463241904973984,-0.878557562828064,0.040923625230789185
Cryptotympana acuta,-0.4443776607513428,0.20157653093338013,-0.6293081045150757,-1.1019335985183716,-0.2587951421737671,-0.45798492431640625,0.24096029996871948,1.464756727218628
Ctenolepisma calvum,0.9323344230651855,-0.5123683214187622,0.16397562623023987,0.2883707284927368,-0.3155209720134735,-0.11226310580968857,-0.8997972011566162,-0.7365065217018127
Cuculus sparverioides,-0.17655755579471588,-1.3579001426696777,0.3342951536178589,0.5068247318267822,-0.7421591281890869,0.08856944739818573,0.10719230026006699,0.029220521450042725
Cucumis melo,-0.39114031195640564,0.04813554883003235,-0.11214718222618103,-1.3174644708633423,-0.4407767057418823,-0.13330431282520294,-0.06750200688838959,1.297546625137329
Culcita novaeguineae,-0.581760823726654,0.24617800116539001,-0.112347811460495,-0.1742255985736847,1.173431396484375,-0.2270299196243286,0.14268629252910614,-0.33314499258995056
Culicicapa ceylonensis,-1.5063320398330688,-0.22273412346839905,-0.5959571003913879,-0.38095414638519287,-0.576619565486908,0.4572666883468628,-0.01051679253578186,-0.3460371494293213
Culicicapa helianthea,-0.9820113182067871,0.06103653833270073,-0.39100655913352966,-0.9730757474899292,0.22148430347442627,0.23788674175739288,-0.10941106081008911,1.0875635147094727
Cupha erymanthis,0.0030798688530921936,-0.1278049647808075,0.966903805732727,-0.7903064489364624,1.0531163215637207,-0.025739438831806183,-0.1932808756828308,1.364037275314331
Cuphea hyssopifolia,-0.5012494325637817,1.5334889888763428,0.0049303737469017506,-1.1259135007858276,-0.49470144510269165,-0.5103706121444702,0.585070013999939,-0.47262975573539734
Curbia martiata,-0.3924511969089508,0.9557274580001831,0.3319573402404785,-0.28495317697525024,0.10157322883605957,-0.4300861656665802,0.1645442247390747,0.3989383578300476
Cyana pudens,1.5645596981048584,-0.7228318452835083,0.663851261138916,-0.7892860174179077,-0.17858156561851501,-0.6734752058982849,-0.09469208121299744,0.47086024284362793
Cyanthillium cinereum,-0.5809842348098755,0.4146079123020172,1.2199440002441406,-0.21951396763324738,-0.570336103439331,-0.5484448671340942,0.7420401573181152,1.1850969791412354
Cyclosa bulla,1.1246469020843506,1.1868209838867188,-0.7437372803688049,0.027310654520988464,1.013214349746704,-0.7262719869613647,-0.055579155683517456,-0.3838999271392822
Cyclosa insulana,1.229658842086792,1.0123131275177002,-0.7766664624214172,0.03065367043018341,0.9525992274284363,-0.8464170098304749,-0.06798508763313293,-0.3295042812824249
Cyclosia panthona,-1.36634361743927,-0.4172961711883545,-0.8028388619422913,-0.37369412183761597,-0.4687596559524536,0.9615947008132935,-0.059678975492715836,-0.4620567560195923
Cyclosia papilionaris,0.09357821196317673,-1.0504958629608154,0.19122202694416046,0.018481355160474777,-0.25132399797439575,1.5920029878616333,-0.774429202079773,0.21069562435150146
Cyclosorus interruptus,-0.5512089133262634,-0.2096661627292633,-0.31541627645492554,-0.8485037088394165,0.5186852812767029,0.15052492916584015,-0.4671716094017029,1.1952639818191528
Cylindrolobus truncatus,0.6099685430526733,1.253364086151123,-0.30854931473731995,-0.1805715560913086,0.5488446950912476,0.6433954834938049,0.6433955430984497,-1.339384913444519
Cymbirhynchus macrorhynchos,-0.5604016780853271,0.2534489333629608,0.5633598566055298,0.10430918633937836,0.8263137340545654,-0.4976476728916168,0.5306516885757446,-0.6448352932929993
Cymbopogon citratus,-0.5897548198699951,0.5580110549926758,-0.6827820539474487,0.16361133754253387,0.4046946167945862,0.41117310523986816,0.36524704098701477,-1.4194461107254028
Cynopterus brachyotis,-0.03247842937707901,-0.02609461545944214,1.0805995464324951,-0.12411262094974518,1.1979442834854126,-0.1716305911540985,-0.7351543307304382,0.4436725378036499
Cyperus brevifolius,-0.21981000900268555,-0.06999874114990234,-0.4023793935775757,-0.7997438311576843,-1.0821740627288818,0.7380224466323853,0.21641093492507935,0.041726529598236084
Cyperus mindorensis,0.4714207649230957,0.007914967834949493,-0.9283760786056519,-0.2715354561805725,-1.2795888185501099,0.6084057688713074,-0.15415602922439575,-0.226297065615654
Cypsiurus balasiensis,-0.1639619767665863,-0.13144518435001373,-1.0098545551300049,-1.1716399192810059,0.1841294914484024,0.7429770231246948,-0.7529643774032593,1.068291425704956
Cyrestis themire,-0.6150334477424622,0.7436493635177612,0.7889819145202637,-0.9328001737594604,0.4319864511489868,0.32004597783088684,0.9512203931808472,0.5246282815933228
Cyrestis thyodamas,0.30955106019973755,0.9494028091430664,-0.3669607937335968,0.9372187852859497,-0.7790086269378662,0.02350546419620514,-0.8931394815444946,0.773577868938446
Cyrtophora cylindroides,1.4991750717163086,-0.6237492561340332,-0.5857282280921936,0.11414319276809692,0.8519366979598999,0.2846421003341675,-0.4979309141635895,0.7494058012962341
Cyrtophora moluccensis,1.5010006427764893,0.1496461033821106,-0.883681058883667,0.1707538664340973,0.886500358581543,0.039208654314279556,-0.4369826018810272,0.14439117908477783
Cyrtophora unicolor,1.410893201828003,0.2498825043439865,-0.344766229391098,-0.11996909976005554,1.0166559219360352,0.6920682787895203,-0.5985346436500549,0.9115066528320312
Cytaea oreophila,0.6617557406425476,0.023143092170357704,0.9072529673576355,1.2374950647354126,-1.1247246265411377,-0.4815292954444885,0.5631825923919678,0.5605137348175049
Dacrycarpus imbricatus,0.9323344230651855,-0.5123683214187622,0.16397562623023987,0.2883707284927368,-0.3155209720134735,-0.11226310580968857,-0.8997972011566162,-0.7365065217018127
Dacrymyces spathularius,0.9323344230651855,-0.5123683214187622,0.16397562623023987,0.2883707284927368,-0.3155209720134735,-0.11226310580968857,-0.8997972011566162,-0.7365065217018127
Danaus chrysippus,1.7001088857650757,-0.41369420289993286,-0.06094448268413544,-0.20882990956306458,-0.9554557800292969,-0.473283976316452,0.4174119234085083,0.3054221272468567
Danaus genutia,0.5077612400054932,0.8763768672943115,-0.4115046262741089,-0.9552984237670898,0.4140080511569977,0.683110237121582,-0.8117057085037231,-0.9832608699798584
Danaus melanippus,-1.0474892854690552,-1.0474892854690552,1.0474892854690552,0.8128723502159119,0.0,-0.8128724694252014,0.0,0.0
Daphnis hypothous,0.2550942599773407,0.3721400499343872,1.0416514873504639,-1.05531907081604,0.9989970922470093,0.9944141507148743,0.01338048093020916,0.08249172568321228
Daphnis nerii,0.8059924840927124,-0.5130550861358643,0.6468161344528198,-0.44972968101501465,0.24356725811958313,1.357224702835083,0.15890222787857056,-0.9130890965461731
Dardanus sanguinolentus,-0.5604016780853271,0.2534489333629608,0.5633598566055298,0.10430918633937836,0.8263137340545654,-0.4976476728916168,0.5306516885757446,-0.6448352932929993
Darpa striata,-1.3437843322753906,0.1695401668548584,-0.06890251487493515,1.3956328630447388,-0.15830835700035095,0.6653283834457397,0.07587709277868271,0.8302693367004395
Dasycaris zanzibarica,-0.6559882164001465,0.6052757501602173,-0.023718394339084625,-1.3596327304840088,0.7558990120887756,-0.3770190477371216,0.12059898674488068,0.8858190774917603
Dasychira chekiangensis,0.5036482214927673,-0.7926182150840759,-0.7781535983085632,1.169668197631836,0.5089657306671143,-0.6788545846939087,0.978574275970459,-0.4566066861152649
Debregeasia squamata,0.9323344230651855,-0.5123683214187622,0.16397562623023987,0.2883707284927368,-0.3155209720134735,-0.11226310580968857,-0.8997972011566162,-0.7365065217018127
Delias agostina,1.1214368343353271,-1.1526334285736084,0.23098841309547424,-0.15816344320774078,0.3258427679538727,-0.6471861004829407,-1.1884546279907227,-0.3033503293991089
Delias descombesi,1.2394111156463623,-1.0920028686523438,0.03385964781045914,-0.15266487002372742,0.4897167384624481,-0.6107317209243774,-1.130351185798645,-0.2881337106227875
Delias henningia,-0.5795941352844238,1.0403517484664917,-0.4607577323913574,-0.4607577919960022,-1.1591882705688477,0.0,-0.5795941352844238,1.1591882705688477
Delias hyparete,0.9309979677200317,-0.9735391139984131,0.4923331141471863,-0.5261442065238953,-0.5842146873474121,-0.34648051857948303,-1.054818868637085,-0.5464730262756348
Delonix regia,-0.6237499713897705,-0.089710533618927,0.822425127029419,0.5832394957542419,-0.65761399269104,-1.699229121208191,-0.17416992783546448,-0.009149369783699512
Delta campaniforme,0.2587561309337616,0.5504358410835266,0.08839519321918488,-1.1095179319381714,0.4703110158443451,-0.5416560769081116,-0.3755314350128174,1.3810906410217285
Delta pyriforme,0.919867753982544,0.7567459940910339,0.015393659472465515,-0.0060669840313494205,0.7219042778015137,-0.9887125492095947,-0.9876517653465271,0.469955176115036
Dendrobium crumenatum,0.45635899901390076,0.23909644782543182,-0.2339714765548706,-1.1174150705337524,0.5771521329879761,-1.1767542362213135,0.06346221268177032,1.0189341306686401
Dendrocitta occipitalis,-0.47211092710494995,-0.05147358775138855,-0.44826191663742065,-0.8533840179443359,-0.40387552976608276,-0.4011501669883728,0.1893155723810196,1.4232317209243774
Dendrocopos analis,1.208364725112915,-0.4452648460865021,1.1911427974700928,0.5278580784797668,-1.157156229019165,-0.19394008815288544,-0.3447153568267822,-0.11160863935947418
Dendrocygna arcuata,0.06587328016757965,-0.7236226201057434,-0.8687290549278259,0.4690433144569397,-1.101282000541687,0.216265007853508,0.9080380201339722,-0.04508931189775467
Dendrocygna javanica,1.0991319417953491,0.09472858905792236,1.3720581531524658,-0.018507007509469986,0.40187349915504456,-1.1930389404296875,-0.02017601579427719,-0.3949968218803406
Dentiovula dorsuosa,-0.2011096477508545,-0.08057200908660889,-0.3158763647079468,-1.020642876625061,0.7431589365005493,0.021670669317245483,-0.19019192457199097,1.2480509281158447
Derris trifoliata,-0.40237414836883545,-0.3094068765640259,0.8352335691452026,0.7058233022689819,-0.6637006998062134,-1.7023124694824219,-0.1871538758277893,-0.01398229319602251
Deudorix epijarbas,1.2012293338775635,0.1531471163034439,-0.6090413331985474,0.386077880859375,-1.412895917892456,-0.3608463406562805,0.5212612748146057,-0.582886815071106
Dicaeum australe,-1.0044796466827393,-0.6904811859130859,-0.4341602921485901,-0.37380945682525635,0.9065859317779541,-0.10892727971076965,0.2205718755722046,0.2665819227695465
Dicaeum cruentatum,0.6476348638534546,-0.3775528371334076,1.327017903327942,0.10270833969116211,0.6173354387283325,-0.7012232542037964,-0.0009505525231361389,-1.005072832107544
Dicaeum ignipectus,-0.09346919506788254,-0.728941798210144,-0.0299379825592041,0.8673542737960815,0.7294548749923706,-0.5919305682182312,0.20273186266422272,-0.9252640008926392
Dicaeum trigonostigma,-0.35240235924720764,-0.7066565155982971,0.26999619603157043,0.5569939613342285,0.8489463329315186,0.09817253053188324,0.53482985496521,-1.1947951316833496
Dicaeum trochileum,-0.7573479413986206,0.034929871559143066,-0.5865209102630615,-0.890095055103302,-0.10960399359464645,-0.5377508401870728,0.33449459075927734,1.1600940227508545
Dicranopteris linearis,0.9323344230651855,-0.5123683214187622,0.16397562623023987,0.2883707284927368,-0.3155209720134735,-0.11226310580968857,-0.8997972011566162,-0.7365065217018127
Dicrurus annectens,0.05894343554973602,-0.22142894566059113,-0.08244853466749191,-0.8364454507827759,1.1744552850723267,-0.23164628446102142,0.5079889893531799,-0.8492109775543213
Dicrurus balicassius,-0.7748188972473145,-0.22059643268585205,-0.16091573238372803,-1.3042325973510742,0.7105937600135803,0.4596731662750244,-0.6412714719772339,-0.1665547490119934
Dicrurus hottentottus,-0.5220329761505127,-0.6345880031585693,-0.7844632267951965,-0.5391473174095154,0.38177141547203064,-0.08876180648803711,-0.5193641781806946,-0.5426905155181885
Dicrurus leucophaeus,0.2859787940979004,-0.3496103286743164,-0.4049023389816284,0.6362242698669434,0.35690605640411377,-0.2553299069404602,-0.318314790725708,0.7698430418968201
Dicrurus macrocercus,-0.42324337363243103,-0.4409053325653076,-0.5026959180831909,-0.306660532951355,0.3720507323741913,-0.5115830898284912,-0.8718950748443604,-0.3820992112159729
Dicrurus palawanensis,-0.42455264925956726,-0.5432077050209045,-0.15856602787971497,-1.2638096809387207,1.0133064985275269,0.11909358203411102,-0.2955513894557953,-0.49128496646881104
Dicrurus paradiseus,0.585095226764679,-1.0582034587860107,-0.15720175206661224,-1.1838797330856323,0.517498254776001,1.0346580743789673,0.34904083609580994,-0.4938468337059021
Didymoplexis pallens,-0.005241135135293007,0.4830070734024048,-0.29610690474510193,-1.20978581905365,0.20372894406318665,-1.2906956672668457,-0.17787931859493256,1.1810448169708252
Dillenia suffruticosa,-0.12091658264398575,0.749767541885376,0.12428048998117447,-1.4244489669799805,1.1135610342025757,-0.6702882051467896,0.39221301674842834,-0.37728360295295715
Dinopium javanense,1.3008973598480225,-0.5024176239967346,1.307523488998413,0.4876769483089447,-0.9129606485366821,-0.021585676819086075,-0.2002360075712204,-0.14649026095867157
Dioscorea bulbifera,-0.5604016780853271,0.2534489333629608,0.5633598566055298,0.10430918633937836,0.8263137340545654,-0.4976476728916168,0.5306516885757446,-0.6448352932929993
Diplacodes trivialis,0.2994687557220459,-1.4932358264923096,-0.07275380939245224,0.04030545800924301,1.1106189489364624,0.9714596271514893,-0.033695001155138016,-0.3556478023529053
Dipteris conjugata,0.16015928983688354,-0.636526882648468,-0.4437415301799774,-0.6329911947250366,-1.676386833190918,-0.0043366774916648865,-0.27426791191101074,-0.7659143805503845
Dodonaea viscosa,0.48083609342575073,-0.18695315718650818,0.056428536772727966,0.2601032257080078,-0.5324707627296448,-0.25863638520240784,-0.5796229243278503,-0.572485625743866
Doleschallia bisaltide,1.6249785423278809,0.3571835160255432,0.08357582986354828,-0.13574868440628052,-0.9699764251708984,-0.24634087085723877,0.7683465480804443,0.2133527547121048
Doxander vittatus,1.408614993095398,-0.38809308409690857,0.2353934794664383,0.6462594270706177,0.007645368576049805,-0.1943516731262207,-0.49492815136909485,-0.4303567111492157
Dracaena fragrans,-0.30606430768966675,-0.2764764130115509,-0.08471603691577911,0.660704493522644,-1.5436151027679443,0.40518468618392944,-0.1969241201877594,-0.8742510080337524
Dracaena reflexa,-0.44035738706588745,-0.22632457315921783,-0.16599328815937042,-0.028808414936065674,-1.2905961275100708,-0.12317612767219543,-0.2462920993566513,-0.5763153433799744
Dremomys rufigenis,-0.950957715511322,0.4403076469898224,0.44943779706954956,-1.2483829259872437,0.7767093181610107,0.3197530210018158,0.3353438079357147,0.8683696985244751
Drupadia ravindra,-0.40360307693481445,0.4205554127693176,-0.9060971736907959,-1.6547737121582031,0.6096372604370117,0.23903432488441467,-0.4638815224170685,-0.6303637027740479
Dryas iulia,0.1554679423570633,0.02362029254436493,0.8252457976341248,-0.7959597110748291,1.0602980852127075,-0.026106391102075577,-0.19550174474716187,1.526715636253357
Ducula badia,-0.6749128699302673,0.2287055402994156,-0.9641745090484619,1.0277208089828491,-1.086194634437561,-0.10315170884132385,-0.012480050325393677,-0.8117763996124268
Ducula bicolor,0.06024714559316635,0.38170677423477173,-1.5303969383239746,-0.39861294627189636,0.434234619140625,-0.3790176212787628,0.29286229610443115,-0.22295334935188293
Dundubia vaginata,-0.3144036531448364,0.038589514791965485,-0.5483721494674683,-1.13558030128479,0.4642561972141266,0.03721332550048828,-0.037133533507585526,1.50324285030365
Duranta erecta,0.052327170968055725,-0.3260462284088135,-0.20556586980819702,-0.6419946551322937,0.6607531309127808,-0.5313097834587097,-0.5134313106536865,0.13629275560379028
Duttaphrynus melanostictus,0.1992725282907486,0.5525383949279785,1.0781817436218262,0.5050707459449768,-0.2091212421655655,-1.235155463218689,-0.41480517387390137,0.6782634258270264
Dysdercus cingulatus,0.44735318422317505,0.11999699473381042,0.2169582098722458,-0.10579845309257507,1.4126039743423462,-0.971757173538208,0.5159691572189331,-0.4548039138317108
Dysdercus decussatus,0.9305033683776855,0.7696635127067566,-0.11939059942960739,-0.633673906326294,1.128076195716858,-0.45348915457725525,-0.2668580412864685,-0.11316373944282532
Dysdercus poecilus,0.7294929623603821,-0.12019334733486176,-0.5072552561759949,-0.6863653659820557,1.3676903247833252,-0.8172454833984375,0.0975625142455101,0.42583680152893066
Echinaster luzonicus,-0.26733458042144775,-0.3398876190185547,0.09499084949493408,0.4900646507740021,-1.5419063568115234,0.14122474193572998,0.02414100244641304,-1.2662930488586426
Echinometra mathaei,-0.05272066593170166,-0.11090302467346191,-0.1357087939977646,-0.9002531170845032,0.7582082748413086,0.0054724812507629395,-0.07798220217227936,1.271820306777954
Echinothrix calamaris,-0.429338663816452,-0.026760511100292206,-0.9467219114303589,-0.5364683866500854,0.3507862687110901,0.9713457822799683,-0.038655105978250504,0.8530558347702026
Echinothrix diadema,-0.7652146816253662,-0.021553974598646164,-0.3892916440963745,-0.8411141037940979,0.2790161967277527,0.425826758146286,-0.030815312638878822,1.108203649520874
Eclipta prostrata,-1.1353120803833008,1.0386509895324707,0.03642067313194275,-1.036508560180664,0.02476632222533226,-0.6225751042366028,-1.0043243169784546,-0.04522956162691116
Egretta eulophotes,0.6786853075027466,0.6270447969436646,0.616803765296936,0.45973408222198486,-0.7730134725570679,0.032970741391181946,0.45935869216918945,0.8663955926895142
Egretta garzetta,0.8640964031219482,-0.11203183233737946,1.3756263256072998,-0.3302808701992035,-0.6331340074539185,0.6904747486114502,-0.5200252532958984,-0.8786017894744873
Egretta intermedia,0.8628741502761841,-0.2784569561481476,0.34758976101875305,-0.25720444321632385,-0.5252170562744141,1.2479074001312256,0.289124071598053,0.582277238368988
Egretta sacra,1.0702415704727173,-0.23446866869926453,1.2663547992706299,-0.4850589632987976,-0.3104022741317749,0.8669052720069885,-0.433793842792511,-0.6511380672454834
Ehretia microphylla,-0.2011096477508545,-0.08057200908660889,-0.3158763647079468,-1.020642876625061,0.7431589365005493,0.021670669317245483,-0.19019192457199097,1.2480509281158447
Elanus caeruleus,1.2157740592956543,0.668277382850647,-0.329108327627182,0.5773400068283081,0.3423156142234802,-0.967736542224884,-0.061519771814346313,0.43606820702552795
Elattoneura analis,1.428992748260498,-0.6280946135520935,-1.0049424171447754,0.04058182239532471,0.5327916145324707,0.869841992855072,0.11348170787096024,0.08927619457244873
Elephantopus mollis,-1.676142930984497,-0.011078231036663055,0.02059216797351837,0.43880313634872437,0.39600634574890137,0.7881097197532654,0.6614751815795898,0.8790393471717834
Elephantopus scaber,-0.5406202077865601,1.0086414813995361,0.011661211960017681,-0.7237744331359863,0.44739991426467896,-0.9278349876403809,-0.6931596398353577,0.7488158941268921
Elephas maximus,-1.3465209007263184,-0.4302838444709778,-0.8058463335037231,-0.23949182033538818,-0.6262414455413818,0.5483124852180481,-0.07594792544841766,-0.7391442656517029
Eleusine indica,-0.45030343532562256,0.9066827297210693,0.703708291053772,-0.12823835015296936,-0.5849931240081787,-0.14208976924419403,0.5078234672546387,-1.3560738563537598
Elibia dolichus,-0.37188589572906494,0.4204779267311096,0.5162168145179749,-1.7011494636535645,0.07557550817728043,0.3563516139984131,0.13974010944366455,-0.5360192060470581
Elymnias hypermnestra,1.4785044193267822,-0.6373964548110962,0.14662258327007294,0.2982383966445923,-0.987639307975769,0.20719774067401886,-0.07596006989479065,0.7556618452072144
Elymnias nesaea,-0.6150334477424622,0.7436493635177612,0.7889819145202637,-0.9328001737594604,0.4319864511489868,0.32004597783088684,0.9512203931808472,0.5246282815933228
Elymnias panthera,0.12539783120155334,0.5723628997802734,-0.3459370732307434,-1.3979047536849976,0.17823725938796997,0.5060796737670898,0.03031378798186779,-1.465975284576416
Emilia sonchifolia,-0.6114163398742676,0.3472105860710144,1.1918041706085205,-0.5035530924797058,-0.737891674041748,0.0966782495379448,1.0937743186950684,0.9592776298522949
Enhalus acoroides,0.3512718081474304,1.4464330673217773,0.027804195880889893,-0.809518039226532,0.7878198027610779,0.25556278228759766,-0.6779200434684753,0.14189830422401428
Enicurus schistaceus,0.40710824728012085,-0.6160826683044434,-1.5567032098770142,-0.978543758392334,0.18245698511600494,-0.3346077501773834,-0.4962369203567505,0.3528587818145752
Enicurus velatus,0.03806960955262184,1.5012962818145752,-0.9758689403533936,-0.31577157974243164,0.518950879573822,0.3870357275009155,-0.31599295139312744,0.8775790333747864
Eooxylides tharis,-0.15853771567344666,0.43431827425956726,0.570145308971405,-1.977033257484436,0.5098615288734436,0.3061975836753845,0.24315272271633148,-0.3175848126411438
Epeus flavobilineatus,0.43046456575393677,-0.1387653350830078,-0.006547719240188599,1.3195672035217285,-0.9325581789016724,-0.13167427480220795,0.6308951377868652,-0.012591594830155373
Epipremnum aureum,-0.30893805623054504,0.023077037185430527,-0.04590868204832077,0.546860933303833,1.7046194076538086,0.6142463684082031,-0.08616165071725845,0.21758176386356354
Episyrphus balteatus,-1.3465209007263184,-0.4302838444709778,-0.8058463335037231,-0.23949182033538818,-0.6262414455413818,0.5483124852180481,-0.07594792544841766,-0.7391442656517029
Epophthalmia vittata,-0.5139034986495972,0.12057015299797058,-0.5708882212638855,-1.0093598365783691,-0.366117924451828,-0.5654387474060059,0.2124788910150528,1.4481103420257568
Eragrostis tenella,-0.6494977474212646,0.9511069059371948,0.2803407311439514,0.10210604965686798,-0.17492201924324036,-0.0908253863453865,-0.137348011136055,-1.4910948276519775
Erebus macrops,1.0421873331069946,-0.5871953368186951,0.12992240488529205,0.8381054401397705,-0.30201736092567444,0.17701183259487152,-0.3802413046360016,0.09322383999824524
Eria scabrilinguis,0.7462062239646912,1.2671153545379639,-0.3138074576854706,-0.1829991340637207,0.4968065619468689,0.6537102460861206,0.587309718132019,-1.2932108640670776
Eriovixia excelsa,1.1131852865219116,1.0630035400390625,-0.6217699646949768,0.0265458133071661,1.117232084274292,-0.7094228267669678,-0.054474227130413055,-0.38190656900405884
Erpis macularis,0.016437627375125885,0.10670176148414612,-0.6444859504699707,0.09657886624336243,-2.0377798080444336,-0.14137528836727142,-0.47985708713531494,0.24585705995559692
Erpornis zantholeuca,-0.6323652267456055,0.235498309135437,0.41869664192199707,-0.06298727542161942,1.408019781112671,0.5827834010124207,0.4822481870651245,0.29201725125312805
Erronea cylindrica,0.2553851008415222,0.9090548753738403,-0.17055778205394745,-0.6684409976005554,-0.5591260194778442,0.03398633375763893,-1.1359978914260864,1.1008433103561401
Erronea onyx,0.17675593495368958,1.007177710533142,-0.4459834694862366,-0.5351971387863159,-0.23974385857582092,0.029572319239377975,-1.2208179235458374,0.9818124771118164
Estrilda melpoda,-0.13944008946418762,0.492199569940567,-0.16487470269203186,1.5627057552337646,-0.7557961940765381,-0.3911115527153015,0.824748158454895,0.03246594965457916
Ethmostigmus rubripes,-0.2447432279586792,0.10225370526313782,0.3997761607170105,0.3316093683242798,0.8733192086219788,-0.47011610865592957,0.14554449915885925,-0.8107975721359253
Etlingera elatior,0.6896899938583374,0.10739322006702423,0.8931488394737244,-0.2578883469104767,0.4222753643989563,-0.722420871257782,0.2518590986728668,0.5820246934890747
Euagoras plagiatus,-1.387778401374817,-0.4450876712799072,-0.9935235977172852,-0.15219910442829132,-0.40994793176651,0.47011110186576843,-0.38778191804885864,-0.6690795421600342
Euagoras sordidatus,-0.7104540467262268,0.12131664156913757,-0.6209725141525269,-0.9208503365516663,-0.4672674536705017,-0.46219730377197266,0.2312452644109726,1.3105683326721191
Eucalyptus deglupta,-0.39768537878990173,-0.1165737509727478,-0.10018457472324371,-1.098712682723999,0.17050203680992126,0.7066333889961243,-0.20680156350135803,1.2243832349777222
Euchrysops cnejus,-0.4889220595359802,0.40901026129722595,-0.8883529901504517,-1.5931442975997925,0.6762624382972717,0.3686523139476776,-0.4588509798049927,-0.6545881032943726
Eucorynus crassicornis,-0.06178981810808182,-0.11045850813388824,-0.6449460983276367,-0.9655864834785461,0.7739086151123047,0.6237528324127197,-0.3188571631908417,1.2910066843032837
Eudocima discrepans,-0.489214152097702,-1.8211448192596436,-0.019748512655496597,0.7008363008499146,0.4495675265789032,-0.16722171008586884,0.617099940776825,-0.2221795916557312
Eudocima phalonia,0.6453044414520264,-0.3520253300666809,-0.17437085509300232,1.7541682720184326,0.0646643415093422,0.148564875125885,-0.13491982221603394,-0.41419848799705505
Eudynamys scolopaceus,0.21303187310695648,-1.0356831550598145,-0.624431312084198,-1.014110803604126,-0.09187060594558716,1.298590064048767,0.21362349390983582,-0.5646953582763672
Eumyias panayensis,0.9872754812240601,-0.022653046995401382,-1.2977325916290283,-0.3211997151374817,0.09389527142047882,-0.6423280835151672,-0.7012758255004883,0.9137568473815918
Eumyias thalassinus,-0.5721185207366943,-1.5854160785675049,-0.7771073579788208,-0.6318886280059814,0.6124240756034851,0.26256442070007324,-0.24113082885742188,-0.10854203999042511
Eunice aphroditois,-0.2011096477508545,-0.08057200908660889,-0.3158763647079468,-1.020642876625061,0.7431589365005493,0.021670669317245483,-0.19019192457199097,1.2480509281158447
Euphaea ochracea,-0.6399231553077698,0.29965850710868835,0.61707603931427,-0.03495829552412033,0.8550366759300232,-0.49427151679992676,0.5338942408561707,-0.253757119178772
Euphaea refulgens,-0.5113233327865601,0.1363811492919922,-0.3113405704498291,-0.8270549774169922,0.9255878329277039,0.1269032210111618,0.015043415129184723,1.3137965202331543
Euphorbia bokorensis,-0.7255862951278687,-0.20878009498119354,-0.3531380295753479,-0.0814741998910904,0.6087021231651306,0.7116223573684692,1.559417963027954,0.8832331895828247
Euphorbia heterophylla,0.5730698704719543,-0.5668354034423828,-0.10030480474233627,-0.8247655630111694,-0.7278141379356384,-0.5420708656311035,-0.1774127334356308,1.374825119972229
Euphorbia hirta,-0.050562821328639984,0.08844564855098724,1.309030532836914,-0.16068778932094574,-0.12880250811576843,-1.075300693511963,0.08139307796955109,1.2594525814056396
Euphorbia pulcherrima,-0.6071478128433228,-0.23310308158397675,-0.5041632056236267,0.18964581191539764,0.44980984926223755,0.5536003112792969,1.5719280242919922,0.7338166236877441
Euplica scripta,0.3512718081474304,1.4464330673217773,0.027804195880889893,-0.809518039226532,0.7878198027610779,0.25556278228759766,-0.6779200434684753,0.14189830422401428
Euplocia membliaria,1.494975209236145,-0.6733630895614624,0.800458550453186,-0.8173589706420898,-0.24287617206573486,-0.6934853792190552,-0.04955943673849106,0.43183818459510803
Euploea core,0.5914683938026428,-0.25916093587875366,1.1758893728256226,0.3107643127441406,-0.9355941414833069,-0.8919548988342285,-0.8936231136322021,-0.31301695108413696
Euploea mulciber,0.25623783469200134,-0.31318190693855286,0.6978664994239807,0.5857676267623901,-1.496309757232666,-0.2608390152454376,-0.6890535354614258,-0.863768458366394
Euploea radamanthus,-0.43678802251815796,0.5634764432907104,0.5708865523338318,-0.980811595916748,0.6467992067337036,0.37231290340423584,0.9371758699417114,0.9085214138031006
Euploea sylvester,0.5210027694702148,-0.19991791248321533,1.2088476419448853,0.39835232496261597,-0.8077171444892883,-0.9842404127120972,-0.9935945272445679,-0.4076913595199585
Eurema blanda,1.1060187816619873,-0.8913534283638,0.020679179579019547,-0.07420486211776733,0.12027592957019806,0.32871291041374207,-1.3673357963562012,-0.8474658727645874
Eurema hecabe,1.3165371417999268,-0.7687923312187195,0.5964563488960266,-0.4543355107307434,-0.2502770721912384,0.22562575340270996,-1.0548241138458252,-0.8012428283691406
Eurema laeta,-0.5477846264839172,1.0955692529678345,-0.5477846264839172,-0.6249764561653137,-1.095569372177124,0.07719175517559052,-0.6249764561653137,1.0183775424957275
Eurema sari,1.001326560974121,-1.553579568862915,-0.04805929213762283,-0.7094882130622864,-0.12577937543392181,-0.6169220209121704,-0.21236586570739746,0.2355947196483612
Eurema simulatrix,1.1961476802825928,-1.5652881860733032,-0.07068155705928802,-0.4665681719779968,-0.0832148939371109,-0.39447811245918274,-0.1972426474094391,0.04469361901283264
Euripus nyctelius,0.1825983077287674,1.0836682319641113,-0.12816163897514343,0.7959499359130859,-0.3877926766872406,0.48261526226997375,-0.8453327417373657,1.2694876194000244
Euroxenus vayssieresi,0.9323344230651855,-0.5123683214187622,0.16397562623023987,0.2883707284927368,-0.3155209720134735,-0.11226310580968857,-0.8997972011566162,-0.7365065217018127
Eurrhyparodes tricoloralis,0.04959417134523392,0.20267407596111298,-0.6405401229858398,0.02565808966755867,-1.9997668266296387,0.06474705785512924,-0.5206425189971924,0.08372369408607483
Eurylaimus ochromalus,-0.7581815719604492,-0.5861731767654419,-0.6558545827865601,-0.47694411873817444,-0.567245364189148,-0.3408554196357727,0.46992701292037964,-1.0990650653839111
Euryops chrysanthemoides,-0.6309380531311035,0.3707027733325958,1.0880731344223022,-0.3701086938381195,-0.6082149147987366,0.10912498086690903,1.10686194896698,1.1120271682739258
Eurysaspis flavescens,-0.6625604629516602,-0.07491059601306915,-0.444751113653183,-0.6222403049468994,1.0319164991378784,0.06406645476818085,0.17450883984565735,1.2197730541229248
Eurystomus orientalis,0.33946138620376587,-1.170740008354187,-0.06555172801017761,-1.0086385011672974,0.40167057514190674,1.2132680416107178,0.3567134737968445,-0.6432569622993469
Euthalia aconthea,1.568456768989563,0.6627482175827026,-0.4745830297470093,-0.3066413402557373,-0.2794477045536041,-0.151424840092659,0.7406337261199951,0.24618257582187653
Euthalia adonia,-0.34942397475242615,0.6190728545188904,0.7208141088485718,-0.9292930364608765,0.6740391254425049,0.48212891817092896,0.9352148771286011,0.8327221274375916
Euthalia alpheda,-0.6150334477424622,0.7436493635177612,0.7889819145202637,-0.9328001737594604,0.4319864511489868,0.32004597783088684,0.9512203931808472,0.5246282815933228
Euthalia merta,-0.6150334477424622,0.7436493635177612,0.7889819145202637,-0.9328001737594604,0.4319864511489868,0.32004597783088684,0.9512203931808472,0.5246282815933228
Euthalia monina,1.5468659400939941,-0.3414386808872223,-0.10733173787593842,-0.24635156989097595,-0.6781928539276123,-0.6587839126586914,0.21226419508457184,0.2530589997768402
Evania appendigaster,-0.4243047833442688,-0.06874242424964905,-0.27400243282318115,-1.4826027154922485,1.3138283491134644,-0.5783628225326538,-0.06368806213140488,-0.3210009038448334
Falco peregrinus,-0.19365939497947693,-0.5631164312362671,0.15661726891994476,0.4362857937812805,-1.5899453163146973,0.1516544669866562,-0.04614132642745972,-1.2681348323822021
Falco tinnunculus,0.3520161509513855,-0.538891077041626,-0.32054808735847473,1.2530384063720703,-0.5102793574333191,0.7676891088485718,-0.014399237930774689,1.0361666679382324
Faunis canens,0.12539783120155334,0.5723628997802734,-0.3459370732307434,-1.397904872894287,0.17823725938796997,0.5060796737670898,0.030313806608319283,-1.465975284576416
Faunis gracilis,-0.6150334477424622,0.7436493635177612,0.7889819145202637,-0.9328001737594604,0.4319864511489868,0.32004597783088684,0.9512203931808472,0.5246282815933228
Faunis kirata,-0.6150334477424622,0.7436493635177612,0.7889819145202637,-0.9328001737594604,0.4319864511489868,0.32004597783088684,0.9512203931808472,0.5246282815933228
Favorinus mirabilis,0.47124597430229187,1.3495742082595825,0.07640072703361511,-0.8599601984024048,0.4921758472919464,-0.19127556681632996,-0.2538717985153198,0.3796091675758362
Feihyla kajau,0.4342818260192871,0.7222921848297119,0.21089254319667816,0.19285926222801208,0.13880154490470886,-0.951505184173584,0.6564006209373474,1.5031898021697998
Fejervarya cancrivora,0.32083725929260254,0.7961689233779907,-0.8025040626525879,-1.3836078643798828,0.3812740445137024,-0.8796282410621643,-0.7957348823547363,-0.3296200633049011
Fejervarya limnocharis,0.5814448595046997,0.973868727684021,-0.4579257667064667,-0.7131633162498474,0.4703449010848999,-1.2227044105529785,-1.0432497262954712,-0.10997828841209412
Felis catus,0.426674485206604,-0.4824208617210388,0.8492931127548218,0.3924158215522766,-1.4722812175750732,-0.43040913343429565,-0.748161256313324,-0.02698810026049614
Ficedula albicilla,-0.5020548105239868,-1.741104006767273,-0.814207911491394,-0.4192572236061096,0.49826231598854065,0.31289783120155334,-0.05090511962771416,-0.05001277104020119
Ficedula elisae,-1.0266718864440918,0.5483473539352417,-0.730526328086853,0.6824517250061035,-0.4739050269126892,-0.6013109087944031,-0.4083894193172455,-0.8430594205856323
Ficedula mugimaki,-0.9024176001548767,-0.4198041558265686,-1.05976402759552,0.474048376083374,-0.23189206421375275,0.13344480097293854,-0.14016057550907135,0.17280006408691406
Ficedula zanthopygia,-0.672153651714325,0.7576768398284912,-0.634084939956665,0.882098376750946,-0.7005854845046997,-0.28771212697029114,-0.6345360279083252,-0.7879550457000732
Ficus benjamina,-0.49443215131759644,0.6273223161697388,-1.4013755321502686,0.11186286807060242,-0.2762448191642761,0.7454711198806763,0.8027070760726929,-0.11134853959083557
Ficus caulocarpa,-0.7604074478149414,0.5125364065170288,-1.377610683441162,-0.38320544362068176,-0.06472411006689072,0.7981350421905518,0.9406841397285461,-0.3948478102684021
Ficus pumila,-0.7708134651184082,0.6860742568969727,-1.3913514614105225,-0.3963441252708435,-0.059477485716342926,0.8085434436798096,0.7716363668441772,-0.4028349220752716
Ficus religiosa,-0.6648250818252563,0.9120067358016968,-0.8387041091918945,0.10317455232143402,0.06814715266227722,0.030471080914139748,0.9136462211608887,-0.40326839685440063
Ficus rumphii,-0.7882888317108154,0.34553471207618713,-1.194330096244812,-0.15658633410930634,-0.12753434479236603,0.7463936805725098,0.505683958530426,-0.23120242357254028
Ficus septica,0.6301764249801636,0.4774910807609558,-0.8676393032073975,0.33249223232269287,-1.0113359689712524,-0.8428009152412415,-0.06028833985328674,-0.14688244462013245
Ficus simplicissima,0.011741643771529198,0.6424416303634644,-0.4437551498413086,-0.055410802364349365,-0.7453489899635315,-1.3595954179763794,-0.28816118836402893,0.679345965385437
Fimbriaphyllia ancora,-0.6731523275375366,0.07773100584745407,1.2368390560150146,-0.6933771967887878,-1.1598329544067383,-0.1308731734752655,0.6559333801269531,-0.6226097345352173
Fimbriaphyllia yaeyamaensis,-0.7424331903457642,-0.21256142854690552,1.2550649642944336,-0.5586935877799988,-1.0838441848754883,-0.14018040895462036,0.7246389389038086,-0.4850647449493408
Foeniculum vulgare,-0.8910099267959595,-0.9240295886993408,0.035161472856998444,0.26885008811950684,-0.451454758644104,0.498638391494751,0.5344666838645935,0.43804603815078735
Galaxea fascicularis,-0.5601886510848999,-0.007504272740334272,1.3783364295959473,-0.7219825983047485,-1.071730613708496,-0.13438212871551514,0.5427770018577576,-0.6501798629760742
Galeopterus variegatus,0.3512718081474304,1.4464330673217773,0.027804195880889893,-0.809518039226532,0.7878198027610779,0.25556278228759766,-0.6779200434684753,0.14189830422401428
Gallicrex cinerea,1.1090993881225586,-0.6748844385147095,-0.7515872716903687,0.7984553575515747,0.008764789439737797,0.17516183853149414,0.1917089968919754,1.190813422203064
Gallinula chloropus,-0.9519994854927063,-0.583802342414856,0.131903275847435,0.7906413674354553,0.26632094383239746,1.1251847743988037,-0.21055933833122253,0.7995156049728394
Gallirallus torquatus,-0.044283442199230194,-0.8295917510986328,-0.3510064482688904,1.1999695301055908,0.0006325468420982361,0.7330792546272278,-0.13221126794815063,1.1707863807678223
Gallus gallus,0.6132994890213013,-0.6950318217277527,0.20637495815753937,-1.1621440649032593,0.19856438040733337,1.5663564205169678,0.054618481546640396,-0.21115407347679138
Gallus varius,-0.36650550365448,0.31484001874923706,-0.02641127072274685,-2.035696029663086,-0.18312060832977295,0.7128329873085022,-0.15364809334278107,0.25653648376464844
Gandaca harina,1.5542659759521484,-0.9906864166259766,-0.44019144773483276,-0.3376638889312744,-0.24631531536579132,0.06398385018110275,-0.8275024890899658,-0.2935137152671814
Ganoderma lucidum,-0.42937853932380676,-0.4237314462661743,-0.7074059247970581,0.13744434714317322,1.444096565246582,0.7540333867073059,0.33350950479507446,-0.5661796927452087
Gargara projecta,0.45630118250846863,1.4417619705200195,-0.042534708976745605,-0.400064080953598,0.8876270651817322,-0.1946532130241394,-0.22576364874839783,-0.1132553368806839
Garrulax leucolophus,0.11479486525058746,-1.9665720462799072,-0.38669317960739136,-0.08243255317211151,0.12855540215969086,0.2740476131439209,-0.48785287141799927,0.3345843553543091
Garrulax monileger,-0.15625807642936707,-1.4269819259643555,-0.7724119424819946,-0.18453505635261536,0.25727126002311707,0.29561299085617065,0.1966140866279602,0.4167737066745758
Gasteracantha diadesmia,1.1017385721206665,-0.05892058089375496,-0.693710446357727,-0.7596055269241333,-0.4552372694015503,0.06072314456105232,0.5576052665710449,-1.397959589958191
Gasteracantha diardi,1.6675848960876465,-0.560803234577179,-0.4006088078022003,-0.2299070805311203,-0.3833029270172119,0.2786564826965332,-0.31252366304397583,-0.61276775598526
Gasteracantha kuhli,1.2344387769699097,0.48391228914260864,-0.32925426959991455,0.4363464415073395,-0.6771762371063232,-0.05398058146238327,-0.8278106451034546,-0.5116943120956421
Gasteracantha mengei,1.5237804651260376,0.26195162534713745,-0.3424244523048401,-0.12886697053909302,0.9497802257537842,0.6039336919784546,-0.6033966541290283,0.831754207611084
Gasteracantha rubrospinis,1.1881388425827026,-0.16177137196063995,-0.6823139786720276,-0.8372951745986938,-0.44632720947265625,0.17815563082695007,0.5465690493583679,-1.3731056451797485
Gastrochilus calceolaris,0.6814962029457092,1.2754944562911987,-0.2532500624656677,-0.21412307024002075,0.4673731029033661,0.5939980745315552,0.5939980745315552,-1.362992525100708
Gastropteron bicornutum,-0.5431978702545166,-0.18810570240020752,-0.22337877750396729,-0.9458508491516113,0.5524289608001709,0.02313709259033203,-0.1649504005908966,1.2866445779800415
Gelochelidon nilotica,0.15798723697662354,-1.0244193077087402,-0.3489552140235901,-0.1975376009941101,-0.08140288293361664,0.9432969689369202,-0.42294126749038696,-0.18369504809379578
Geokichla cinerea,0.7181688547134399,-1.1956264972686768,0.6076169610023499,-0.17263129353523254,0.059955939650535583,0.001590906293131411,1.4148836135864258,0.41213399171829224
Geokichla citrina,0.3752889037132263,0.9005226492881775,0.10958157479763031,-0.8131961822509766,0.57448810338974,0.4418450891971588,-0.9959861636161804,0.05488289147615433
Geopelia striata,0.9444392919540405,-0.5832171440124512,0.8130922317504883,-0.4170740246772766,-1.2008004188537598,-0.4127974510192871,-0.22891300916671753,0.07697764784097672
Geosesarma faustum,-0.5604016780853271,0.2534489333629608,0.5633598566055298,0.10430918633937836,0.8263137340545654,-0.4976476728916168,0.5306516885757446,-0.6448352932929993
Gerygone sulphurea,-1.3465209007263184,-0.4302838444709778,-0.8058463335037231,-0.23949182033538818,-0.6262414455413818,0.5483124852180481,-0.07594792544841766,-0.7391442656517029
Gesonula mundata,-1.212024450302124,0.8721277117729187,-1.08633553981781,0.49261122941970825,0.4934520125389099,-0.31794244050979614,0.8017566204071045,-0.061467140913009644
Glareola maldivarum,0.3512718081474304,1.4464330673217773,0.027804195880889893,-0.809518039226532,0.7878198027610779,0.25556278228759766,-0.6779200434684753,0.14189830422401428
Gliricidia sepium,-0.29682475328445435,-0.4264887571334839,1.0121020078659058,0.5652605891227722,-0.6897050142288208,-1.6097863912582397,-0.33999234437942505,-0.01304960809648037
Gnathocinara situla,-1.3465209007263184,-0.4302838444709778,-0.8058463335037231,-0.23949182033538818,-0.6262414455413818,0.5483124852180481,-0.07594792544841766,-0.7391442656517029
Gnetum gnemon,-0.5139034986495972,0.12057015299797058,-0.5708882212638855,-1.0093598365783691,-0.366117924451828,-0.5654387474060059,0.2124788910150528,1.4481103420257568
Gomphrena serrata,-0.07128152251243591,-0.8336960077285767,-0.5978854894638062,1.0283682346343994,-0.6562349796295166,1.0173500776290894,-0.19512295722961426,0.3025319278240204
Goniobranchus fidelis,0.13274936378002167,1.0479857921600342,0.5156948566436768,-1.040090560913086,-0.21918416023254395,-0.4667801260948181,-0.5901311039924622,1.3099563121795654
Goniobranchus geminus,0.9296703338623047,0.9108155965805054,-0.03673851490020752,0.47089219093322754,-0.29344630241394043,-0.08427196741104126,-1.5753498077392578,-0.4235811233520508
Gonophora pulchella,-0.1952088624238968,0.6768389344215393,1.1978014707565308,-0.6057449579238892,1.3697834014892578,-0.5840473175048828,0.5756590366363525,-0.016069810837507248
Gorsachius melanolophus,0.9772179126739502,0.23765431344509125,0.9676722288131714,0.22512780129909515,-0.5101954340934753,0.24237841367721558,0.23770597577095032,0.9765690565109253
Gracula religiosa,0.7257339358329773,-0.19807475805282593,-0.7057201862335205,0.044561371207237244,1.0473918914794922,0.30728042125701904,-1.046015977859497,0.12819306552410126
Gracupica contra,0.8069109916687012,1.1612062454223633,0.1466204673051834,0.8423452377319336,-0.10612303018569946,0.0583413764834404,0.948576033115387,-0.600664496421814
Gracupica nigricollis,1.019089937210083,1.0096628665924072,0.2255849540233612,0.6142022609710693,-0.014483487233519554,-0.2147561013698578,0.8368212580680847,-0.9080974459648132
Graphium agamemnon,0.7746239304542542,-0.31196874380111694,-0.2352914661169052,1.4083988666534424,0.3537602722644806,-0.4770691394805908,0.15044467151165009,-0.1943601369857788
Graphium antiphates,0.6768916845321655,1.3234045505523682,-0.6606045961380005,-0.3560865521430969,-0.3318954110145569,-0.38054460287094116,1.334486484527588,-0.27808061242103577
Graphium evemon,0.5803164839744568,1.2744019031524658,-0.7535465955734253,-0.4354746341705322,-0.2845316529273987,-0.22701911628246307,1.3957810401916504,-0.27439096570014954
Graphium sarpedon,1.0800344944000244,-0.14647822082042694,0.22618743777275085,1.174872875213623,-0.8017916679382324,-0.05249399691820145,-0.787007749080658,-0.5617735385894775
Graphium xenocles,0.9737633466720581,-0.6582499146461487,0.2575936019420624,0.9107251167297363,-0.8858706951141357,0.6633222699165344,-0.8121139407157898,-0.6138321161270142
Grapsus albolineatus,0.9323344230651855,-0.5123683214187622,0.16397562623023987,0.2883707284927368,-0.3155209720134735,-0.11226310580968857,-0.8997972011566162,-0.7365065217018127
Grona triflora,-0.612737774848938,-0.12251687794923782,0.5744858980178833,1.1285839080810547,-1.0106232166290283,0.034405648708343506,-0.736163318157196,0.0017519185785204172
Gymnopilus dilepis,-0.2011096477508545,-0.08057200908660889,-0.3158763647079468,-1.020642876625061,0.7431589365005493,0.021670669317245483,-0.19019192457199097,1.2480509281158447
Gymnosporia mekongensis,0.9323344230651855,-0.5123683214187622,0.16397562623023987,0.2883707284927368,-0.3155209720134735,-0.11226310580968857,-0.8997972011566162,-0.7365065217018127
Gymnostoma sumatranum,-0.44452008605003357,0.7748693227767944,-0.14284999668598175,-1.2187979221343994,-0.824006199836731,-0.47063449025154114,0.3740432858467102,0.9836709499359131
Habroloma lepidopterum,-0.03484360873699188,-0.1311984360218048,0.2384515404701233,-0.9338345527648926,0.921403169631958,-0.17144989967346191,1.1809704303741455,0.3685823976993561
Halcyon gularis,-0.021621137857437134,-0.2872238755226135,0.5270558595657349,0.9543581604957581,-0.7103561162948608,-0.3346947729587555,-0.9156368374824524,0.2093132585287094
Halcyon pileata,0.3889349699020386,-0.09291611611843109,0.05720943957567215,1.5947965383529663,-0.6216305494308472,-0.21429237723350525,-1.0209708213806152,0.5537712574005127
Halcyon smyrnensis,0.8709522485733032,-0.42505329847335815,-0.16269713640213013,1.5521211624145508,-0.5123612284660339,0.2785796523094177,-0.700955331325531,0.7487432360649109
Halgerda carlsoni,-0.5604016780853271,0.2534489333629608,0.5633598566055298,0.10430918633937836,0.8263137340545654,-0.4976476728916168,0.5306516885757446,-0.6448352932929993
Haliaeetus leucogaster,1.473727822303772,-0.8014999628067017,-0.20782171189785004,0.5249100923538208,-0.5285906195640564,0.40881529450416565,0.5542424321174622,-0.10174745321273804
Haliastur indus,1.5501751899719238,-0.7533164620399475,-0.09597882628440857,0.43193671107292175,-0.5804370045661926,0.6209516525268555,0.37129613757133484,-0.679297685623169
Haliotis ovina,-0.2011096477508545,-0.08057200908660889,-0.3158763647079468,-1.020642876625061,0.7431589365005493,0.021670669317245483,-0.19019192457199097,1.2480509281158447
Halpe porus,-1.2644271850585938,0.17172712087631226,-0.1630236804485321,1.5069941282272339,-0.16047018766403198,0.5748628377914429,0.07820387184619904,0.8410640954971313
Hamadruas hieroglyphica,-1.1812372207641602,-0.31232523918151855,-0.5288904309272766,-0.12594975531101227,-0.18344759941101074,0.031160429120063782,-0.016951221972703934,-1.0065045356750488
Hapalochlaena lunulata,-0.2011096477508545,-0.08057200908660889,-0.3158763647079468,-1.020642876625061,0.7431589365005493,0.021670669317245483,-0.19019192457199097,1.2480509281158447
Harmonia octomaculata,-0.076137974858284,-1.354058861732483,-0.7748016119003296,0.6306765079498291,-0.04402478039264679,0.5916962623596191,-0.09678056836128235,-0.59861159324646
Harpactes oreskios,-1.3465209007263184,-0.4302838444709778,-0.8058463335037231,-0.23949182033538818,-0.6262414455413818,0.5483124852180481,-0.07594792544841766,-0.7391442656517029
Hasarius adansoni,0.3935120701789856,-0.38165682554244995,0.9600542783737183,-0.17522533237934113,-1.366204023361206,0.8151594400405884,-0.5324240922927856,-0.8211320638656616
Hebomoia glaucippe,-0.6127616167068481,1.0665087699890137,-0.4537472426891327,-0.4537472724914551,-1.0665088891983032,0.0,-0.45374733209609985,1.2255232334136963
Heliconia psittacorum,-0.5589134097099304,1.5021235942840576,0.1121598482131958,-1.0673813819885254,-0.6067736148834229,-0.4935235381126404,0.5759333372116089,-0.5304164886474609
Heliconia rostrata,0.9898720383644104,-0.04030498117208481,-1.203721046447754,0.24012628197669983,-1.0172258615493774,0.32261061668395996,0.07650518417358398,-0.6079747676849365
Heliocypha biforata,0.08370865881443024,-0.31583133339881897,-0.030676113441586494,0.23315200209617615,1.4062070846557617,0.344645231962204,-0.5802876949310303,0.96938157081604
Heliocypha fenestrata,0.19137059152126312,-0.7867804765701294,-0.8749351501464844,-0.6193853616714478,0.3891976475715637,-0.1165323555469513,0.06565091013908386,1.3193936347961426
Hellenia speciosa,-0.8577969074249268,0.14703771471977234,-0.5532987117767334,-0.7652913331985474,0.8858679533004761,-0.2532050907611847,-0.20975635945796967,1.2127927541732788
Hellula undalis,0.0007178217056207359,0.10403012484312057,-1.4618947505950928,0.008327469229698181,-0.5747073888778687,1.0948787927627563,-0.9619551301002502,0.3518803119659424
Helopeltis cinchonae,0.3768507242202759,0.07829134166240692,-0.4297693371772766,-0.4105072617530823,-0.5960487127304077,1.3954026699066162,-0.7432833909988403,-0.6708602905273438
Helopeltis theivora,0.5830416679382324,0.8737596273422241,0.14950698614120483,-0.4992199242115021,-0.22800517082214355,0.590013861656189,-0.6270539164543152,-0.3637758791446686
Hemicircus canente,1.2541213035583496,-0.42880040407180786,1.3661158084869385,0.42113569378852844,-1.0125536918640137,0.05282304435968399,-0.08973215520381927,-0.04698863998055458
Hemiscyllium freycineti,-0.5139034986495972,0.12057015299797058,-0.5708882212638855,-1.0093598365783691,-0.366117924451828,-0.5654387474060059,0.2124788910150528,1.4481103420257568
Hemithea tritonaria,-0.06525945663452148,0.49885064363479614,-0.2603866457939148,-0.7130898237228394,-0.8027001619338989,0.0780874490737915,-0.6739784479141235,1.5940449237823486
Hemithyrsocera vittata,-0.5225790143013,0.5658988952636719,0.17415396869182587,-0.06499770283699036,0.7773289680480957,-0.522718071937561,0.9353587627410889,-0.7433725595474243
Hemixos cinereus,1.9962742328643799,0.00031829546787776053,-0.6833782196044922,0.060373902320861816,-0.484155535697937,0.016146313399076462,0.3362411856651306,-0.2411746084690094
Heortia vitessoides,0.0007294335518963635,0.009806067682802677,-1.4400794506072998,0.00829419493675232,-0.7304764986038208,1.1478466987609863,-0.9490411877632141,0.39403775334358215
Hermetia illucens,0.11569230258464813,0.32117533683776855,1.0470478534698486,0.2880670428276062,-0.36284926533699036,0.1813606321811676,-1.4870797395706177,-0.23805034160614014
Herpestes javanicus,1.2418655157089233,-0.33928215503692627,0.654725193977356,0.09911632537841797,-0.8956328630447388,-0.2229544073343277,-0.10491657257080078,-0.022290855646133423
Herpetogramma rudis,0.02923852577805519,0.1767544448375702,-0.6628167033195496,0.030033867806196213,-1.907740592956543,-0.020660266280174255,-0.717805027961731,0.29948580265045166
Hetaeria affinis,0.611828088760376,1.3255889415740967,-0.3117887079715729,-0.2460777908563614,0.4297890067100525,0.6497220396995544,0.6497220993041992,-1.2876949310302734
Heterometrus laevigatus,-0.8852566480636597,-0.266120046377182,-0.21035528182983398,0.2560872733592987,-0.4469231367111206,0.1391492784023285,-0.36318904161453247,-1.350265622138977
Heterometrus silenus,0.2845193147659302,-0.2794773578643799,0.5088251233100891,0.6215831637382507,-0.2905508577823639,-0.26647859811782837,-0.7234249711036682,-1.1368441581726074
Heterometrus spinifer,-0.3407709300518036,0.3862295150756836,0.6667706966400146,0.3606683015823364,0.7140107154846191,-0.5415024757385254,0.3368789851665497,-0.8152611255645752
Heterophasia picaoides,-0.22129079699516296,-0.2302396595478058,0.47565963864326477,0.17034003138542175,0.7655650973320007,-0.6759171485900879,0.34838321805000305,-0.2425040304660797
Heteropoda boiei,0.4020872712135315,0.9782028794288635,0.7585692405700684,-0.5410895347595215,0.5637046098709106,0.13932503759860992,-1.0201640129089355,-0.6452736854553223
Heteropoda lunula,-0.2614881992340088,-0.15905295312404633,0.3394831418991089,-0.04659590497612953,-0.031560927629470825,0.15639576315879822,-0.7626094222068787,-1.3752813339233398
Heteropoda venatoria,0.2058437019586563,-0.02230474352836609,1.466687560081482,-0.08558577299118042,-0.5229297280311584,0.42034274339675903,-1.0354880094528198,-0.8560889959335327
Heteropteryx dilatata,-1.3465209007263184,-0.4302838444709778,-0.8058463335037231,-0.23949182033538818,-0.6262414455413818,0.5483124852180481,-0.07594792544841766,-0.7391442656517029
Heterotis rotundifolia,0.016978461295366287,-0.23968201875686646,-0.3062599003314972,0.561957836151123,1.525888204574585,0.48537975549697876,0.5370274186134338,0.19691349565982819
Heterotrigona itama,-0.5348268747329712,-0.5761140584945679,-0.05690708011388779,0.32563516497612,1.0567874908447266,-0.29626941680908203,1.3224406242370605,-0.25155147910118103
Hibiscus rosa-sinensis,-0.1619238555431366,1.0368402004241943,-1.6964991092681885,-0.12276893109083176,-0.21205338835716248,0.3897688388824463,-0.6654253005981445,-0.5602455139160156
Hibiscus sabdariffa,-0.5925946235656738,0.5874408483505249,-1.7576518058776855,-0.1033020094037056,-0.41239258646965027,0.08966302126646042,-0.427401065826416,-0.6960065364837646
Hidari irava,-0.6395596861839294,-1.7966212034225464,-0.037779323756694794,0.09119344502687454,0.14409886300563812,0.18085503578186035,-0.6483047008514404,0.21837486326694489
Himantopus himantopus,1.0312459468841553,-0.33311107754707336,-0.34928780794143677,0.13116374611854553,-0.20643720030784607,0.9869961142539978,-0.8390133380889893,-0.9954414367675781
Himerometra robustipinna,-0.2011096477508545,-0.08057200908660889,-0.3158763647079468,-1.020642876625061,0.7431589365005493,0.021670669317245483,-0.19019192457199097,1.2480509281158447
Hippobroma longiflora,1.190016508102417,0.5717273950576782,-1.0251742601394653,0.8179788589477539,0.4404361844062805,0.23922404646873474,-0.6097515821456909,0.6658281087875366
Hirundo javanica,0.49123501777648926,-1.413933277130127,-0.7711623907089233,0.8295538425445557,0.06764546036720276,-0.5565537214279175,-0.6594841480255127,-0.18389078974723816
Hirundo rustica,1.2372162342071533,-1.078972578048706,-0.019450485706329346,0.29676491022109985,-0.5055540800094604,0.32611554861068726,0.39507168531417847,-0.9299120903015137
Holothuria atra,-0.006750536151230335,-0.002775748260319233,-1.4003889560699463,-0.9575991630554199,0.9468978643417358,0.7769365310668945,0.2924019694328308,0.3986075222492218
Holothuria leucospilota,-1.3465209007263184,-0.4302838444709778,-0.8058463335037231,-0.23949182033538818,-0.6262414455413818,0.5483124852180481,-0.07594792544841766,-0.7391442656517029
Homalomena philippinensis,1.0110735893249512,0.24747079610824585,-0.8010101318359375,0.4957629442214966,0.6531241536140442,0.03594262897968292,0.17355875670909882,-0.5415750741958618
Homoeoxipha lycoides,0.6896899938583374,0.10739322006702423,0.8931488394737244,-0.2578883469104767,0.4222753643989563,-0.722420871257782,0.2518590986728668,0.5820246934890747
Homona encausta,-1.0553789138793945,0.6462063193321228,-0.3385956883430481,0.6529433131217957,0.38187330961227417,0.09084688127040863,-0.03364458680152893,-0.9957276582717896
Horornis flavolivaceus,-0.5139034986495972,0.12057015299797058,-0.5708882212638855,-1.0093598365783691,-0.366117924451828,-0.5654387474060059,0.2124788910150528,1.4481103420257568
Horridipamera nietneri,-0.5470871925354004,0.44355320930480957,0.41183996200561523,-0.13711653649806976,1.0873445272445679,-0.34543377161026,0.6501426696777344,-0.2512460947036743
Houttuynia cordata,0.9323344230651855,-0.5123683214187622,0.16397562623023987,0.2883707284927368,-0.3155209720134735,-0.11226310580968857,-0.8997972011566162,-0.7365065217018127
Huia masonii,-0.7602836489677429,-0.6364482045173645,-0.7641518712043762,-0.7156691551208496,-0.27652809023857117,0.3725109398365021,0.8184235095977783,-0.07919801771640778
Hyblaea puera,-0.5139034986495972,0.12057015299797058,-0.5708882212638855,-1.0093598365783691,-0.366117924451828,-0.5654387474060059,0.2124788910150528,1.4481103420257568
Hydatina physis,-0.2011096477508545,-0.08057200908660889,-0.3158763647079468,-1.020642876625061,0.7431589365005493,0.021670669317245483,-0.19019192457199097,1.2480509281158447
Hydrobasileus croceus,1.3250298500061035,-0.5243971347808838,1.213057279586792,0.13625040650367737,0.30434226989746094,0.5193313360214233,0.3270253539085388,0.07938773185014725
Hydrocotyle sibthorpioides,-0.42379602789878845,0.18994221091270447,-0.6498643159866333,-1.040041208267212,-0.1522773653268814,-0.47128090262413025,0.2374764084815979,1.4417433738708496
Hydrocotyle verticillata,-0.3918018937110901,0.03919544443488121,-0.5551959872245789,-1.0179543495178223,0.6687891483306885,0.03820440173149109,-0.03743138909339905,1.4128928184509277
Hylarana erythraea,-0.808873176574707,-0.11101642996072769,0.03913521394133568,-1.1321818828582764,1.146591305732727,-1.0928889513015747,-0.00021892786026000977,-0.33998528122901917
Hyllus diardi,0.831957995891571,0.025578826665878296,0.6502677202224731,1.256711483001709,-1.0465697050094604,-0.6157228946685791,0.597576379776001,0.5183780789375305
Hyllus semicupreus,0.16531720757484436,-0.5716651678085327,-0.29848361015319824,0.692413330078125,-0.08494618535041809,0.9628173112869263,0.9332270622253418,-0.9159253835678101
Hyllus walckenaeri,0.5346731543540955,0.023812592029571533,0.9807268977165222,1.179506540298462,-1.1864466667175293,-0.5491638779640198,0.43516647815704346,0.43300044536590576
Hylobates lar,-1.030200719833374,-0.7342079281806946,-0.4654131531715393,-0.08701083064079285,-0.6777950525283813,0.3785460591316223,-0.160244882106781,-1.0294537544250488
Hymenia perspectalis,0.029011651873588562,0.17885679006576538,-0.6715407371520996,-0.10380206257104874,-1.9303066730499268,-0.15580029785633087,-0.614388108253479,0.19286656379699707
Hymenocallis littoralis,-0.6921694278717041,-0.04525129497051239,-0.456709086894989,-0.9851825833320618,-0.327494740486145,0.8205093741416931,0.6306675672531128,0.806465744972229
Hymenopus coronatus,-0.9718374609947205,-0.45894378423690796,-0.7166114449501038,-0.08519938588142395,-0.8699711561203003,0.24915564060211182,-0.32188332080841064,-0.889498233795166
Hypolimnas anomala,-0.30581074953079224,0.09716087579727173,-0.5532861948013306,-1.3741555213928223,1.0264019966125488,-0.16627568006515503,-0.1249820664525032,-0.8498973846435547
Hypolimnas bolina,0.574698805809021,-0.43986302614212036,0.8219282031059265,-0.2174379527568817,-1.4882844686508179,0.7553426623344421,-0.6482161283493042,-0.30192115902900696
Hypolycaena erylus,-0.9000190496444702,0.4219931364059448,-1.1657640933990479,-1.192873477935791,0.023722782731056213,-0.9130957126617432,-0.03653866425156593,-0.3863075077533722
Hypolycaena sipylus,1.0810617208480835,0.25984305143356323,-0.603259265422821,0.38339316844940186,-1.3992060422897339,-0.24496382474899292,0.732520580291748,-0.5770823359489441
Hypolycaena thecloides,-0.16359347105026245,0.24892526865005493,0.6113196015357971,-1.9842398166656494,0.5529751777648926,0.32605239748954773,0.2649165093898773,-0.33722835779190063
Hyposidra aquilaria,-0.1375637948513031,0.6721294522285461,-0.22280603647232056,-0.839267373085022,-1.014073133468628,0.053984127938747406,-0.6154253482818604,1.3975207805633545
Hyposidra talaca,0.04486021026968956,0.654792845249176,-0.2197752594947815,-0.6820060014724731,-0.9866089224815369,0.05479220673441887,-0.7708953022956848,1.5273993015289307
Hypothymis azurea,0.11923819780349731,-0.7086486220359802,-0.5177948474884033,0.815796434879303,-0.5261539220809937,0.6262742280960083,0.49726980924606323,1.1847431659698486
Hypselodoris bullockii,0.18062946200370789,1.0409507751464844,-0.48332488536834717,-0.6762655973434448,-0.8505813479423523,-0.4626309871673584,-0.4870077967643738,0.9971072673797607
Hypselodoris katherinae,-0.12192708998918533,1.0833759307861328,-0.05234014242887497,-1.0723518133163452,-0.45357656478881836,-0.5297356843948364,-0.35771772265434265,1.2142764329910278
Hypselodoris nigrostriata,0.7236202955245972,1.1207423210144043,-0.035988472402095795,0.4856696128845215,-0.29318177700042725,-0.08322205394506454,-1.5788112878799438,-0.21613389253616333
Hypselodoris pulchella,0.8562686443328857,1.0306921005249023,-0.04036801680922508,0.35150259733200073,-0.2896135747432709,-0.08281740546226501,-1.629936933517456,-0.36986207962036133
Hypselodoris tryoni,-0.06646424531936646,1.175045132637024,0.5744502544403076,-0.9627095460891724,-0.1282052993774414,-0.6203083992004395,-0.6332923173904419,1.171377420425415
Hypsipetes leucocephalus,1.9470516443252563,0.0001432994904462248,-0.6632041931152344,0.14521385729312897,-0.7029002904891968,0.10533685982227325,0.2976071834564209,-0.15570831298828125
Hypsipetes philippinus,-0.9843277931213379,-0.2737182378768921,0.7106095552444458,1.4212191104888916,-0.7106095552444458,0.4368913173675537,-0.3829410672187805,0.7106095552444458
Hyptis capitata,-0.5499721765518188,-0.7152976989746094,-0.42521369457244873,-0.4289119839668274,-0.9484720826148987,1.0709426403045654,1.081021785736084,-0.1406627893447876
Hystrix javanica,-0.5139034986495972,0.12057015299797058,-0.5708882212638855,-1.0093598365783691,-0.366117924451828,-0.5654387474060059,0.2124788910150528,1.4481103420257568
Iambrix salsala,-0.7835358381271362,0.874199628829956,-0.28626424074172974,1.3730356693267822,0.16920025646686554,0.9063184261322021,-0.07907484471797943,0.826621413230896
Ichthyophis kohtaoensis,0.9323344230651855,-0.5123683214187622,0.16397562623023987,0.2883707284927368,-0.3155209720134735,-0.11226310580968857,-0.8997972011566162,-0.7365065217018127
Iconaster longimanus,0.3512718081474304,1.4464330673217773,0.027804195880889893,-0.809518039226532,0.7878198027610779,0.25556278228759766,-0.6779200434684753,0.14189830422401428
Icthyophaga ichthyaetus,1.115704894065857,-0.42852097749710083,0.9234161376953125,0.3391032814979553,0.20859447121620178,-0.9537022113800049,0.034458957612514496,-0.001977205276489258
Ictinogomphus decoratus,0.738936185836792,0.8571529388427734,-1.1226801872253418,0.992577075958252,-0.20869992673397064,-0.029234908521175385,-0.480899840593338,0.3956889510154724
Idaea craspedota,0.194541335105896,0.7154353857040405,-0.17163321375846863,-0.6578718423843384,-0.9828639030456543,0.10150977224111557,-0.6135985851287842,1.3475708961486816
Ideopsis gaura,-0.5047826170921326,0.39757925271987915,0.5243116617202759,-1.0680683851242065,0.5490487813949585,0.3286702334880829,0.7704948782920837,0.8031739592552185
Ideopsis juventa,1.1384996175765991,-0.026931002736091614,-1.3978540897369385,-0.21261093020439148,0.41994017362594604,0.26689279079437256,-0.18233582377433777,-0.34858280420303345
Ideopsis vulgaris,1.1219069957733154,0.1535222828388214,-0.2966386079788208,0.3164462447166443,0.07051072269678116,0.6908068656921387,-0.9594703912734985,1.098320722579956
Iduna aedon,-1.4278740882873535,0.6655976176261902,-0.7226002812385559,-0.17158186435699463,1.0409332513809204,0.7133735418319702,-0.005716604180634022,-0.33041924238204956
Imma mylias,-1.3465209007263184,-0.4302838444709778,-0.8058463335037231,-0.23949182033538818,-0.6262414455413818,0.5483124852180481,-0.07594792544841766,-0.7391442656517029
Impatiens balsamina,-0.8576306104660034,-0.41007786989212036,-0.7642775774002075,-1.1174472570419312,0.6320152878761292,-0.6199573278427124,0.08860665559768677,1.1949403285980225
Impatiens platypetala,-1.2309091091156006,-0.07483050227165222,-0.43926525115966797,-0.9057714343070984,0.0692099779844284,-0.592139720916748,0.23192143440246582,0.969557523727417
Impatiens walleriana,-0.8044103980064392,-0.34110578894615173,-0.6214054822921753,-0.9889378547668457,0.33571964502334595,-0.7431833148002625,0.18267808854579926,1.0604264736175537
Imperata cylindrica,-0.6782069206237793,0.3758661150932312,-0.941524863243103,-0.3222742974758148,0.09068000316619873,0.8625760674476624,0.42907994985580444,-1.387665867805481
Inara flavopicta,-0.3500349223613739,-0.08693146705627441,0.5432960987091064,0.11432719975709915,1.296213150024414,-0.34083229303359985,0.526797354221344,-0.1717415750026703
Indigofera hendecaphylla,-0.35205790400505066,-0.1457727551460266,0.6730153560638428,0.963611364364624,-0.837609589099884,0.3004026710987091,-1.0958949327468872,0.002625077962875366
Indigofera hirsuta,-1.1349226236343384,-0.32505831122398376,0.18153953552246094,0.05554215982556343,-1.5419702529907227,-0.1321600079536438,-0.17082884907722473,-0.8139017820358276
Indigofera linnaei,-1.251899242401123,-0.7178208231925964,0.10620129108428955,0.012718874029815197,-1.4613784551620483,-0.07078664004802704,-0.08350551128387451,-0.7506154775619507
Ingerophrynus biporcatus,-0.9041860699653625,-0.44682514667510986,-0.563434362411499,-1.1313565969467163,0.09728237986564636,-0.5854508280754089,0.31894198060035706,-0.021180693060159683
Ingerophrynus philippinicus,0.531630277633667,-0.8509896993637085,-0.7995617389678955,-0.8581621050834656,0.24598991870880127,-0.3284493684768677,-0.4001340866088867,0.6366204023361206
Ingerophrynus quadriporcatus,0.24848279356956482,-0.09488679468631744,-0.6528019309043884,-1.6056444644927979,0.549195408821106,-0.6043649911880493,-0.2618717849254608,0.17464971542358398
Iphigenia indica,0.9323344230651855,-0.5123683214187622,0.16397562623023987,0.2883707284927368,-0.3155209720134735,-0.11226310580968857,-0.8997972011566162,-0.7365065217018127
Ipomoea aquatica,-0.4697665870189667,-0.2793024778366089,0.4436660408973694,-0.39109814167022705,0.011818822473287582,0.14879895746707916,-1.1846752166748047,-1.06687331199646
Ipomoea hederifolia,-0.5894954800605774,-0.7627494931221008,1.3650708198547363,0.06197943538427353,-0.7824630737304688,0.7538915276527405,-0.41948291659355164,-0.20339667797088623
Ipomoea obscura,-0.11569805443286896,-0.5319647789001465,-0.01310759037733078,0.36667290329933167,-1.441413402557373,0.44810202717781067,-0.21286627650260925,-1.0604292154312134
Ipomoea pes-caprae,-0.40429192781448364,-0.33035367727279663,1.4573941230773926,0.4229555130004883,-0.7249056696891785,0.24243465065956116,-0.8551326394081116,-0.6672766208648682
Irena puella,0.3512718081474304,1.4464330673217773,0.027804195880889893,-0.809518039226532,0.7878198027610779,0.25556278228759766,-0.6779200434684753,0.14189830422401428
Iris domestica,0.3512718081474304,1.4464330673217773,0.027804195880889893,-0.809518039226532,0.7878198027610779,0.25556278228759766,-0.6779200434684753,0.14189830422401428
Ischnura senegalensis,0.45852455496788025,-0.522588312625885,-0.48194849491119385,1.042917013168335,0.3421817719936371,-0.5412003397941589,0.9179513454437256,-0.30106884241104126
Ixora coccinea,1.0589110851287842,-1.275635004043579,0.11690227687358856,-0.1533016860485077,0.1141173392534256,0.015580087900161743,0.28102919459342957,0.8129698038101196
Ixos mcclellandii,1.6913362741470337,-0.03390318900346756,-0.7469463348388672,0.4660840332508087,0.19005116820335388,-0.5462908744812012,0.2645241618156433,-0.636137068271637
Jamides celeno,-0.3182026147842407,0.13711713254451752,-0.20376995205879211,0.5034685134887695,-0.685434877872467,-1.7911653518676758,0.6020704507827759,0.13850873708724976
Janolus savinkini,-0.2011096477508545,-0.08057200908660889,-0.3158763647079468,-1.020642876625061,0.7431589365005493,0.021670669317245483,-0.19019192457199097,1.2480509281158447
Jatropha curcas,-0.008231207728385925,-0.5097390413284302,-0.975007176399231,-0.547657310962677,-0.6064614057540894,-0.28480809926986694,0.12477994710206985,1.6627280712127686
Jatropha gossypiifolia,0.0496065653860569,-0.5367819666862488,-0.7384025454521179,-0.6943916082382202,-0.8514400124549866,-0.38125306367874146,0.06721900403499603,1.5170793533325195
Jatropha podagrica,-0.3460197448730469,-0.20193347334861755,-0.3332609534263611,-0.32935571670532227,0.32398486137390137,0.6796038150787354,1.762656569480896,0.667863130569458
Junonia almana,1.5015995502471924,-0.582926869392395,0.24084265530109406,0.24907097220420837,-0.8539167642593384,0.18104147911071777,-0.11143878847360611,0.7792587280273438
Junonia atlites,1.2823660373687744,0.19834314286708832,-0.41761869192123413,-0.2728517949581146,-0.5087286829948425,-0.3771727383136749,0.1691378355026245,0.20289237797260284
Junonia hedonia,-0.09348475188016891,-0.014202944003045559,0.49969419836997986,-1.022024154663086,1.222743034362793,0.32904601097106934,-0.19216588139533997,1.2622658014297485
Junonia hierta,0.7691256403923035,-0.20419061183929443,0.9848812818527222,0.3432033956050873,-1.0603563785552979,-0.8779473304748535,-0.8873233795166016,-0.3528275489807129
Junonia iphita,-0.6150334477424622,0.7436493635177612,0.7889819145202637,-0.9328001737594604,0.4319864511489868,0.32004597783088684,0.9512203931808472,0.5246282815933228
Junonia lemonias,0.5971554517745972,0.5467411279678345,-0.28671538829803467,1.0173956155776978,-0.5753650665283203,0.5731728076934814,-1.0263819694519043,1.1985255479812622
Junonia orithya,0.8917248249053955,0.16680805385112762,-0.13393156230449677,0.8017098307609558,-0.48624444007873535,0.8953554630279541,-0.8036099672317505,1.2416223287582397
Kalanchoe pinnata,0.9415323734283447,-0.4741620123386383,0.18847113847732544,0.17004191875457764,-0.2370874285697937,-0.10142356902360916,-0.907742977142334,-0.690671980381012
Kallima sylvia,0.5510703921318054,0.7261309623718262,-0.4847220182418823,0.9889274835586548,-0.6015084981918335,0.49206510186195374,-0.9929981231689453,1.100724458694458
Kaloula baleata,-0.5139034986495972,0.12057015299797058,-0.5708882212638855,-1.0093598365783691,-0.366117924451828,-0.5654387474060059,0.2124788910150528,1.4481103420257568
Kaloula pulchra,-0.13885730504989624,-0.9373714327812195,0.1045025885105133,0.7663627862930298,0.8862951993942261,-0.08609525114297867,1.4624801874160767,0.6178943514823914
Ketupa ketupu,0.7316762804985046,0.9952504634857178,-0.27389898896217346,0.917487382888794,-1.3040401935577393,0.26303333044052124,0.6013963222503662,0.3572792112827301
Kolla suturella,0.382667601108551,0.25112155079841614,0.2827998399734497,-1.0564100742340088,0.952595055103302,0.5694354772567749,-0.2595131993293762,1.176634669303894
Laccoptera nepalensis,-0.3389119505882263,0.5427125096321106,1.092592477798462,-0.4742296040058136,1.4121402502059937,-0.7442500591278076,0.6120614409446716,-0.015220198780298233
Laevicaulis alte,0.7498908042907715,0.8280174732208252,0.9161663055419922,-0.24105992913246155,0.6356998085975647,-0.8877824544906616,-0.4330727159976959,-0.5390660762786865
Lagerstroemia calyculata,0.1972944438457489,0.9944603443145752,0.13727866113185883,-1.1503759622573853,-0.6961344480514526,-0.3592740297317505,-0.2056756615638733,-0.26299071311950684
Lalage nigra,0.16015928983688354,-0.636526882648468,-0.4437415301799774,-0.6329911947250366,-1.676386833190918,-0.0043366774916648865,-0.27426791191101074,-0.7659143805503845
Lampides boeticus,-0.7975260019302368,0.19768422842025757,0.05914447456598282,-1.0299584865570068,-0.1850048303604126,-0.6110974550247192,0.0503491535782814,1.6048545837402344
Lamproptera curius,0.6625113487243652,1.3175697326660156,-0.7201696634292603,-0.4917623996734619,-0.19455233216285706,-0.24424806237220764,1.3326423168182373,-0.2636696398258209
Lanius bucephalus,0.6338163614273071,-0.664569616317749,0.4302321672439575,0.9490076303482056,-0.1271454095840454,0.11483792215585709,-0.9689064621925354,-0.8770008087158203
Lanius collurioides,0.7258963584899902,-0.46601176261901855,0.11773702502250671,0.5275571942329407,-0.3098459839820862,-0.1761535257101059,-1.019092321395874,-1.057432770729065
Lanius cristatus,1.0162073373794556,-0.9350279569625854,0.2267632782459259,0.12089896202087402,-0.027239572256803513,1.237077236175537,0.154947891831398,-0.9452781081199646
Lanius schach,-0.042008958756923676,-0.12776285409927368,0.7062397003173828,0.6564497947692871,-0.519729495048523,-0.04793534055352211,-1.1809005737304688,-0.881332516670227
Lanius tigrinus,1.160583257675171,-0.314058393239975,0.9591653347015381,0.0697992742061615,-0.08429914712905884,-0.2746540307998657,0.38703614473342896,0.010478533804416656
Lantana camara,0.6498542428016663,-0.857485294342041,0.4476296305656433,0.2914098799228668,0.025081582367420197,-0.6794629096984863,-0.5913431644439697,-1.276963710784912
Lariscus niobe,-0.5286465883255005,0.8350511789321899,0.022783175110816956,-0.8204739689826965,-0.7112351655960083,-0.06355197727680206,0.7136703133583069,0.9275813102722168
Lasioderma serricorne,0.9323344230651855,-0.5123683214187622,0.16397562623023987,0.2883707284927368,-0.3155209720134735,-0.11226310580968857,-0.8997972011566162,-0.7365065217018127
Lasippa tiga,0.24182191491127014,0.029932765290141106,1.0370116233825684,-0.7558853626251221,0.9818931818008423,-0.04022350162267685,-0.18942877650260925,1.45900297164917
Lathrecista asiatica,1.2221745252609253,-0.290438711643219,1.514665126800537,-0.21983850002288818,0.32526013255119324,0.4573950171470642,0.5305274128913879,0.2954254448413849
Lebadea martha,1.661750316619873,0.23357513546943665,0.04709858447313309,-0.025410283356904984,-0.7978556156158447,-0.1236235499382019,0.790564775466919,0.22965595126152039
Leea indica,0.266041100025177,1.405286192893982,0.2464049756526947,-0.03540213406085968,0.374742716550827,0.03157699108123779,-1.4951114654541016,-0.015615526586771011
Leea rubra,0.37341079115867615,1.2968246936798096,0.31003063917160034,-0.46929070353507996,0.46252477169036865,0.025806084275245667,-1.385641098022461,-0.04833720624446869
Leptobrachium hendricksoni,-1.0627009868621826,-0.8469916582107544,-0.756495475769043,-0.35650312900543213,-0.6540457010269165,0.7783790230751038,-0.34744715690612793,-0.7780048847198486
Leptobrachium pullum,-0.08564348518848419,-0.9718478322029114,-0.23099631071090698,-0.08979813009500504,-0.6393858194351196,0.492885559797287,-0.703946590423584,-0.7561780214309692
Leptocentrus taurus,-0.16986727714538574,0.7926414012908936,0.5401829481124878,0.045051947236061096,0.9572446346282959,-0.61897212266922,0.4474863111972809,-0.5719093084335327
Leptocoma calcostetha,0.5368255376815796,-0.8165263533592224,-0.1663943976163864,-0.08519833534955978,-0.10273304581642151,0.5713827610015869,-0.16248515248298645,-1.7562856674194336
Leptocoris vicinus,-0.2011096477508545,-0.08057200908660889,-0.3158763647079468,-1.020642876625061,0.7431589365005493,0.021670669317245483,-0.19019192457199097,1.2480509281158447
Leptoglossus gonagra,-0.6612039804458618,0.34825414419174194,0.40180230140686035,-0.09730193018913269,1.0127497911453247,-0.5347892045974731,0.67631596326828,-0.41026195883750916
Leptophryne borbonica,-1.1182818412780762,-0.2519538998603821,0.20448508858680725,-0.9750386476516724,0.03674039617180824,-0.49037081003189087,0.18210625648498535,0.13966837525367737
Leptosia nina,0.8872535228729248,-0.8311610221862793,0.7022830247879028,-0.31122758984565735,-0.7367814183235168,0.42750445008277893,-1.1234076023101807,-0.782723069190979
Leptotes plinius,1.1912834644317627,0.4373563528060913,-0.4972746670246124,0.5118638873100281,-1.3167425394058228,0.07904179394245148,0.0629156306385994,-0.5100871920585632
Lestes praemorsus,0.3512718081474304,1.4464330673217773,0.027804195880889893,-0.809518039226532,0.7878198027610779,0.25556278228759766,-0.6779200434684753,0.14189830422401428
Lethe confusa,0.5007994174957275,1.1961898803710938,-0.733694851398468,0.5632282495498657,-0.5034284591674805,0.2367241382598877,-1.3233953714370728,0.3694826364517212
Lethe europa,1.7065706253051758,0.6310927271842957,-0.3273693919181824,-0.12643390893936157,-0.3368382453918457,0.11753585189580917,0.6359872221946716,0.4447132349014282
Lethe manthara,0.7985957860946655,0.14642466604709625,-1.252147912979126,-0.7300023436546326,1.4104983806610107,0.07766614109277725,0.1794043332338333,-0.15748842060565948
Lethe minerva,1.0431492328643799,0.20811349153518677,-1.2299336194992065,-0.6876785755157471,1.3247852325439453,0.24531623721122742,0.28963688015937805,-0.06169825792312622
Leucaena leucocephala,1.1490910053253174,-0.8439608812332153,0.4138764441013336,1.068554401397705,-0.4692592918872833,-0.25964370369911194,-0.5406070947647095,-0.08817017078399658
Leucauge argentina,-0.9382607340812683,-0.3421129584312439,0.5157034397125244,-0.9579808712005615,1.0481590032577515,-1.052151083946228,0.07545492053031921,-0.13775189220905304
Leucauge decorata,0.36409687995910645,0.2256968468427658,1.4439938068389893,-0.5908857583999634,0.8198308348655701,-0.9850258827209473,-0.2007523626089096,-0.5200833082199097
Leucauge fastigata,0.27086445689201355,-0.150221586227417,1.5223360061645508,0.06762988865375519,-0.6129189729690552,0.15646757185459137,-1.1000878810882568,-0.8531190156936646
Leucauge tessellata,1.1251062154769897,-0.34327179193496704,0.9401657581329346,0.42685842514038086,-0.7125068306922913,-0.1707707941532135,-0.463071346282959,0.12454047799110413
Leucocoprinus birnbaumii,-0.5531949996948242,0.3943411707878113,-0.26910364627838135,-0.7050055265426636,0.10810811817646027,-0.7440400123596191,0.22814007103443146,1.3454091548919678
Leucopsar rothschildi,-0.3133080303668976,0.8409122228622437,-0.4286738336086273,-0.5581149458885193,-1.2217369079589844,-0.2675873637199402,0.3585164248943329,0.5951594114303589
Lexias pardalis,0.12539783120155334,0.5723628997802734,-0.3459370732307434,-1.397904872894287,0.17823725938796997,0.5060796737670898,0.030313806608319283,-1.465975284576416
Libellago lineata,0.5073133707046509,-0.549117922782898,-0.4665783643722534,-0.39361223578453064,0.831839919090271,0.057814087718725204,-0.05990521237254143,1.518728494644165
Libellago phaethon,0.16488009691238403,-0.444435179233551,0.0874243825674057,0.33222121000289917,1.688342571258545,0.6018843650817871,-0.07898959517478943,0.922615647315979
Libythea narina,0.7550206780433655,-0.1974465399980545,0.9640416502952576,0.397030770778656,-0.8016484379768372,-0.9792803525924683,-0.9885991811752319,-0.4062157869338989
Limnodromus semipalmatus,-1.1202900409698486,-0.8908332586288452,0.38160842657089233,-0.4168583154678345,-0.270729660987854,0.7867659330368042,0.7312018871307373,-1.114935278892517
Limnonectes blythii,0.5852361917495728,0.005712347105145454,0.053145796060562134,-1.3820619583129883,-0.1389675736427307,-0.3387884795665741,-0.6740198135375977,0.29091233015060425
Limnonectes hascheanus,0.31318339705467224,0.22018234431743622,-0.21422745287418365,-1.5751549005508423,-0.36783987283706665,-0.3108786642551422,-0.15783214569091797,0.0591941773891449
Limnonectes kuhlii,0.33416497707366943,0.8188743591308594,-0.7753210067749023,-1.389857292175293,0.2942469120025635,-0.8535196781158447,-0.8685951232910156,-0.282890260219574
Limnonectes malesianus,0.5160452127456665,0.7925952672958374,-0.6138513684272766,-1.674459457397461,0.25299495458602905,-0.6346704363822937,-0.5852946043014526,-0.21040858328342438
Limnonectes microdiscus,0.33104127645492554,0.957044780254364,-0.785374641418457,-1.2554666996002197,0.5008925199508667,-0.8551025986671448,-0.7724206447601318,-0.27492204308509827
Limnonectes woodworthi,-0.14314697682857513,0.26251256465911865,-1.2333334684371948,-1.031508445739746,0.5331644415855408,0.4271966218948364,-0.434928834438324,0.8783546686172485
Limosa limosa,-1.0464295148849487,-0.9148560166358948,0.47350502014160156,-0.43027493357658386,-0.3940572142601013,0.9147055149078369,0.7268785238265991,-1.0565333366394043
Linckia laevigata,1.0266077518463135,-0.40184205770492554,0.14688639342784882,-0.7549608945846558,-0.1552572250366211,-0.12240731716156006,-1.0754374265670776,0.9690114855766296
Lindenbergia philippensis,-0.2011096477508545,-0.08057200908660889,-0.3158763647079468,-1.020642876625061,0.7431589365005493,0.021670669317245483,-0.19019192457199097,1.2480509281158447
Liocichla ripponi,-0.16112235188484192,-1.4700367450714111,-0.46642521023750305,-0.191890150308609,-0.06897619366645813,0.637619137763977,-0.4589575231075287,0.09542126953601837
Liparis condylobulbon,1.2913283109664917,-0.6074967384338379,-0.011407890357077122,-0.034737568348646164,1.450469732284546,-0.3907371461391449,0.5524920225143433,0.10448350757360458
Lissachatina fulica,0.3437337875366211,-0.11205355077981949,1.0343220233917236,-0.30386167764663696,-1.4251078367233276,0.6759839057922363,-0.7293051481246948,-0.5044752359390259
Littoraria angulifera,-0.5604016780853271,0.2534489333629608,0.5633598566055298,0.10430918633937836,0.8263137340545654,-0.4976476728916168,0.5306516885757446,-0.6448352932929993
Lobaria pulmonaria,0.9323344230651855,-0.5123683214187622,0.16397562623023987,0.2883707284927368,-0.3155209720134735,-0.11226310580968857,-0.8997972011566162,-0.7365065217018127
Locustella certhiola,0.4060000777244568,-0.5552412867546082,-0.18638868629932404,-0.1396554559469223,-0.7815800309181213,-0.07643809914588928,-0.7216939926147461,-1.144791841506958
Logania marmorata,-0.22619253396987915,0.19859041273593903,0.5738005042076111,-1.9401710033416748,0.42478296160697937,0.3550313115119934,0.20601369440555573,-0.361409068107605
Lonchodes brevipes,0.31715282797813416,1.1602985858917236,-0.24689504504203796,-0.5427747964859009,1.0118509531021118,-0.36640286445617676,-0.39776766300201416,-0.24327675998210907
Lonchura atricapilla,-0.4830407500267029,0.23846577107906342,-0.30352967977523804,1.2138328552246094,-0.47855910658836365,-0.2723400294780731,1.2075262069702148,-0.41662535071372986
Lonchura leucogastroides,0.11461564898490906,0.3191738426685333,0.10907907038927078,1.035064935684204,0.01129872165620327,-1.3598817586898804,0.8925493955612183,0.125713050365448
Lonchura maja,-0.2438414990901947,0.42775100469589233,-0.08709888905286789,0.7712560892105103,-0.24792975187301636,-1.2599925994873047,0.7361533045768738,0.8194301128387451
Lonchura oryzivora,-0.3820914626121521,0.29648733139038086,-0.2852077782154083,1.4041001796722412,-1.0748467445373535,0.028453679755330086,0.8268309235572815,-0.3740417957305908
Lonchura punctulata,-0.06181713938713074,0.10780853778123856,0.6742419004440308,0.7172369956970215,-1.4399628639221191,0.3314819931983948,0.16884642839431763,-0.9162325859069824
Lonchura striata,-0.10175371170043945,-0.3979068398475647,-0.5001811981201172,1.02928626537323,-1.0070475339889526,0.6097003221511841,0.07749776542186737,0.2082185447216034
Lophura ignita,-0.09034852683544159,-0.11537103354930878,0.65381920337677,-1.2879034280776978,-0.0020260708406567574,1.3273698091506958,-0.7199035286903381,0.004415792413055897
Lophura inornata,-0.3144512176513672,0.23774665594100952,0.11371716856956482,-1.9193110466003418,-0.1491994559764862,0.8429211974143982,-0.40462201833724976,0.2078419178724289
Lophyra fuliginosa,-0.5139034986495972,0.12057015299797058,-0.5708882212638855,-1.0093598365783691,-0.366117924451828,-0.5654387474060059,0.2124788910150528,1.4481103420257568
Loriculus galgulus,-0.5604016780853271,0.2534489333629608,0.5633598566055298,0.10430918633937836,0.8263137340545654,-0.4976476728916168,0.5306516885757446,-0.6448352932929993
Loriculus philippensis,-0.3070462942123413,0.034033238887786865,-0.5589277148246765,0.5651266574859619,-0.936234176158905,-0.4955677390098572,0.15192954242229462,1.3720686435699463
Ludisia discolor,0.6762790679931641,1.3263812065124512,-0.31196242570877075,-0.1181778758764267,0.4941207766532898,0.5861215591430664,0.6501020193099976,-1.2885777950286865
Ludwigia sedioides,-0.5604016780853271,0.2534489333629608,0.5633598566055298,0.10430918633937836,0.8263137340545654,-0.4976476728916168,0.5306516885757446,-0.6448352932929993
Luthrodes pandava,-0.5455077886581421,0.2823828458786011,-0.16885334253311157,0.6109473705291748,-0.8025319576263428,-1.7066023349761963,0.6101526021957397,0.34329289197921753
Lutrogale perspicillata,0.14303861558437347,1.1879940032958984,-0.0638691857457161,-0.8595787286758423,0.5709104537963867,0.2548871636390686,-0.4757634103298187,-0.5067116618156433
Lycaenopsis marginata,-0.731307327747345,-0.0721566379070282,0.2554444968700409,-0.7313072681427002,-0.2645077705383301,-0.6491802334785461,0.013533614575862885,1.8337538242340088
Lychas scutilus,0.3512718081474304,1.4464330673217773,0.027804195880889893,-0.809518039226532,0.7878198027610779,0.25556278228759766,-0.6779200434684753,0.14189830422401428
Lygodium microphyllum,0.3512718081474304,1.4464330673217773,0.027804195880889893,-0.809518039226532,0.7878198027610779,0.25556278228759766,-0.6779200434684753,0.14189830422401428
Lyssa zampa,0.3512718081474304,1.4464330673217773,0.027804195880889893,-0.809518039226532,0.7878198027610779,0.25556278228759766,-0.6779200434684753,0.14189830422401428
Macaca fascicularis,0.40366214513778687,-0.23823773860931396,1.1662099361419678,-0.2272801250219345,-1.4925205707550049,0.3564939498901367,-0.7802413702011108,-0.4817279577255249
Macaca leonina,-0.05270402878522873,-1.2265665531158447,-0.8453884720802307,0.8233859539031982,0.08208818733692169,0.5938529372215271,-0.2509317994117737,1.0908385515213013
Macaca mulatta,0.01798667013645172,-1.47529935836792,-0.9274447560310364,0.5618915557861328,0.5932064056396484,0.22854876518249512,-0.03682670369744301,1.0386672019958496
Macaca nemestrina,0.8842654228210449,-1.338189721107483,0.22469869256019592,-0.3195127248764038,0.0858423262834549,0.8168694972991943,-0.14027509093284607,-0.9933674931526184
Macaranga heynei,0.7439725399017334,1.067884922027588,-0.7031643390655518,-0.048997312784194946,0.8170223236083984,-0.08089087903499603,0.07796360552310944,0.678381085395813
Macaranga hypoleuca,1.1759295463562012,0.7852640748023987,-0.761451244354248,0.295029878616333,0.5078158974647522,-0.08624118566513062,0.0862303376197815,0.7298896312713623
Macaranga tanarius,0.8684157133102417,-0.4903477728366852,0.1911386400461197,-0.6815661787986755,-1.4922664165496826,-0.32197409868240356,0.7182015180587769,-0.07000617682933807
Macaria abydata,0.18750619888305664,0.6486021280288696,-0.2172631174325943,-0.800781786441803,-0.9780815243721008,0.054098546504974365,-0.7683565020561218,1.3788020610809326
Macracantha arcuata,1.5063639879226685,-0.6819555163383484,-0.45164307951927185,-0.11788313090801239,0.768365740776062,0.30214259028434753,-0.4750264585018158,0.6624666452407837
Macracantha hasselti,1.4521019458770752,-0.05376610532402992,-0.47420263290405273,0.08426898717880249,0.7840091586112976,0.7511180639266968,-0.6804786920547485,0.8917334079742432
Macrochenus guerinii,-1.3465209007263184,-0.4302838444709778,-0.8058463335037231,-0.23949182033538818,-0.6262414455413818,0.5483124852180481,-0.07594792544841766,-0.7391442656517029
Macrodiplax cora,-0.011433360166847706,-1.4243800640106201,-0.47156858444213867,0.539616584777832,0.9938531517982483,0.5603217482566833,-0.9124190211296082,0.01115540973842144
Macroglossum sitiene,0.25776517391204834,0.18860216438770294,0.8665614128112793,-0.8807402849197388,1.0342148542404175,1.1688607931137085,0.013226745650172234,-0.2668699622154236
Macronus gularis,-1.3465209007263184,-0.4302838444709778,-0.8058463335037231,-0.23949182033538818,-0.6262414455413818,0.5483124852180481,-0.07594792544841766,-0.7391442656517029
Macropygia ruficeps,-0.432692289352417,0.35965973138809204,-1.4239047765731812,0.5868462324142456,-0.6445825695991516,-1.237869143486023,-0.21061381697654724,-0.4422231614589691
Macrotermes carbonarius,0.9323344230651855,-0.5123683214187622,0.16397562623023987,0.2883707284927368,-0.3155209720134735,-0.11226310580968857,-0.8997972011566162,-0.7365065217018127
Malacocincla sepiaria,-0.33540135622024536,-0.654382586479187,-1.0077199935913086,-0.274466872215271,-0.5821581482887268,-0.5705208778381348,0.608681321144104,0.805024266242981
Mallotus philippensis,-0.7645053267478943,-0.21234852075576782,-0.43421700596809387,-0.0927979052066803,0.6385541558265686,0.7410357594490051,1.4935014247894287,0.9140761494636536
Malpighia emarginata,-1.3465209007263184,-0.4302838444709778,-0.8058463335037231,-0.23949182033538818,-0.6262414455413818,0.5483124852180481,-0.07594792544841766,-0.7391442656517029
Mangifera indica,-1.2287585735321045,-0.4280126392841339,-1.0416913032531738,-0.3863455355167389,-0.7523112297058105,0.5223414301872253,0.1212921142578125,-0.4537546932697296
Manihot esculenta,0.7522465586662292,-0.3519349694252014,0.2518641948699951,-0.7431662082672119,-1.297055721282959,-0.33172035217285156,0.7877324819564819,0.6003501415252686
Manilkara zapota,0.310519814491272,1.5057642459869385,0.19214984774589539,-0.3782271146774292,0.8004375100135803,-0.20634825527668,-0.19488996267318726,0.035224512219429016
Marcius longirostris,-0.5078896284103394,-0.011036500334739685,-0.6624027490615845,-1.1995773315429688,-0.4741523265838623,-0.6240994930267334,0.1938878893852234,1.170597791671753
Mariaella dussumieri,0.3512718081474304,1.4464330673217773,0.027804195880889893,-0.809518039226532,0.7878198027610779,0.25556278228759766,-0.6779200434684753,0.14189830422401428
Martes flavigula,-0.7197861671447754,-0.0908108651638031,-0.44511425495147705,-0.4700741767883301,-0.1808396726846695,0.47359034419059753,-0.23835788667201996,-1.090309500694275
Maruca vitrata,0.0007272876682691276,0.009806172922253609,-1.4169285297393799,0.00829874724149704,-0.7118964195251465,1.275573968887329,-0.7795388698577881,0.3814689517021179
Marumba amboinicus,-0.2264067828655243,0.14510782063007355,0.41633015871047974,-1.5374547243118286,-0.14172625541687012,0.6085336208343506,0.13610151410102844,-0.7708784341812134
Matapa aria,-0.6692264080047607,-1.8192079067230225,0.006590979173779488,0.08692128956317902,0.0693153366446495,-0.020176570862531662,-0.8958449363708496,-0.011204198002815247
Mecardonia procumbens,-0.5139034986495972,0.12057015299797058,-0.5708882212638855,-1.0093598365783691,-0.366117924451828,-0.5654387474060059,0.2124788910150528,1.4481103420257568
Mecopoda stridulata,-0.24716374278068542,0.3465192914009094,0.5293881893157959,0.16803418099880219,0.7068251371383667,-0.5546756982803345,0.28272223472595215,-0.7992734313011169
Megaloxantha descarpentriesi,-0.4558654725551605,-0.35012727975845337,0.4311087131500244,0.11639150977134705,0.721022367477417,-0.31202101707458496,1.2765402793884277,-0.0073915645480155945
Megalurus palustris,-0.9797596335411072,-0.48604702949523926,-0.7236237525939941,-0.4755070209503174,-0.7377293109893799,0.40719419717788696,-0.25369155406951904,-1.0528488159179688
Meganoton nyctiphanes,0.2638043165206909,0.38735759258270264,1.079474687576294,-1.093148946762085,0.8889337778091431,1.1740038394927979,0.013620411977171898,-0.05782729387283325
Megisba malaya,0.9955583810806274,0.00008604349568486214,0.17992433905601501,-0.6116293668746948,1.1438899040222168,-1.0021679401397705,-0.010769273154437542,-1.0385651588439941
Megophrys nasuta,-0.4818044900894165,-0.020331531763076782,0.16730070114135742,-0.09102390706539154,0.6790758371353149,-0.2500913143157959,0.4389525055885315,-0.6643147468566895
Meiglyptes tristis,1.3597908020019531,-0.4312160611152649,1.2751504182815552,0.42338094115257263,-1.0182253122329712,-0.04529818892478943,-0.18871863186359406,-0.14610937237739563
Melanitis phedima,0.8512592315673828,0.283378541469574,-1.180238962173462,-0.7523401975631714,1.320641279220581,0.3243042528629303,0.16757526993751526,-0.10955016314983368
Melanocyma faunula,-0.6150334477424622,0.7436493635177612,0.7889819145202637,-0.9328001737594604,0.4319864511489868,0.32004597783088684,0.9512203931808472,0.5246282815933228
Melastoma malabathricum,-0.08438332378864288,-0.29842519760131836,-0.15896977484226227,0.554699182510376,1.8435423374176025,0.3433545231819153,0.4233816862106323,-0.20813758671283722
Melithaea ochracea,0.9323344230651855,-0.5123683214187622,0.16397562623023987,0.2883707284927368,-0.3155209720134735,-0.11226310580968857,-0.8997972011566162,-0.7365065217018127
Melochia corchorifolia,-0.9254545569419861,-0.31067347526550293,-1.0416007041931152,-0.5801848769187927,-0.601312518119812,-0.6427093744277954,0.8500099182128906,-0.32920998334884644
Menemerus bivittatus,0.2390463650226593,-1.022315502166748,0.18560487031936646,1.0370674133300781,-0.0610775426030159,0.8202852606773376,1.2381606101989746,0.09695174545049667
Menemerus nigli,0.6627627015113831,0.047763679176568985,1.0339992046356201,1.1248661279678345,-1.1464247703552246,-0.30994927883148193,0.5434629917144775,0.5336315631866455
Menetes berdmorei,-0.8195757865905762,1.3585964441299438,0.08240056782960892,-0.5657641887664795,0.6385103464126587,0.11651238799095154,0.09153976291418076,1.2750041484832764
Merops leschenaulti,-0.745062530040741,0.08929171413183212,-0.005658555775880814,0.248386412858963,-0.840819239616394,0.4474031925201416,0.5032959580421448,0.3945081830024719
Merops orientalis,0.022747546434402466,-0.1822412610054016,-0.2873871326446533,0.41357147693634033,-0.7207031846046448,0.28271758556365967,0.43280333280563354,1.1411776542663574
Merops philippinus,0.24840033054351807,0.7250383496284485,0.6126689910888672,0.43588024377822876,-1.3631058931350708,0.4755047559738159,-1.0391384363174438,0.737592875957489
Merops viridis,0.9463608264923096,0.35367196798324585,0.9061992168426514,-0.43419885635375977,0.5410107970237732,-0.9414952993392944,0.6457009315490723,0.18840308487415314
Metaemene atrigutta,-0.4920114576816559,1.1305971145629883,0.08434662967920303,-0.26444578170776367,1.0531787872314453,-0.5862739682197571,0.7230859994888306,-0.08602402359247208
Metapocyrtus adspersus,0.3512718081474304,1.4464330673217773,0.027804195880889893,-0.809518039226532,0.7878198027610779,0.25556278228759766,-0.6779200434684753,0.14189830422401428
Metopidius indicus,0.9323344230651855,-0.5123683214187622,0.16397562623023987,0.2883707284927368,-0.3155209720134735,-0.11226310580968857,-0.8997972011566162,-0.7365065217018127
Mexichromis trilineata,0.15456566214561462,1.076494574546814,0.4237128496170044,-0.99991774559021,-0.10686643421649933,-0.5850315093994141,-0.6276640892028809,1.3016835451126099
Miconia crenata,-0.29908856749534607,0.18150871992111206,-0.5729755163192749,-0.6716629266738892,0.23794059455394745,-0.4175340533256531,0.48910006880760193,1.3360081911087036
Micraspis discolor,0.8927276730537415,0.2146085500717163,-0.36268413066864014,0.8181387782096863,0.31824052333831787,-0.1577928513288498,-0.2498963624238968,-0.7684308290481567
Microcarbo niger,0.8452940583229065,-0.7090449333190918,0.6931004524230957,0.0466514453291893,-0.7034333944320679,-0.19686730206012726,-1.08681058883667,-0.19582727551460266
Microhierax fringillarius,0.6896899938583374,0.10739322006702423,0.8931488394737244,-0.2578883469104767,0.4222753643989563,-0.722420871257782,0.2518590986728668,0.5820246934890747
Microhyla heymonsi,0.2392769455909729,-0.688339352607727,-0.057915180921554565,0.8235104084014893,1.5093486309051514,0.40783774852752686,0.9813598394393921,0.010948941111564636
Microporus xanthopus,-0.0913057029247284,-0.4199134111404419,-0.062100399285554886,0.47813013195991516,1.7501587867736816,0.8685083389282227,0.4871726632118225,-0.44963183999061584
Milionia coronifera,0.062178950756788254,0.6071068048477173,-0.14638176560401917,-0.7735356688499451,-0.8137301206588745,0.19243104755878448,-0.735447883605957,1.4983088970184326
Miltochrista irregularis,-0.3609454035758972,-1.7830559015274048,-0.01647295616567135,0.7676597237586975,0.5992634296417236,0.13241752982139587,0.6199901103973389,-0.33326324820518494
Milvus migrans,0.5159674286842346,1.287416934967041,-0.8382659554481506,0.25687912106513977,0.18285933136940002,-0.8251262903213501,0.29908233880996704,0.5760816335678101
Mimosa diplotricha,-1.32272207736969,-0.5889133214950562,0.18340745568275452,0.012546829879283905,-1.50009286403656,-0.07282828539609909,-0.085375115275383,-0.6586371064186096
Mimosa pigra,-1.356156587600708,-0.5264648199081421,-0.024236969649791718,0.055691324174404144,-1.3634846210479736,-0.1382899284362793,-0.17713263630867004,-0.833715558052063
Mimosa pudica,1.0128214359283447,-0.7699638605117798,0.29466962814331055,1.240868091583252,-0.39387547969818115,-0.3919222950935364,-0.698340892791748,-0.6516016721725464
Mimusops elengi,-0.3037218451499939,0.7651036977767944,0.7213889956474304,0.13915377855300903,0.8415103554725647,-0.6567562222480774,0.5261130332946777,-0.40889889001846313
Mirabilis jalapa,0.6246157884597778,-0.06085128337144852,0.584243655204773,-0.3417883515357971,0.8850125670433044,-0.5394522547721863,-0.08811261504888535,1.1385610103607178
Moduza procris,0.5580345392227173,0.5767712593078613,-0.44728177785873413,0.9442174434661865,-0.568027138710022,0.466736763715744,-1.112007975578308,1.1872639656066895
Momordica charantia,-0.7392991781234741,-0.06908205151557922,-0.2619365453720093,-0.07564431428909302,-0.20526190102100372,-1.205282211303711,0.8180675506591797,1.2061567306518555
Monetaria annulus,-0.10988207161426544,0.7526873350143433,-0.7013159990310669,-0.6839147806167603,-0.12150460481643677,0.039467014372348785,-1.0506150722503662,1.4335737228393555
Monomorium destructor,1.8394289016723633,-0.9267839789390564,0.5136634111404419,-0.08640364557504654,0.21362990140914917,-0.42725980281829834,-0.1994907110929489,0.08640364557504654
Monticola gularis,-1.4055728912353516,-0.05338340997695923,-0.4498400092124939,0.5481464266777039,-0.26284071803092957,0.1508476436138153,-0.1692175269126892,0.20799745619297028
Monticola solitarius,0.7498449087142944,-1.0655124187469482,-1.0935966968536377,-0.24068649113178253,0.6147940158843994,-0.4522106945514679,-0.4769972860813141,0.7463831901550293
Morinda citrifolia,0.7597880363464355,-0.9448350667953491,-0.012164637446403503,-0.6140562295913696,-0.2202223241329193,-0.38576459884643555,0.30032047629356384,1.2930843830108643
Moringa oleifera,-0.5604016780853271,0.2534489333629608,0.5633598566055298,0.10430918633937836,0.8263137340545654,-0.4976476728916168,0.5306516885757446,-0.6448352932929993
Mortonagrion aborense,-1.1355066299438477,-0.3819634020328522,-1.0294016599655151,0.49553707242012024,0.06311069428920746,0.9792239665985107,-0.259690523147583,-0.7859206795692444
Motacilla alba,-0.2157147079706192,-0.6503264307975769,-0.29982712864875793,1.1733543872833252,-0.5086052417755127,0.6685742139816284,-0.14358825981616974,0.9512448310852051
Motacilla cinerea,-0.6667108535766602,0.2874101400375366,0.009093817323446274,0.3301973044872284,-0.48470234870910645,-0.4126933217048645,0.5415875315666199,1.2029106616973877
Motacilla tschutschensis,-0.05539577454328537,0.8661244511604309,-0.8014788627624512,0.17643523216247559,0.010802611708641052,0.6774837970733643,-0.9108669757843018,0.10101580619812012
Muntingia calabura,0.9898720383644104,-0.04030498117208481,-1.203721046447754,0.24012628197669983,-1.0172258615493774,0.32261061668395996,0.07650518417358398,-0.6079747676849365
Murex ternispina,-0.2011096477508545,-0.08057200908660889,-0.3158763647079468,-1.020642876625061,0.7431589365005493,0.021670669317245483,-0.19019192457199097,1.2480509281158447
Musa itinerans,0.2935763895511627,-1.2658500671386719,0.12087452411651611,0.6469172835350037,-0.4789351224899292,0.3000258803367615,-0.637340784072876,-0.6704390048980713
Musa paradisiaca,-0.7127729654312134,-1.2626235485076904,-0.619887113571167,0.4560685157775879,-0.5896158814430237,0.5686120986938477,-0.05374228209257126,-0.8045705556869507
Musa textilis,-0.3041582703590393,-1.4021010398864746,-0.6091854572296143,0.17221364378929138,0.1350201815366745,0.21500375866889954,0.0938711017370224,0.37013447284698486
Musa velutina,-0.30991291999816895,-0.3854609727859497,0.23036479949951172,0.7899501323699951,0.5509220361709595,-0.2875751852989197,0.45960360765457153,-0.6806913018226624
Muscicapa griseisticta,1.1222262382507324,-0.02212006226181984,-1.1677348613739014,-0.1815509796142578,0.228753924369812,-0.5024234056472778,-0.5611974000930786,1.0544745922088623
Muscicapa latirostris,-0.4568578600883484,-0.8240394592285156,-1.0451254844665527,1.3270238637924194,-0.2637210786342621,-0.01893201470375061,0.3737873136997223,-0.44775813817977905
Mycalesis aramis,-1.0947325229644775,-0.9672876596450806,0.8398428559303284,0.9672876596450806,0.0,-0.9672877788543701,0.0,0.0
Mycalesis gotama,0.7291716933250427,-0.04752317816019058,1.0949904918670654,0.4453985095024109,-1.09311044216156,-0.7355233430862427,-1.0058143138885498,-0.12772193551063538
Mycalesis ita,-0.9845696687698364,-0.9845696687698364,0.9845696687698364,0.9845696687698364,0.0,-0.984569787979126,0.0,0.1420818716287613
Mycalesis marginata,-0.6150334477424622,0.7436493635177612,0.7889819145202637,-0.9328001737594604,0.4319864511489868,0.32004597783088684,0.9512203931808472,0.5246282815933228
Mycalesis mineus,0.15943385660648346,0.5590090751647949,-0.40996652841567993,-1.504000186920166,0.20443251729011536,0.504348635673523,-0.010991938412189484,-1.3694638013839722
Mycalesis perseoides,0.12539783120155334,0.5723628997802734,-0.3459370732307434,-1.397904872894287,0.17823725938796997,0.5060796737670898,0.030313806608319283,-1.465975284576416
Mycalesis perseus,0.4833635091781616,0.7697268724441528,-0.6691261529922485,-0.9839870929718018,0.35121577978134155,0.6503940224647522,-0.8964337706565857,-0.9094184637069702
Mycena chlorophos,0.3512718081474304,1.4464330673217773,0.027804195880889893,-0.809518039226532,0.7878198027610779,0.25556278228759766,-0.6779200434684753,0.14189830422401428
Mycteria leucocephala,0.24340176582336426,-0.7188017964363098,-0.6121444702148438,-0.13610780239105225,-0.748236894607544,1.112033724784851,0.18059784173965454,0.43809908628463745
Myiomela sumatrana,-0.30395281314849854,1.533393383026123,-1.0266952514648438,-0.3281176686286926,0.34965163469314575,0.2239513397216797,-0.3192000985145569,0.7274848222732544
Myophonus caeruleus,-0.7319490313529968,-1.6181613206863403,-0.8488489389419556,-0.42277979850769043,0.6318246126174927,0.28165704011917114,-0.043307989835739136,0.027400454506278038
Myophonus castaneus,-0.13530927896499634,1.5981614589691162,-0.9943788051605225,-0.2386871874332428,0.44944143295288086,0.260592520236969,-0.44689691066741943,0.8328084349632263
Myophonus melanurus,-0.1347692608833313,1.5875990390777588,-1.1306228637695312,-0.2361311912536621,0.44037261605262756,0.2563506066799164,-0.44553664326667786,0.8298020362854004
Myrmaplata plataleoides,0.735015332698822,-0.5528825521469116,-0.9954641461372375,0.7185992002487183,-0.8311090469360352,0.7570427656173706,0.8240686655044556,-0.4770810008049011
Myrmarachne melanocephala,0.0811411514878273,-0.7565460801124573,0.20406177639961243,0.5571730136871338,0.5797725915908813,0.4824686646461487,0.8844403624534607,-0.8584111332893372
Mystrium camillae,1.936558723449707,-0.8776188492774963,0.34814900159835815,0.0,0.17407450079917908,-0.34814900159835815,-0.3553953766822815,0.0
Nacaduba angusta,1.1788949966430664,-0.002312752418220043,0.3246147632598877,-0.5940183401107788,0.9519487619400024,-0.9152313470840454,-0.001814050367102027,-0.9312784671783447
Nacaduba beroe,-0.731307327747345,-0.0721566379070282,0.2554444968700409,-0.7313072681427002,-0.2645077705383301,-0.6491802334785461,0.013533614575862885,1.8337538242340088
Nacaduba kurava,-0.4017409086227417,0.201734259724617,-0.2931169867515564,0.6290369033813477,-0.8196269273757935,-1.6584808826446533,0.6722301244735718,0.4636108875274658
Napothera macrodactyla,-1.025141954421997,-0.11862486600875854,0.7319695353507996,0.049605920910835266,0.514494001865387,-0.3054855465888977,0.4363519549369812,-0.9261026382446289
Napothera rufipectus,-0.2940974831581116,-0.2922079861164093,-0.5805342197418213,0.10122667253017426,-0.8421909809112549,-0.4963245391845703,0.856880784034729,1.0304659605026245
Nardoa tuberculata,1.0899410247802734,-0.7905359864234924,0.15668614208698273,-0.44870632886886597,-0.5216306447982788,-0.1347397416830063,-1.1451857089996338,0.6770302057266235
Nasalis larvatus,0.6861996650695801,-1.051234245300293,0.6509443521499634,-0.6403882503509521,0.0917421281337738,0.7863566875457764,-0.05871002376079559,-1.298663854598999
Nelumbo nucifera,0.9323344230651855,-0.5123683214187622,0.16397562623023987,0.2883707284927368,-0.3155209720134735,-0.11226310580968857,-0.8997972011566162,-0.7365065217018127
Nembrotha cristata,-1.0945677757263184,1.239532232284546,0.0189568642526865,0.08769392967224121,0.483318567276001,-0.17448857426643372,0.0729491114616394,1.4170072078704834
Nembrotha lineolata,-0.19675728678703308,-0.11064810305833817,-0.18981054425239563,0.4822191596031189,0.6258350014686584,-0.02423405833542347,-0.1563493013381958,1.781667947769165
Nembrotha milleri,-1.0287219285964966,1.1512563228607178,0.09203013777732849,0.12812507152557373,0.4988737404346466,-0.14759249985218048,0.006373027339577675,1.435606598854065
Neoduma kuangtungensis,1.4070289134979248,-0.715269923210144,0.8418220281600952,-0.9932125806808472,-0.12967383861541748,-0.7352735996246338,-0.04941703379154205,0.4524015188217163
Neophocaena phocaenoides,-1.3465209007263184,-0.4302838444709778,-0.8058463335037231,-0.23949182033538818,-0.6262414455413818,0.5483124852180481,-0.07594792544841766,-0.7391442656517029
Neopithecops zalmora,-0.47210851311683655,0.387753427028656,-0.9800230264663696,-1.597504734992981,0.6878498792648315,0.3036246597766876,-0.3698597550392151,-0.5278421640396118
Neorina lowii,-0.6150334477424622,0.7436492443084717,0.7889819145202637,-0.9328002333641052,0.4319864809513092,0.32004597783088684,0.9512203931808472,0.5246282815933228
Neostylopyga rhombifolia,-1.3465209007263184,-0.4302838444709778,-0.8058463335037231,-0.23949182033538818,-0.6262414455413818,0.5483124852180481,-0.07594792544841766,-0.7391442656517029
Nepenthes gracilis,-0.4129188060760498,0.2778390049934387,0.4255593419075012,-0.26319339871406555,0.7044227123260498,-0.5174145698547363,0.7486944198608398,-0.06738348305225372
Nepenthes tobaica,-0.37667566537857056,0.12288873642683029,-0.3894863724708557,-0.8381388187408447,-0.0895787924528122,-0.6658543348312378,0.35543912649154663,1.3494601249694824
Nephila kuhli,1.0707035064697266,0.754976212978363,-0.08450400829315186,-0.42959481477737427,1.016279697418213,0.44886866211891174,-0.732869029045105,0.8584418892860413
Nephila pilipes,0.024185560643672943,0.7347958087921143,0.5482803583145142,0.5549988746643066,-1.3583050966262817,0.43961453437805176,-0.9925900101661682,0.5190274715423584
Nephilengys malabarensis,1.6049952507019043,0.27413296699523926,-0.2725452184677124,0.40041226148605347,-0.47545480728149414,-0.09880717098712921,-0.3696841299533844,-0.30175304412841797
Nephrolepis biserrata,-0.2011096477508545,-0.08057200908660889,-0.3158763647079468,-1.020642876625061,0.7431589365005493,0.021670669317245483,-0.19019192457199097,1.2480509281158447
Neptis harita,-0.6150334477424622,0.7436493635177612,0.7889819145202637,-0.9328001737594604,0.4319864511489868,0.32004597783088684,0.9512203931808472,0.5246282815933228
Neptis hylas,0.9373475313186646,0.1429169476032257,-0.3310185372829437,0.9420582056045532,-0.5028581023216248,0.7480440139770508,-0.8759512305259705,1.2091385126113892
Neptis leucoporos,0.12539783120155334,0.5723628997802734,-0.3459370732307434,-1.397904872894287,0.17823725938796997,0.5060796737670898,0.030313806608319283,-1.465975284576416
Neptis vikasi,0.8512592315673828,0.28337860107421875,-1.180238962173462,-0.7523400783538818,1.3206411600112915,0.3243042826652527,0.16757526993751526,-0.10955014824867249
Nesogaster aculeatus,-0.2011096477508545,-0.08057200908660889,-0.3158763647079468,-1.020642876625061,0.7431589365005493,0.021670669317245483,-0.19019192457199097,1.2480509281158447
Neurothemis fluctuans,0.289880633354187,-0.8019840717315674,-0.7738001346588135,0.609708309173584,1.2318899631500244,0.7821340560913086,0.8359564542770386,0.04932963103055954
Neurothemis fulvia,-0.6893583536148071,-0.8640020489692688,-0.1749321073293686,0.04846246540546417,1.1812617778778076,0.33475738763809204,0.9540539383888245,-0.3077801465988159
Neurothemis intermedia,-0.6647275686264038,-0.5092728734016418,1.1392014026641846,-0.3637846112251282,0.2630442976951599,-0.028795823454856873,-0.26422226428985596,-1.593193531036377
Neurothemis terminata,-0.7908139228820801,1.231644868850708,1.004715919494629,-0.9650198221206665,0.7458217144012451,0.5255167484283447,-0.028020504862070084,0.1332641839981079
Neurothemis tullia,-0.5606018304824829,-0.19299425184726715,0.6123526096343994,-0.5111281871795654,0.06865732371807098,0.4134541153907776,-0.029599806293845177,-1.1952409744262695
Nevrina procopia,-0.02828078530728817,-0.39747631549835205,-0.8630989789962769,0.4320151209831238,-1.681984782218933,-0.278329461812973,-0.5565844774246216,0.14430251717567444
Nihonhimea mundula,0.3520161509513855,-0.538891077041626,-0.32054808735847473,1.2530384063720703,-0.5102793574333191,0.7676891088485718,-0.014399237930774689,1.0361666679382324
Niltava grandis,-0.6508410573005676,-1.7680160999298096,-0.759982168674469,-0.4312001168727875,0.6481820344924927,0.3953425884246826,-0.04424348473548889,-0.07871563732624054
Nisaetus cirrhatus,1.6997461318969727,-0.48177504539489746,-0.03927816450595856,0.4612196087837219,-0.4038827419281006,-0.28903329372406006,0.27596917748451233,-0.17002525925636292
Nisitrus malaya,0.6896899938583374,0.10739322006702423,0.8931488394737244,-0.2578883469104767,0.4222753643989563,-0.722420871257782,0.2518590986728668,0.5820246934890747
Nola pumila,0.15230786800384521,1.2703354358673096,0.13943734765052795,-1.0133358240127563,0.5028914213180542,0.16311262547969818,-0.5932201147079468,-0.24713441729545593
Nomascus gabriellae,0.37368351221084595,-0.8237053155899048,0.11764191091060638,0.3675510585308075,-0.6186462640762329,-0.07571261376142502,-0.657908022403717,-1.028563380241394
Nomia fuscipennis,-0.04448509216308594,1.3805460929870605,-0.0187227725982666,-1.0688565969467163,0.12900446355342865,0.18502838909626007,-0.37989795207977295,0.189573734998703
Nomia incerta,-0.6891396045684814,0.4145629405975342,-0.4444340765476227,-1.139777421951294,-0.5581096410751343,-0.3428226411342621,0.14629597961902618,1.264185905456543
Nososticta insignis,1.55891752243042,-0.3493046164512634,-1.2403337955474854,-0.1511724442243576,0.1048179343342781,0.24919460713863373,-0.21075595915317535,0.4313085675239563
Notocrypta paralysos,-1.2855327129364014,0.18291456997394562,-0.17163720726966858,1.4684648513793945,-0.22153539955615997,0.7009179592132568,0.034205734729766846,0.7609618902206421
Numenius arquata,-1.1030035018920898,-0.9267956614494324,0.48067203164100647,-0.4788922667503357,-0.2806259095668793,0.8503671288490295,0.6983789205551147,-1.0735324621200562
Numenius phaeopus,-0.2333851456642151,0.43321922421455383,0.24744832515716553,-1.1604174375534058,-0.4212205410003662,-0.0870848000049591,-0.06938689947128296,-0.9585689306259155
Nyctemera adversata,0.3929447531700134,-1.0870088338851929,0.06474621593952179,0.8412716388702393,-0.5877941846847534,-0.15966783463954926,-0.39859944581985474,0.17696818709373474
Nyctemera coleta,0.1673014760017395,-1.5134422779083252,0.20708096027374268,1.18655526638031,0.14157387614250183,0.14795899391174316,0.012217454612255096,-0.3922780752182007
Nycticorax caledonicus,1.0761761665344238,0.7626945972442627,-0.004987508058547974,0.375977486371994,-0.2920984625816345,-0.3270045518875122,0.014691323041915894,1.2384381294250488
Nycticorax nycticorax,0.2961069345474243,-0.010321877896785736,1.0951818227767944,0.03791676461696625,-1.4138998985290527,0.2765336036682129,-0.2654401659965515,-0.7191317081451416
Nymphaea rubra,0.3520161509513855,-0.538891077041626,-0.32054808735847473,1.2530384063720703,-0.5102793574333191,0.7676891088485718,-0.014399237930774689,1.0361666679382324
Nypa fruticans,-0.3499019742012024,-0.633448600769043,0.689944326877594,-0.9609703421592712,-0.08531355112791061,0.711914598941803,-0.6421021819114685,1.0240824222564697
Ochna serrulata,-0.2011096477508545,-0.08057200908660889,-0.3158763647079468,-1.020642876625061,0.7431589365005493,0.021670669317245483,-0.19019192457199097,1.2480509281158447
Ocimum tenuiflorum,-0.7384569048881531,-0.7757056951522827,-0.4045434594154358,-0.40313681960105896,-0.5712172985076904,1.16851806640625,1.1052014827728271,-0.313116192817688
Odontodactylus scyllarus,-0.5139034986495972,0.12057015299797058,-0.5708882212638855,-1.0093598365783691,-0.366117924451828,-0.5654387474060059,0.2124788910150528,1.4481103420257568
Odontomachus simillimus,1.936558723449707,-0.8776188492774963,0.34814903140068054,0.0,0.17407451570034027,-0.34814903140068054,-0.35539543628692627,0.0
Odontomantis planiceps,0.5046470165252686,1.1681115627288818,-0.011285863816738129,0.2219940572977066,-1.4013383388519287,-0.06297177076339722,0.873001217842102,-0.4082068204879761
Odontoponera denticulata,1.8875644207000732,-0.959277331829071,0.44357752799987793,0.0,0.22178876399993896,-0.44357752799987793,-0.1907985359430313,0.0
Oecophylla smaragdina,0.4163643717765808,-0.4386644959449768,1.013819694519043,-0.29362553358078003,-1.3093628883361816,0.6602464318275452,-0.6680301427841187,-0.7393697500228882
Olene mendosa,0.3821568489074707,-0.7514280080795288,-0.7372690439224243,1.3455095291137695,0.4812665581703186,-0.635459303855896,0.8286848068237305,-0.5830162167549133
Omiodes diemenalis,0.0007174181519076228,-0.09125671535730362,-1.4827401638031006,0.008344786241650581,-0.6778956055641174,1.2067281007766724,-0.7786797881126404,0.3575693368911743
Onomarchus uninotatus,0.6937465667724609,-0.2523190379142761,0.21527864038944244,0.43344560265541077,-0.12350533902645111,-0.35366910696029663,-0.734239935874939,-0.9259563684463501
Onychargia atrocyana,1.4023139476776123,-0.41447603702545166,-0.3051322102546692,-0.01115228421986103,-0.6808886528015137,-0.7951405048370361,1.0768442153930664,0.014072292484343052
Ophthalmis lincea,-0.41594234108924866,0.804745078086853,-0.5335679054260254,-0.9566335082054138,0.7939822673797607,-0.24642010033130646,0.22338131070137024,0.9741861820220947
Opisthodolichopus scandens,-0.4756506085395813,0.10266102105379105,0.11335065215826035,-1.1449248790740967,1.1634180545806885,-0.9327244758605957,-0.5886444449424744,-0.06929844617843628
Orchithemis pulcherrima,-0.6940056085586548,1.2317026853561401,1.0969616174697876,-1.0128575563430786,0.5353546142578125,0.4225313365459442,0.03571771830320358,0.29979783296585083
Oriolus chinensis,1.233705997467041,-0.7124899625778198,0.12931595742702484,0.07291524112224579,-0.08108102530241013,0.814193606376648,0.5864075422286987,-1.022580862045288
Oriolus xanthonotus,-1.197183609008789,0.4055819809436798,0.8572491407394409,0.25901052355766296,0.5900934338569641,-0.15509600937366486,0.10160648822784424,-0.2541002035140991
Oriolus xanthornus,0.7141250371932983,-0.44963890314102173,0.1382325291633606,0.4793688952922821,-0.4264345169067383,-0.3890670835971832,-0.9235251545906067,-0.9396922588348389
Orthetrum chrysis,0.2772983908653259,-0.7801811695098877,-0.5075713992118835,0.2703113555908203,1.564513921737671,0.4115389287471771,0.6363517045974731,-0.4380902051925659
Orthetrum glaucum,0.4213249683380127,-1.0351521968841553,0.04366704449057579,-0.3819720149040222,1.2648041248321533,0.89702969789505,0.3488881289958954,-0.41657429933547974
Orthetrum luzonicum,-0.6559040546417236,-0.49717408418655396,1.2137250900268555,-0.3672979474067688,0.2588321566581726,0.13125187158584595,-0.26368293166160583,-1.5805213451385498
Orthetrum pruinosum,-0.6789019703865051,-0.5238759517669678,1.2611095905303955,-0.36753904819488525,0.26801326870918274,0.06423667073249817,-0.26857808232307434,-1.5143680572509766
Orthetrum sabina,-0.08087845146656036,-0.8791568279266357,-0.5396133661270142,0.25610440969467163,1.5013961791992188,0.16465182602405548,0.7604159712791443,-0.7449080944061279
Orthetrum serapia,-0.01157446764409542,-1.30256187915802,-0.4605308771133423,0.6394295692443848,1.1817002296447754,0.3472363352775574,-0.8950501680374146,0.011264299042522907
Orthetrum testaceum,0.325499564409256,-0.8724403977394104,0.023389164358377457,-0.17398139834403992,1.2411093711853027,0.18583358824253082,0.8909012079238892,-0.612128734588623
Orthetrum triangulare,-0.5198237895965576,-0.34782934188842773,1.2185451984405518,-0.40829843282699585,0.34936290979385376,0.029459591954946518,-0.33965176343917847,-1.6206740140914917
Orthocraspeda furva,0.9323344230651855,-0.5123683214187622,0.16397562623023987,0.2883707284927368,-0.3155209720134735,-0.11226310580968857,-0.8997972011566162,-0.7365065217018127
Orthotomus atrogularis,0.6017965078353882,-0.7547974586486816,0.633667528629303,0.3881511986255646,0.38572824001312256,0.32270464301109314,-0.10416506230831146,0.24472975730895996
Orthotomus ruficeps,0.6966557502746582,0.8010167479515076,1.107446312904358,-0.08396323770284653,0.5830346345901489,-0.8365359306335449,0.14433304965496063,-0.4902985095977783
Orthotomus sepium,0.694028377532959,-0.25158411264419556,-0.8310535550117493,-0.21255606412887573,0.45059868693351746,0.26047709584236145,0.6981759071350098,1.3981668949127197
Orthotomus sutorius,0.5940256714820862,-0.32350587844848633,0.07992491871118546,1.0671052932739258,-0.3070359230041504,0.5959324836730957,0.10845078527927399,0.7793459892272949
Oryctes rhinoceros,0.3572756052017212,-0.49233734607696533,-0.9339038133621216,-0.05672074854373932,0.6825817227363586,-0.29870492219924927,-0.6958197355270386,0.5777129530906677
Osbornia octodonta,-0.8010481595993042,0.23068082332611084,-0.6257953643798828,-0.9726470708847046,-0.2929104268550873,-0.2720281183719635,-0.04621613025665283,1.2635729312896729
Otus lettia,0.7857778072357178,0.6342822909355164,-0.2791922986507416,0.9126294851303101,-1.2200040817260742,0.3894837498664856,0.7484171390533447,0.2640800476074219
Otus mantananensis,0.7295513153076172,1.0018445253372192,-0.4253726601600647,0.8609715700149536,-1.1681653261184692,0.3300960659980774,0.8719967603683472,0.2934167981147766
Otus sagittatus,0.6849366426467896,1.1711578369140625,-0.4030914008617401,0.7703263759613037,-1.226833462715149,0.15390098094940186,0.6041673421859741,0.3336320221424103
Otus sunia,0.5715927481651306,1.0083775520324707,-0.4472111165523529,0.9655928015708923,-1.1712360382080078,0.2770463228225708,0.8036473989486694,0.3782317638397217
Oudemansiella australis,0.9323344230651855,-0.5123683214187622,0.16397562623023987,0.2883707284927368,-0.3155209720134735,-0.11226310580968857,-0.8997972011566162,-0.7365065217018127
Oxalis barrelieri,-0.2571924924850464,0.15814143419265747,-0.7159993648529053,-1.1685824394226074,-0.540566623210907,-0.32176604866981506,0.1875772774219513,1.4358010292053223
Oxalis corniculata,0.8882121443748474,-0.25642892718315125,-0.18273195624351501,-0.9780949354171753,-1.2346347570419312,0.219731405377388,-0.4976564645767212,0.7450708150863647
Oxalis debilis,1.0248000621795654,-0.25364238023757935,0.10292434692382812,-0.9636415243148804,-1.2177906036376953,0.2175574004650116,-0.49228009581565857,0.5993092060089111
Oxya intricata,-1.3469361066818237,0.8741999864578247,-0.8843496441841125,0.531644880771637,0.585541844367981,-0.2065849006175995,0.8844690322875977,-0.1314721703529358
Oxyopes macilentus,-0.5661849975585938,0.284941166639328,0.4218265414237976,0.008180812001228333,0.6676315069198608,-0.6002991199493408,0.49532079696655273,-0.6748659610748291
Oxytate virens,-0.5736910104751587,0.2933885157108307,0.5735449194908142,0.20206455886363983,-0.308271586894989,0.35931476950645447,-0.5857700109481812,-1.201128363609314
Pachliopta aristolochiae,0.7517307996749878,-0.6308048963546753,0.25901931524276733,0.8435155153274536,-0.8996162414550781,0.9244616031646729,-0.6918891668319702,-0.626291811466217
Pachliopta kotzebuea,0.9049144983291626,0.11085286736488342,-0.7160650491714478,-0.0404018834233284,0.585777223110199,-0.4436119794845581,-0.11933398246765137,-0.41060134768486023
Pachliopta leytensis,0.8470932841300964,0.0947566032409668,-0.4626699686050415,-0.4720572233200073,0.7677837610244751,-0.4151580333709717,0.10415773093700409,0.04860614985227585
Paederia lanuginosa,0.7571110725402832,-1.2693588733673096,0.15052033960819244,-0.006105630658566952,0.9564589262008667,0.14195871353149414,0.5515753030776978,0.090983085334301
Paguma larvata,-1.205368995666504,-0.5983608961105347,-0.33697742223739624,-0.20568618178367615,-0.8394860029220581,0.27275779843330383,-0.23504638671875,-0.6472848653793335
Paguritta harmsi,-0.5604016780853271,0.2534489333629608,0.5633598566055298,0.10430918633937836,0.8263137340545654,-0.4976476728916168,0.5306516885757446,-0.6448352932929993
Pallavicinia lyellii,-0.5604016780853271,0.2534489333629608,0.5633598566055298,0.10430918633937836,0.8263137340545654,-0.4976476728916168,0.5306516885757446,-0.6448352932929993
Pandion haliaetus,0.3520161509513855,-0.538891077041626,-0.32054808735847473,1.2530384063720703,-0.5102793574333191,0.7676891088485718,-0.014399237930774689,1.0361666679382324
Pantala flavescens,-0.2873292565345764,-1.0964486598968506,-0.2482704222202301,-0.3029322028160095,0.8244364857673645,0.8589658737182617,-0.9535354375839233,0.39774173498153687
Panulirus versicolor,-0.5139034986495972,0.12057015299797058,-0.5708882212638855,-1.0093598365783691,-0.366117924451828,-0.5654387474060059,0.2124788910150528,1.4481103420257568
Papilio alphenor,0.9950684309005737,0.015098437666893005,-0.6912623643875122,-0.31295138597488403,0.8518534898757935,-0.4846327304840088,-0.07466638088226318,-0.183676078915596
Papilio demoleus,0.8152140974998474,0.7526324987411499,0.7331771850585938,0.77989661693573,-0.041848666965961456,-1.2153903245925903,-0.5397213101387024,0.3287695348262787
Papilio demolion,0.6568853259086609,0.7735440135002136,0.12497571855783463,0.16346846520900726,-0.9314213991165161,-0.9996401071548462,-0.6973910331726074,0.8419095277786255
Papilio helenus,0.6577799320220947,1.2895925045013428,-0.8216663599014282,-0.4224396347999573,-0.3183513879776001,-0.32005810737609863,1.304135799407959,-0.1730155348777771
Papilio iswara,0.7127561569213867,1.3257756233215332,-0.62689208984375,-0.4428201913833618,-0.3781738877296448,-0.21214383840560913,1.336264729499817,-0.27220845222473145
Papilio memnon,0.7148893475532532,0.8408474326133728,-1.1597607135772705,-0.06907162070274353,0.21834585070610046,-0.3972206115722656,1.0522863864898682,-0.38810449838638306
Papilio palinurus,0.5797119140625,1.3913462162017822,-0.6477958559989929,-0.3281218111515045,-0.2861923575401306,-0.4463762044906616,1.2948558330535889,-0.2761165499687195
Papilio polytes,0.6654046177864075,0.2713237404823303,-1.2861580848693848,0.31361401081085205,0.9998943209648132,-0.07935282588005066,-0.05675813555717468,-0.4410433769226074
Paradoxornis guttaticollis,-0.3329044580459595,-0.8148147463798523,0.14216496050357819,-0.4466053545475006,0.08117407560348511,0.3993735909461975,0.4098992645740509,-0.28117185831069946
Paradoxurus hermaphroditus,0.09110239148139954,-0.6866632699966431,0.3026081621646881,0.17173856496810913,-0.8903291821479797,-0.22382338345050812,-0.7227810621261597,-0.6222800016403198
Paragomphus capricornis,0.342702716588974,0.7277858853340149,-0.9785329103469849,0.934851884841919,0.4005293846130371,-0.240883931517601,-0.0025870539247989655,-0.03135278448462486
Parantica aglea,0.8512592315673828,0.28337860107421875,-1.180238962173462,-0.7523400783538818,1.320641279220581,0.3243042826652527,0.16757526993751526,-0.10955016314983368
Parantica agleoides,0.3369324505329132,0.22925853729248047,0.7904300689697266,-0.549105167388916,1.1490497589111328,-0.13419857621192932,-0.2706889808177948,1.2424269914627075
Parantica aspasia,-0.6150334477424622,0.7436493635177612,0.7889819145202637,-0.9328001737594604,0.4319864511489868,0.32004597783088684,0.9512203931808472,0.5246282815933228
Parantica melaneus,0.5914683938026428,-0.25916093587875366,1.1758893728256226,0.31076428294181824,-0.9355940818786621,-0.8919548988342285,-0.8936231136322021,-0.31301695108413696
Parapoynx diminutalis,0.030312299728393555,0.18658480048179626,-0.6992596387863159,0.16618654131889343,-1.9470688104629517,-0.01821073144674301,-0.6205482482910156,0.054494984447956085
Parathyma reta,0.15944689512252808,0.550693154335022,-0.3905540108680725,-1.4665532112121582,0.26080191135406494,0.491782009601593,0.09724362194538116,-1.418749213218689
Parathyma selenophora,-0.6150334477424622,0.7436493635177612,0.7889819145202637,-0.9328001737594604,0.4319864511489868,0.32004597783088684,0.9512203931808472,0.5246282815933228
Paratrechina longicornis,-0.18987923860549927,-0.817171037197113,0.34749412536621094,-0.4011107087135315,0.3354112505912781,-0.21072855591773987,-1.4035115242004395,-1.1603580713272095
Parawixia dehaani,1.4380099773406982,0.5607361793518066,-0.6401317715644836,-0.26163190603256226,0.12596340477466583,-0.24997085332870483,0.14272728562355042,-1.1843750476837158
Pareronia boebera,-0.543444037437439,1.086888074874878,-0.6063168048858643,-0.543444037437439,-1.1497609615325928,-0.06287280470132828,-0.543444037437439,1.086888074874878
Pareuchaetes pseudoinsulata,-0.5304042100906372,-1.5910828113555908,-0.16277477145195007,0.9174101948738098,0.21755468845367432,-0.06851634383201599,0.42263364791870117,0.12278434634208679
Parmarion martensi,1.1374709606170654,0.5581097602844238,-1.3231446743011475,0.8052725195884705,0.21908468008041382,0.09614232927560806,-0.6926916241645813,0.31861233711242676
Parus cinereus,1.5306012630462646,-0.06061543524265289,0.7652691602706909,0.2867361009120941,0.5088578462600708,-0.024908747524023056,-0.5213088989257812,0.6830150485038757
Parus monticolus,1.6060245037078857,-0.06790018826723099,0.4137303829193115,0.6885912418365479,0.13676920533180237,-0.025186946615576744,-0.5574736595153809,0.707035481929779
Passer domesticus,-0.054731011390686035,-0.7844933271408081,-0.8671095371246338,0.4752654433250427,-0.6363484263420105,0.16029539704322815,0.4686853885650635,0.8244743347167969
Passer flaveolus,-0.7516367435455322,-0.3263005316257477,-0.5672285556793213,-0.26422977447509766,-0.8425717353820801,-0.5225852131843567,0.4620162844657898,0.8046737909317017
Passer montanus,0.2464160919189453,-0.40479040145874023,1.1225852966308594,-0.21606388688087463,-1.2582159042358398,0.7802003622055054,-0.687598705291748,-0.47063592076301575
Passiflora foetida,-0.8335854411125183,-0.28374263644218445,-0.968620777130127,-0.177386075258255,-0.254242479801178,1.051927089691162,-0.32463669776916504,-0.9978513717651367
Passiflora ligularis,-0.5070608854293823,0.09897984564304352,-0.9092403650283813,-0.7656895518302917,0.5111910104751587,1.1209466457366943,-0.3464313745498657,-0.024489551782608032
Passiflora suberosa,0.18265075981616974,1.0480318069458008,-0.21786417067050934,-0.6328526735305786,0.6210590600967407,0.7448061108589172,-0.7312715649604797,-0.4226933419704437
Passiflora vesicaria,0.0835409015417099,-0.32748714089393616,-0.316687673330307,0.03779814392328262,-0.11046119779348373,1.0680146217346191,-0.9659308791160583,-1.0535340309143066
Pavo muticus,-0.19779013097286224,0.08567743003368378,0.4063728153705597,-1.8356480598449707,-0.07369175553321838,1.1124482154846191,-0.3646860122680664,0.08813636749982834
Pearsonothuria graeffei,-0.007022261619567871,-0.002777302637696266,-1.4411495923995972,-1.0249886512756348,1.0141087770462036,0.6318607330322266,0.1737574338912964,0.4160193204879761
Pelargopsis capensis,1.1706972122192383,-0.07890010625123978,0.019190967082977295,0.9702628254890442,0.0042682066559791565,0.21934306621551514,-1.3005189895629883,0.6826862096786499
Pelopidas agna,-0.7182769775390625,-1.8592973947525024,0.006023977417498827,0.33298811316490173,0.06800980865955353,-0.01828688010573387,-0.5345565676689148,-0.009972000494599342
Pelopidas mathias,0.14295300841331482,1.621393084526062,-0.3552858531475067,0.9394639134407043,0.41236260533332825,0.6132634878158569,-0.0951620563864708,0.5529382824897766
Peltophorum pterocarpum,0.2223522663116455,0.40150636434555054,0.3747846484184265,1.2459959983825684,-1.186421513557434,-0.21521703898906708,-0.7949016690254211,-0.36485713720321655
Pemphis acidula,-0.12309201806783676,0.456167995929718,-0.5053333044052124,-1.2770490646362305,-0.4191772937774658,-0.5057739019393921,0.1714077889919281,1.414587140083313
Penthicodes atomaria,-0.4694514274597168,-0.27566152811050415,0.1456202268600464,0.7026475667953491,0.6673263311386108,0.06660830229520798,-1.0993369817733765,-1.5584607124328613
Penthicodes farinosa,-0.271668016910553,0.02418442815542221,0.051642753183841705,0.6523650288581848,0.5857504606246948,0.32449954748153687,-1.1099179983139038,-1.6315436363220215
Penthicodes warleti,-0.29610729217529297,-0.004274159669876099,-0.34467554092407227,0.24066510796546936,-0.04392360523343086,0.5123066306114197,0.20526298880577087,-1.2215980291366577
Peperomia pellucida,1.5127445459365845,-0.5861111879348755,0.0966617614030838,0.5077772736549377,0.08168061077594757,0.07339514791965485,0.30622753500938416,-0.40297865867614746
Pergesa acteus,-0.594041109085083,1.4815008640289307,0.06115852668881416,-1.0980713367462158,-0.5891843438148499,-0.27500200271606445,0.6230522394180298,-0.4706696569919586
Pericrocotus cinnamomeus,-0.5139034986495972,0.12057015299797058,-0.5708882212638855,-1.0093598365783691,-0.366117924451828,-0.5654387474060059,0.2124788910150528,1.4481103420257568
Pericrocotus ethologus,-0.3953413665294647,-1.097372055053711,-0.3584422767162323,-0.3392779231071472,-0.6573472023010254,0.05325007438659668,1.3509916067123413,0.7090126872062683
Pericrocotus roseus,-0.38648056983947754,-1.3379433155059814,-0.34966570138931274,-0.33159908652305603,-0.642187237739563,0.05257604643702507,1.2847011089324951,0.4706804156303406
Pericrocotus speciosus,-0.39469534158706665,-1.4017541408538818,-0.35788780450820923,-0.3388577699661255,-0.6565718054771423,0.0530724823474884,1.0458273887634277,0.7071812152862549
Peridrome subfascia,1.4191038608551025,-0.589270830154419,0.8469903469085693,-0.9874838590621948,-0.029753562062978745,-0.6664959788322449,-0.03640329837799072,0.44367900490760803
Periplaneta americana,0.2464160919189453,-0.40479040145874023,1.1225852966308594,-0.21606388688087463,-1.2582159042358398,0.7802003622055054,-0.687598705291748,-0.47063592076301575
Perna viridis,-0.5306253433227539,-0.8160966038703918,-0.21021346747875214,0.3570455312728882,0.8450255393981934,-0.20683610439300537,0.6749695539474487,0.8754462003707886
Pernis ptilorhynchus,1.4752826690673828,-0.5505600571632385,-0.28955838084220886,1.0123653411865234,-0.06527961790561676,0.6505447030067444,-0.31611213088035583,0.5149860978126526
Persicaria barbata,-0.3451673984527588,0.14056771993637085,-0.4105404317378998,-1.068425178527832,-0.3422720432281494,-0.4826502203941345,0.08382581919431686,1.565100908279419
Petrelaea dana,-0.16251087188720703,0.3815917372703552,0.6051779389381409,-1.9685089588165283,0.5468933582305908,0.19103862345218658,0.2618843615055084,-0.3341270089149475
Phaedyma columella,0.22321844100952148,0.7872492074966431,-0.501853346824646,-1.3705921173095703,0.25518935918807983,0.5437701344490051,-0.09589845687150955,-1.2000293731689453
Phalacrocorax fuscicollis,0.08205479383468628,-0.6699139475822449,0.037730202078819275,-0.1609124392271042,-0.8167873620986938,0.11413344740867615,-1.2354614734649658,-0.5956273078918457
Phalanta phalantha,0.12539783120155334,0.5723628997802734,-0.3459370732307434,-1.397904872894287,0.17823725938796997,0.5060796737670898,0.030313806608319283,-1.465975284576416
Phanera similis,-0.8145041465759277,0.5250582098960876,0.342864453792572,0.6297799944877625,0.024795498698949814,-1.6535524129867554,0.6678633093833923,-0.00016903254436329007
Phereoeca uterella,0.9323344230651855,-0.5123683214187622,0.16397562623023987,0.2883707284927368,-0.3155209720134735,-0.11226310580968857,-0.8997972011566162,-0.7365065217018127
Phestilla sibogae,0.3512718081474304,1.4464330673217773,0.027804195880889893,-0.809518039226532,0.7878198027610779,0.25556278228759766,-0.6779200434684753,0.14189830422401428
Phintella lepidus,0.773536741733551,-0.6759846210479736,0.399126261472702,0.8673025965690613,-0.2013900727033615,0.9019919633865356,1.0104182958602905,0.6466844081878662
Phintella vittata,0.6255872249603271,-0.7318152189254761,-1.1005752086639404,0.670708417892456,-0.17941990494728088,0.6928805708885193,0.6368760466575623,-0.9083714485168457
Phintelloides versicolor,0.2770979702472687,-0.5266589522361755,-0.5413493514060974,0.8026409149169922,-0.44516894221305847,1.0798239707946777,1.0369386672973633,-0.5965629816055298
Phoenicurus auroreus,-0.5690581798553467,-1.8813683986663818,-0.3978586494922638,-0.20342519879341125,0.5488966703414917,0.34235721826553345,-0.282897412776947,-0.019184216856956482
Phoenicurus fuliginosus,0.20036575198173523,-1.01030433177948,-1.5234787464141846,-0.747948944568634,0.3432861864566803,-0.27558618783950806,-0.1928011178970337,0.26726216077804565
Phrynarachne ceylonica,-0.9664546251296997,0.2756258547306061,0.9662743806838989,0.19344893097877502,0.12557749450206757,-0.07966668903827667,-0.13585823774337769,-0.7130377888679504
Phyllanthus emblica,-0.8035002946853638,0.7899242639541626,0.000794634222984314,-1.0356518030166626,-0.5214762687683105,-0.44490307569503784,0.6058768033981323,1.0849950313568115
Phyllanthus urinaria,-0.4970031678676605,1.4656689167022705,0.2516569197177887,-0.6371068358421326,-0.2673225998878479,-0.1602652668952942,0.28180861473083496,0.11970847845077515
Phyllidia coelestis,0.8322174549102783,1.0622591972351074,-0.7213913202285767,0.6972221732139587,0.7970983386039734,-0.06758033484220505,-0.24735620617866516,0.14023560285568237
Phyllidia elegans,0.6339261531829834,1.4814212322235107,-0.2495804876089096,-0.729718804359436,0.7117871046066284,-0.02506130561232567,-0.6070955991744995,0.03748525679111481
Phyllidia marindica,-0.46211332082748413,0.2261510193347931,-0.940971851348877,-0.21991533041000366,0.10411456227302551,0.19969873130321503,-0.16080649197101593,-0.6765031814575195
Phyllidia ocellata,1.0915038585662842,0.6257606744766235,-0.8706371784210205,1.0769307613372803,0.5637814998626709,0.22501178085803986,-0.42246294021606445,0.49771130084991455
Phyllodesmium briareum,-0.5510979890823364,0.1867525428533554,-0.5279606580734253,-0.9306052327156067,-0.3377613425254822,-0.529345691204071,0.16045382618904114,1.5270763635635376
Phyllodesmium macphersonae,-0.5259959697723389,0.052724432200193405,-0.5908361673355103,-0.8207117319107056,0.4397197961807251,-0.13015450537204742,-0.08212430775165558,1.5299654006958008
Phylloscopus borealis,0.38421642780303955,-0.5972863435745239,-1.2444517612457275,-1.0857601165771484,0.5909116268157959,-0.88875812292099,-0.3497093915939331,0.5792401432991028
Phylloscopus coronatus,0.47764140367507935,-0.38355427980422974,-1.1328668594360352,-1.0497069358825684,0.41645321249961853,-0.8668897747993469,-0.46981021761894226,0.7397331595420837
Phylloscopus fuscatus,0.7412026524543762,-0.614387035369873,-1.1990818977355957,-0.9198697805404663,0.45908868312835693,-0.7075737714767456,-0.5223367214202881,0.5750958323478699
Phylloscopus inornatus,0.8460698127746582,-0.8706579208374023,-0.9540101289749146,-0.8044275045394897,0.04314781352877617,-0.7414859533309937,-0.913172721862793,0.416100412607193
Physalia physalis,-0.2011096477508545,-0.08057200908660889,-0.3158763647079468,-1.020642876625061,0.7431589365005493,0.021670669317245483,-0.19019192457199097,1.2480509281158447
Physalis angulata,-0.030261225998401642,0.46995797753334045,-0.8060476779937744,-0.11827002465724945,-0.5670219659805298,-0.5151560306549072,-1.2895296812057495,0.06605692207813263
Physalis peruviana,0.0535753071308136,0.7372508645057678,-0.972161054611206,0.5657743215560913,-0.4266418218612671,-0.6700026392936707,-1.1517924070358276,-0.033795952796936035
Physocyclus globosus,-0.7917304039001465,-0.061576176434755325,-0.9638850092887878,-0.6873694658279419,-0.9162386059761047,0.07794147729873657,-0.48029449582099915,0.38986170291900635
Physomerus grossipes,-0.6209076642990112,0.11743993312120438,-0.48171114921569824,-0.9329601526260376,1.0355093479156494,0.09322839975357056,0.17679733037948608,0.9955713152885437
Pidorus gemina,0.10973690450191498,-0.7681413888931274,0.21777458488941193,0.012059911154210567,-0.27638596296310425,1.6652576923370361,-0.8489434123039246,-0.15564009547233582
Pieris rapae,1.383779764175415,-1.3817658424377441,-0.29536885023117065,-0.6278872489929199,-0.16981473565101624,-0.0643397867679596,-0.4569840431213379,-0.31108686327934265
Pilea microphylla,0.13177040219306946,-1.3467977046966553,-0.7816005945205688,0.6660318970680237,0.11301546543836594,-0.9666837453842163,-0.8014601469039917,-0.1096954345703125
Pinus kesiya,0.9323344230651855,-0.5123683214187622,0.16397562623023987,0.2883707284927368,-0.3155209720134735,-0.11226310580968857,-0.8997972011566162,-0.7365065217018127
Piper sarmentosum,0.6908000707626343,0.17529690265655518,0.5362507104873657,0.2626037299633026,0.7181204557418823,-0.4174259603023529,0.8768361806869507,-0.5114414691925049
Pirdana distanti,-0.6602810621261597,-1.9633485078811646,0.00732424994930625,0.08955870568752289,0.07147763669490814,-0.14040052890777588,-0.7280631065368652,-0.01277041994035244
Pistia stratiotes,0.6046590805053711,-1.2216224670410156,-1.0471227169036865,0.5717166066169739,0.06642503291368484,-0.8316478133201599,-0.7163642644882202,-0.3606669306755066
Pithecops corvus,-0.7714091539382935,-0.12396767735481262,0.3494700789451599,-0.7714091539382935,-0.30338722467422485,-0.6395581960678101,0.1206151619553566,1.7583744525909424
Pitta guajana,-0.3733295202255249,0.6942251920700073,-0.5528250932693481,-0.9701615571975708,-0.367587685585022,-0.6566455364227295,0.22762753069400787,1.3618100881576538
Pitta megarhyncha,0.2121940404176712,1.5360676050186157,-0.19607961177825928,-0.7808364033699036,0.3731270730495453,-0.07745078951120377,-0.23497584462165833,0.3182324767112732
Pityrogramma calomelanos,-0.15358951687812805,-1.1859722137451172,0.8119251132011414,0.24879708886146545,-0.8428206443786621,-0.49858468770980835,0.4704759120941162,-1.226252555847168
Planococcus citri,0.9323344230651855,-0.5123683214187622,0.16397562623023987,0.2883707284927368,-0.3155209720134735,-0.11226310580968857,-0.8997972011566162,-0.7365065217018127
Platalea minor,-1.3465209007263184,-0.4302838444709778,-0.8058463335037231,-0.23949182033538818,-0.6262414455413818,0.5483124852180481,-0.07594792544841766,-0.7391442656517029
Platycerium grande,-0.2011096477508545,-0.08057200908660889,-0.3158763647079468,-1.020642876625061,0.7431589365005493,0.021670669317245483,-0.19019192457199097,1.2480509281158447
Platythyrea inermis,1.8788728713989258,-0.9527730941772461,0.4402133822441101,0.0,0.22010669112205505,-0.4402133822441101,-0.2924531102180481,-0.09901989251375198
Plexippus paykulli,0.17738822102546692,0.28468841314315796,-0.8720224499702454,0.8753334879875183,-0.3075902760028839,0.13614033162593842,0.4848284423351288,-1.2718122005462646
Plexippus petersi,1.075291633605957,-0.4855251908302307,0.530954122543335,1.48195481300354,-0.8422937393188477,0.22574029862880707,-0.08667346835136414,-0.15513324737548828
Ploceus hypoxanthus,-0.925399661064148,-0.24337032437324524,-0.6845128536224365,0.17054761946201324,-0.2528553903102875,0.013242438435554504,-0.21027055382728577,-1.246105432510376
Ploceus philippinus,-0.3965179920196533,0.3234563171863556,0.2811952233314514,0.17494791746139526,0.5818403959274292,-0.645446240901947,0.3813127875328064,-0.9024325609207153
Plumbago auriculata,-0.2011096477508545,-0.08057200908660889,-0.3158763647079468,-1.020642876625061,0.7431589365005493,0.021670669317245483,-0.19019192457199097,1.2480509281158447
Pluvialis fulva,0.7771788835525513,-0.6684145331382751,-1.2942276000976562,0.6446008682250977,-0.28025487065315247,-0.3379398584365845,0.25512611865997314,-0.39267486333847046
Pluvialis squatarola,0.5240947008132935,-0.86492919921875,-0.9836791753768921,0.7761963605880737,-0.02626052498817444,-0.7819973230361938,0.1482400894165039,0.27282944321632385
Podiceps cristatus,-0.16251856088638306,-0.578045129776001,-0.5427033305168152,-0.32662999629974365,-0.5981238484382629,1.088876724243164,-0.0973735824227333,0.2919503152370453
Podolestes orientalis,0.3512718081474304,1.4464330673217773,0.027804195880889893,-0.809518039226532,0.7878198027610779,0.25556278228759766,-0.6779200434684753,0.14189830422401428
Polistes olivaceus,0.6783250570297241,0.36397457122802734,0.5429339408874512,-0.7131356000900269,0.6275321245193481,-0.43463072180747986,-1.0423014163970947,0.8442062735557556
Polistes stigma,0.2394443303346634,0.4875886142253876,0.04725291579961777,-1.2647461891174316,0.8477455377578735,-0.0027826428413391113,-0.37049978971481323,1.2198859453201294
Poltys illepidus,1.3159267902374268,-0.2138267606496811,-1.0622321367263794,-0.537642240524292,-0.23740968108177185,0.19584044814109802,0.2736157774925232,-1.1261297464370728
Polyalthia longifolia,-0.12100423872470856,-0.04543343558907509,-0.280644953250885,-0.7738305926322937,0.6276682615280151,-0.013012021780014038,-0.3028941750526428,0.8480976819992065
Polycarpa aurata,-0.5604016780853271,0.2534489333629608,0.5633598566055298,0.10430918633937836,0.8263137340545654,-0.4976476728916168,0.5306516885757446,-0.6448352932929993
Polypedates leucomystax,0.1954355239868164,0.8792698979377747,0.5655440092086792,0.5201404094696045,-1.1549346446990967,0.1945825070142746,-0.8605326414108276,1.1626914739608765
Polypedates megacephalus,0.5901084542274475,0.5154528617858887,0.3604234457015991,0.10517377406358719,0.07398633658885956,-0.7227598428726196,0.4967306852340698,1.7549889087677002
Polypedates otilophus,0.6382114887237549,0.843069314956665,0.2294512242078781,0.21177910268306732,0.1576363742351532,-0.7423838973045349,0.5311048030853271,1.6170015335083008
Polyplectron malacense,-0.11374883353710175,-0.12367169559001923,0.5297670364379883,-1.571434736251831,-0.002249885816127062,1.3072373867034912,-0.5032491087913513,0.0048131016083061695
Polyrhachis bihamata,1.9564149379730225,-0.8500047326087952,0.3426991403102875,0.0,0.2172488272190094,-0.4344976544380188,-0.2900569438934326,0.0
Polyrhachis thrinax,1.936558723449707,-0.8776188492774963,0.34814900159835815,0.0,0.17407450079917908,-0.34814900159835815,-0.3553953766822815,0.0
Polytremis lubricans,-1.31337571144104,0.13656388223171234,-0.2359759658575058,1.4897949695587158,-0.1731347143650055,0.5967395305633545,0.03786449879407883,0.7424323558807373
Polyura athamas,0.6726661920547485,-0.049264512956142426,1.1255178451538086,0.35591453313827515,-0.960105836391449,-0.9001217484474182,-0.7580044865608215,-0.5167756080627441
Polyura hebe,0.17114728689193726,0.028882388025522232,1.0771687030792236,-0.7648074626922607,0.9800295829772949,-0.03847994655370712,-0.23225341737270355,1.480048656463623
Polyura moori,-0.6150334477424622,0.7436493635177612,0.7889819145202637,-0.9328001737594604,0.4319864511489868,0.32004597783088684,0.9512203931808472,0.5246282815933228
Pongo pygmaeus,-0.5604016780853271,0.2534489333629608,0.5633598566055298,0.10430918633937836,0.8263137340545654,-0.4976476728916168,0.5306516885757446,-0.6448352932929993
Pontederia crassipes,-0.07432834804058075,0.1999734342098236,1.4609792232513428,0.08508048206567764,0.05613858997821808,-1.0586390495300293,0.22486919164657593,1.1366183757781982
Pontederia vaginalis,-0.5139034986495972,0.12057015299797058,-0.5708882212638855,-1.0093598365783691,-0.366117924451828,-0.5654387474060059,0.2124788910150528,1.4481103420257568
Poritia erycinoides,1.1469175815582275,-0.0007890742272138596,0.18834596872329712,-0.776747465133667,1.0960383415222168,-0.9489278793334961,-0.012033273465931416,-0.9865646362304688
Porophyllum ruderale,-0.5360091328620911,0.9950218200683594,0.01076325960457325,-0.7119588851928711,0.4375682771205902,-1.1957554817199707,-0.680365264415741,0.45553427934646606
Porphyrio porphyrio,-1.2738478183746338,-0.28186073899269104,0.037490297108888626,0.49153608083724976,-0.02258978970348835,-0.11134284734725952,0.19497013092041016,1.2966983318328857
Portulaca oleracea,-0.5139034986495972,0.12057015299797058,-0.5708882212638855,-1.0093598365783691,-0.366117924451828,-0.5654387474060059,0.2124788910150528,1.4481103420257568
Porzana cinerea,-0.8502147197723389,-0.8361620903015137,-0.2973509728908539,1.0808221101760864,0.1720462441444397,0.9179151654243469,-0.06057928130030632,1.088207721710205
Porzana paykullii,-0.6451329588890076,-0.5615566968917847,0.11416725069284439,1.0895875692367554,0.2580109238624573,0.777431070804596,-0.25040388107299805,1.116783857345581
Porzana pusilla,0.9625049233436584,-0.6409115791320801,-0.7949305772781372,0.5152866840362549,0.05357929691672325,0.39072364568710327,0.16426301002502441,1.099273681640625
Potamarcha congener,-0.11437483131885529,0.004013657569885254,0.42138180136680603,-0.14256209135055542,0.5405474305152893,0.8117600083351135,0.29285645484924316,-0.7667019367218018
Potanthus omaha,-1.3326306343078613,0.16830596327781677,-0.15966138243675232,1.3888721466064453,-0.1570906639099121,0.660492479801178,0.1623554676771164,0.8241962194442749
Praxelis clematidea,-1.648860216140747,0.030543049797415733,0.04419036954641342,0.40196043252944946,0.19607187807559967,0.8279420137405396,0.43943318724632263,0.7304426431655884
Presbytis siamensis,0.5991196632385254,-1.0242011547088623,0.6279020309448242,-0.6153303980827332,-0.0041144611313939095,0.9269715547561646,-0.06132221221923828,-1.2643429040908813
Presbytis thomasi,0.18437881767749786,-0.87530517578125,0.32110852003097534,-0.48998236656188965,-1.1029105186462402,-0.05309203267097473,-0.5371658802032471,-0.12305168807506561
Prinia inornata,0.5120038986206055,-0.4599544405937195,-0.6279563307762146,-0.165470153093338,0.6415022611618042,0.08693831413984299,0.8421380519866943,1.5065112113952637
Proboscidocoris malayus,0.881943941116333,0.33555611968040466,0.15162092447280884,-0.5168734788894653,0.05360083281993866,0.8904653787612915,-0.6459438800811768,0.19274169206619263
Prodasineura autumnalis,1.4666571617126465,-0.2861338257789612,-0.31794023513793945,-0.011576139368116856,-0.8609137535095215,-0.8338325619697571,1.1280386447906494,0.014335932210087776
Prodasineura collaris,1.6533470153808594,-0.4710896909236908,-1.2324512004852295,-0.024681102484464645,0.19001266360282898,0.17327678203582764,-0.06739675998687744,0.04025270789861679
Prodasineura hyperythra,1.3646106719970703,-0.47960615158081055,-0.955969512462616,0.024553660303354263,0.15124796330928802,0.7164772152900696,0.5060771703720093,-0.09271515905857086
Prodasineura notostigma,1.4428250789642334,-0.39459919929504395,-1.1240646839141846,-0.19661200046539307,0.24577149748802185,0.6718751192092896,-0.35946062207221985,-0.06353645026683807
Prorhinotermes flavus,0.3512718081474304,1.4464330673217773,0.027804195880889893,-0.809518039226532,0.7878198027610779,0.25556278228759766,-0.6779200434684753,0.14189830422401428
Prosopandrophila distincta,-0.3822798728942871,-0.727713406085968,-0.23166020214557648,-0.4124116897583008,0.08410727232694626,1.6739580631256104,-0.37591075897216797,0.5651561617851257
Prosotas dubiosa,-0.07191701233386993,0.5120521187782288,-0.2936592102050781,0.7144080400466919,-1.4478960037231445,-1.1573765277862549,0.7225121259689331,-0.023959772661328316
Prosotas nora,0.43308940529823303,0.15998698770999908,0.32636967301368713,-0.6136884689331055,1.1087496280670166,-0.9045892953872681,0.1382962316274643,-0.9367766380310059
Protaetia acuminata,-0.3381350636482239,-0.8422518968582153,-0.8989999294281006,-0.01138778030872345,0.3821719288825989,-0.5140020847320557,-0.8980124592781067,0.7688124179840088
Protaetia fusca,-0.5353320837020874,-0.41585826873779297,-0.1564507782459259,-0.24905259907245636,0.809036910533905,-0.5975998640060425,-0.6978815793991089,1.2074781656265259
Protoreaster nodosus,-0.6050750017166138,0.586991548538208,-0.07938645035028458,0.5547282695770264,0.8197425603866577,-0.22344744205474854,-0.17487798631191254,0.06818021833896637
Psarisomus dalhousiae,-0.6279091238975525,-0.49485981464385986,-0.526253879070282,-0.3925051689147949,-0.45086783170700073,-0.8177617788314819,0.9084897041320801,-0.9208275079727173
Pseudagrion microcephalum,-0.1390819400548935,-0.18970350921154022,-0.7645171284675598,0.9713201522827148,0.4262974262237549,0.9298018217086792,-0.8649346828460693,-1.2151093482971191
Pseudagrion pruinosum,0.4657740294933319,-0.5411983132362366,0.3840479850769043,-0.20793145895004272,0.19994713366031647,-1.1078885793685913,1.2527577877044678,-0.988484263420105
Pseudagrion rubriceps,-0.010628443211317062,-0.6696004271507263,-0.2697488069534302,0.7873930931091309,1.4067591428756714,0.44707128405570984,0.2937079966068268,-1.1656746864318848
Pseudapis siamensis,-1.3858954906463623,-0.36049121618270874,-0.7977497577667236,-0.37073731422424316,-0.15966461598873138,0.7568387985229492,-0.19255001842975616,0.009621486067771912
Pseuderanthemum maculatum,-0.7618091106414795,0.11838872730731964,0.1926083266735077,0.6033918261528015,-0.36076268553733826,-0.08051763474941254,-0.05845862254500389,-1.4484407901763916
Pseudoanthidium orientale,-1.3465209007263184,-0.4302838444709778,-0.8058463335037231,-0.23949182033538818,-0.6262414455413818,0.5483124852180481,-0.07594792544841766,-0.7391442656517029
Pseudocirrhipathes mapia,-0.2011096477508545,-0.08057200908660889,-0.3158763647079468,-1.020642876625061,0.7431589365005493,0.021670669317245483,-0.19019192457199097,1.2480509281158447
Pseudopachybrachius guttus,-0.4298440217971802,0.19827528297901154,-0.3221875727176666,-0.9057712554931641,1.0111398696899414,0.13022246956825256,0.1435447633266449,1.0634984970092773
Pseudoxya diminuta,-0.5767600536346436,1.540945053100586,-0.0057411640882492065,-1.0356062650680542,-0.6196538209915161,-0.49171382188796997,0.5962104797363281,-0.5221920013427734
Psichotoe duvauceli,-0.3609454035758972,-1.7830559015274048,-0.01647295616567135,0.7676597237586975,0.5992634296417236,0.13241752982139587,0.6199901103973389,-0.33326324820518494
Psilopogon asiaticus,0.6617462038993835,-0.07789324223995209,0.17876207828521729,0.9198107719421387,0.37679487466812134,1.3524086475372314,0.9081231355667114,0.6640874147415161
Psilopogon australis,0.2676537334918976,0.3939887285232544,0.022522136569023132,0.17544087767601013,1.0967156887054443,0.7777693867683411,0.5348852276802063,0.9366065263748169
Psilopogon chrysopogon,0.2832978367805481,0.1327536255121231,0.43836867809295654,0.9381166696548462,1.1248735189437866,1.140298843383789,0.7645422220230103,0.5565897226333618
Psilopogon duvaucelii,0.27944111824035645,0.2841436564922333,0.3400809168815613,0.830932080745697,1.0842385292053223,1.1831506490707397,0.8231409788131714,0.46166491508483887
Psilopogon faiostrictus,0.4099801778793335,-0.04844065010547638,0.15156316757202148,1.0413211584091187,-0.4378586411476135,1.5849369764328003,0.8866194486618042,0.30876588821411133
Psilopogon haemacephalus,0.7407655715942383,-0.2292436957359314,-0.004407791420817375,0.5412168502807617,-0.6525754332542419,1.5322902202606201,0.5881820321083069,0.9036054015159607
Psilopogon lineatus,0.6561822295188904,-0.05988718941807747,-0.07862505316734314,1.0018547773361206,-0.5358368754386902,1.5727367401123047,0.6241534948348999,0.40359261631965637
Psilopogon pyrolophus,0.6277875900268555,0.11874832957983017,-0.08862333744764328,0.8659035563468933,1.1491048336029053,0.7665873765945435,0.5805493593215942,0.8252131938934326
Psilopogon virens,0.4167909026145935,-0.03326505422592163,0.12773166596889496,1.0664622783660889,-0.3576754331588745,1.4551758766174316,1.0550034046173096,0.3118130564689636
Psittacula alexandri,0.27414900064468384,-0.8065770864486694,-0.065642811357975,-0.662649929523468,-0.7037653923034668,-1.2032837867736816,-0.46632814407348633,0.08964954316616058
Psittacula krameri,-0.00992543250322342,0.32364994287490845,-0.7996277809143066,0.25877779722213745,-1.495514154434204,-0.6337700486183167,-0.49522295594215393,0.7859188318252563
Psittacula longicauda,-0.4007706046104431,0.20340494811534882,-0.668311357498169,0.20251412689685822,-1.5696941614151,-0.9491653442382812,-0.24488259851932526,0.44008946418762207
Ptecticus aurifer,0.2553461790084839,-0.04455295205116272,0.005017638206481934,0.02585875242948532,-0.6303876042366028,-0.2951945662498474,-1.2007007598876953,-0.442143976688385
Ptenochirus jagorii,-0.04393104463815689,-0.030396785587072372,0.705498456954956,-0.16520275175571442,0.8528757691383362,-0.2230316698551178,-1.3663657903671265,0.5260272026062012
Pteraeolidia semperi,-0.09609688818454742,0.5341895818710327,-0.25925180315971375,-1.0488979816436768,-0.18775047361850739,-0.7382086515426636,0.17271259427070618,1.4136213064193726
Pteridium aquilinum,-0.5306253433227539,-0.8160966038703918,-0.21021346747875214,0.3570455312728882,0.8450255393981934,-0.20683610439300537,0.6749695539474487,0.8754462003707886
Pteris ensiformis,-0.20012757182121277,-1.0883519649505615,0.8874331116676331,0.18357497453689575,-0.8620216846466064,-0.5290681719779968,0.5788742303848267,-1.2226169109344482
Pteris vittata,-0.05569290369749069,-1.035365104675293,0.712493896484375,0.041478198021650314,-0.5047484636306763,-0.7076512575149536,0.42415866255760193,-1.330249547958374
Pteruthius aeralatus,-0.14776864647865295,-0.16420675814151764,0.3436705470085144,0.48581206798553467,1.5518238544464111,0.87293541431427,0.5058025121688843,0.036198824644088745
Ptilinopus jambu,0.05967188999056816,0.1558026224374771,-1.571311354637146,-0.16418631374835968,0.6752635836601257,-0.3901042640209198,-0.1760941743850708,-0.23282909393310547
Ptilocera quadridentata,-0.5685169100761414,0.3798592686653137,-0.03391297906637192,-0.8058173656463623,-0.44327524304389954,-0.5280464291572571,-0.8611562252044678,0.8783566951751709
Pulchrana glandulosa,-1.001800298690796,-0.4645335078239441,-0.7006452083587646,-0.2631777822971344,0.5394461154937744,0.7461584806442261,0.8534489870071411,-0.8719247579574585
Pulchriphyllium bioculatum,-1.2113978862762451,-0.386370450258255,-0.8351465463638306,-0.02943335473537445,-0.22740480303764343,0.20135655999183655,0.15712320804595947,-1.0405287742614746
Pulchriphyllium giganteum,-0.6034444570541382,0.2272157371044159,0.13179636001586914,0.06301851570606232,0.6217470169067383,-0.5245128870010376,0.653394341468811,-0.748708963394165
Pycanum alternatum,0.6896899938583374,0.10739322006702423,0.8931488394737244,-0.2578883469104767,0.4222753643989563,-0.722420871257782,0.2518590986728668,0.5820246934890747
Pycnonotus aurigaster,0.6000837087631226,-0.9925282001495361,0.5312183499336243,-1.006499171257019,-0.4849441647529602,-0.7072493433952332,-0.3100169897079468,-0.5689865946769714
Pycnonotus blanfordi,1.9251270294189453,-0.003396021667867899,-0.8487647771835327,0.4054836332798004,-0.1998167335987091,-0.34135639667510986,0.34898388385772705,-0.2924860715866089
Pycnonotus brunneus,-0.9843277931213379,-0.2737182378768921,0.7106095552444458,1.4212191104888916,-0.7106095552444458,0.4368913769721985,-0.38294103741645813,0.7106095552444458
Pycnonotus finlaysoni,1.7738391160964966,-0.023300934582948685,-0.7924169301986694,0.39482539892196655,0.11189660429954529,-0.6794629693031311,0.38478878140449524,-0.14916707575321198
Pycnonotus flavescens,1.8085784912109375,-0.005307803861796856,-0.8769612312316895,0.48269495368003845,0.016579121351242065,-0.5082574486732483,0.3586602807044983,-0.284857839345932
Pycnonotus flaviventris,1.9773555994033813,0.00013819363084621727,-0.6364598274230957,0.2169298231601715,-0.6534861326217651,0.011775625869631767,0.2924572825431824,-0.2465098798274994
Pycnonotus goiavier,0.25065985321998596,-0.46298032999038696,1.100589632987976,-0.2694834768772125,-1.2549426555633545,0.7286523580551147,-0.721066951751709,-0.523571252822876
Pycnonotus jocosus,1.94400954246521,-0.0033263140358030796,-0.8050111532211304,0.37701988220214844,-0.2807987928390503,-0.23776082694530487,0.255211740732193,-0.3610007166862488
Pycnonotus plumosus,-0.8036094903945923,-0.20992670953273773,0.5936827063560486,1.4736486673355103,-0.5936827063560486,0.6700394153594971,-0.3416510820388794,0.5936827659606934
Pycnonotus simplex,-0.8109036684036255,-0.20978042483329773,0.7379254698753357,1.4758509397506714,-0.7379254698753357,0.39134278893470764,-0.20501433312892914,0.7379254698753357
Pycnonotus sinensis,1.5679924488067627,-0.17771075665950775,-0.46881744265556335,0.42397522926330566,-0.24675138294696808,-0.47738116979599,-0.32974085211753845,-0.6075890064239502
Pycnoscelus indicus,-0.1577090173959732,-0.2749558687210083,0.42594659328460693,-1.2299134731292725,0.2043825387954712,0.4304553270339966,-0.3090708255767822,1.2337558269500732
Pygathrix nemaeus,0.01849774643778801,-1.3708691596984863,-1.058388113975525,0.5745624899864197,0.47213008999824524,0.09327885508537292,-0.15325495600700378,1.060041069984436
Pyroneura latoia,0.018520615994930267,1.535344123840332,-0.3594985902309418,0.9732210636138916,0.2842075526714325,0.6158217191696167,-0.33982911705970764,0.668498158454895
Pyrops candelaria,-0.4154248833656311,-0.2598496675491333,0.13834382593631744,0.580501914024353,0.6093205213546753,0.06821715086698532,-1.1569874286651611,-1.5949561595916748
Pyrops coelestinus,-0.27999749779701233,-0.28926801681518555,0.15218672156333923,0.7472683191299438,0.48325294256210327,0.06622405350208282,-1.1211373805999756,-1.599772572517395
Pyrops oculatus,-0.14825952053070068,0.12622365355491638,-0.1868613362312317,0.43081679940223694,0.21868714690208435,0.5945190191268921,-0.6100308895111084,-1.4623348712921143
Quantula striata,-0.007417719811201096,1.4071061611175537,0.014008250087499619,-0.7308686971664429,0.7453964948654175,-0.10433472692966461,-0.5481693744659424,0.5846956372261047
Radianthus magnifica,0.901631236076355,-0.04024815559387207,0.21340623497962952,0.27497971057891846,-0.1511128544807434,-0.027021408081054688,-1.0183219909667969,-0.86000657081604
Ragadia luzonia,-0.9582268595695496,-0.9582268595695496,0.9582268595695496,0.9582268595695496,0.0,-1.058794379234314,-0.10056748241186142,0.0
Rallina fasciata,1.1470344066619873,-0.7577539682388306,-0.1551455855369568,0.7221095561981201,-0.05399670824408531,0.081680528819561,0.2946435511112213,0.7647274136543274
Rapala cowani,1.2303285598754883,0.15035191178321838,-0.6198617219924927,0.38870659470558167,-1.4385228157043457,-0.11923833936452866,0.5151166319847107,-0.5933405160903931
Rapala varuna,-0.6588369011878967,0.019411757588386536,0.20407439768314362,-0.7593101263046265,-0.3283238708972931,-0.6607123613357544,0.014534653164446354,1.822119951248169
Raphismia bispina,-0.01092818845063448,-1.4213755130767822,-0.3017643988132477,0.7884126901626587,1.0285863876342773,0.5036301612854004,-0.8072459697723389,0.010794470086693764
Rattus norvegicus,0.9323344230651855,-0.5123683214187622,0.16397562623023987,0.2883707284927368,-0.3155209720134735,-0.11226310580968857,-0.8997972011566162,-0.7365065217018127
Ratufa bicolor,-1.0195354223251343,0.7967455983161926,0.01856290176510811,-0.7216097712516785,0.4118696451187134,0.09549917280673981,0.2794051468372345,1.5052433013916016
Remelana jangala,1.1435890197753906,0.1719151884317398,0.17872408032417297,-0.7796099185943604,1.0847349166870117,-0.7720909118652344,-0.010618802160024643,-0.808293342590332
Rhacophorus pardalis,0.5600757598876953,0.6255955100059509,0.21666356921195984,0.19844388961791992,0.14373280107975006,-0.7569833993911743,0.6843390464782715,1.6681959629058838
Rhacophorus reinwardtii,-0.3458136320114136,0.18574213981628418,-0.3234015107154846,-0.7911964654922485,-0.28275153040885925,-0.657044529914856,0.25803059339523315,1.6559655666351318
Rhapis excelsa,-1.2199469804763794,-0.42913201451301575,0.44554603099823,-0.14235517382621765,0.15811994671821594,0.3892492353916168,0.3801490068435669,0.6234740018844604
Rhesala imparata,0.5302222967147827,-0.6763403415679932,-0.7250781059265137,1.230316162109375,0.47266510128974915,-0.6203436851501465,0.9673000574111938,-0.6403670310974121
Rhinagrion elopurae,-0.5604016780853271,0.2534489333629608,0.5633598566055298,0.10430918633937836,0.8263137340545654,-0.4976476728916168,0.5306516885757446,-0.6448352932929993
Rhincodon typus,-0.2011096477508545,-0.08057200908660889,-0.3158763647079468,-1.020642876625061,0.7431589365005493,0.021670669317245483,-0.19019192457199097,1.2480509281158447
Rhinella marina,0.20619139075279236,-0.5651342272758484,-0.48547297716140747,-1.3203868865966797,0.2737618684768677,-0.7394104599952698,-0.07406599074602127,0.33926519751548767
Rhinocypha colorata,0.4819662570953369,-0.8175182342529297,-0.16408200562000275,0.08053088933229446,1.443752408027649,0.4005276560783386,-0.2550012767314911,1.169213056564331
Rhinocypha humeralis,0.34579911828041077,-0.6048462986946106,0.26792728900909424,0.3119838833808899,1.59383225440979,0.3946443796157837,-0.09023153781890869,1.0585505962371826
Rhinolophus luctus,-1.3465209007263184,-0.4302838444709778,-0.8058463335037231,-0.23949182033538818,-0.6262414455413818,0.5483124852180481,-0.07594792544841766,-0.7391442656517029
Rhinopalpa polynice,-0.6150334477424622,0.7436493635177612,0.7889819145202637,-0.9328001737594604,0.4319864511489868,0.32004597783088684,0.9512203931808472,0.5246282815933228
Rhinoplax vigil,-0.7423904538154602,1.0189546346664429,0.12297530472278595,1.2279512882232666,-0.604732871055603,-0.303576797246933,-0.26481038331985474,-0.10735894739627838
Rhinortha chlorophaea,-1.2420337200164795,-0.18152032792568207,-1.4187266826629639,-0.7611490488052368,-0.32707279920578003,0.2740256190299988,-0.3294140100479126,-0.7320107221603394
Rhipidura albicollis,0.9014052152633667,-0.8830509185791016,-0.06633247435092926,0.6612111330032349,0.040673721581697464,0.8749189376831055,-0.8658477067947388,0.48662716150283813
Rhipidura javanica,1.1511423587799072,-0.344594269990921,-0.2334991842508316,1.202923059463501,-0.23346762359142303,0.7355523705482483,-0.5407019853591919,0.9604983329772949
Rhipidura nigritorquis,-0.001376606523990631,-0.49312105774879456,-0.533828616142273,-0.3855608105659485,0.7176501750946045,0.7091724276542664,-0.33056288957595825,1.37850022315979
Rhipidura perlata,0.5952022075653076,-0.3140367567539215,-0.2047378420829773,0.9240711331367493,0.9479109644889832,0.5984668731689453,0.08083140850067139,0.638524055480957
Rhizophora apiculata,0.021676018834114075,0.4216720461845398,0.5853490233421326,-0.9389227628707886,1.259778618812561,-0.886742353439331,0.0847027450799942,-0.5953109264373779
Rhizophora mucronata,0.23511189222335815,0.10374121367931366,0.6882255673408508,-0.12937691807746887,0.9750310778617859,-1.428544044494629,0.12086594104766846,-0.10314424335956573
Rhizophora stylosa,-0.3969959318637848,0.2772206664085388,0.7614463567733765,-0.4266662299633026,1.327944278717041,-0.8021413087844849,0.4119414687156677,-0.575412392616272
Rhodothemis rufa,1.2006042003631592,-0.37667277455329895,1.3163676261901855,0.39142361283302307,0.19949212670326233,0.46857768297195435,0.3094113767147064,0.07121802121400833
Rhopodytes tristis,0.09090915322303772,-1.1706650257110596,0.05798058211803436,0.9763091802597046,-0.6754785776138306,-0.2637268304824829,0.21789485216140747,0.6431152820587158
Rhynchium haemorrhoidale,0.25489145517349243,1.4063429832458496,-0.024240240454673767,-0.8371171355247498,0.673449695110321,0.1655835509300232,-1.099921464920044,0.4051626920700073
Rhynchophorus vulneratus,-0.2011096477508545,-0.08057200908660889,-0.3158763647079468,-1.020642876625061,0.7431589365005493,0.021670669317245483,-0.19019192457199097,1.2480509281158447
Rhyothemis triangularis,0.10987341403961182,1.1412928104400635,0.8475477695465088,0.13263766467571259,0.9045628309249878,-0.2479771375656128,-0.33765360713005066,0.13055077195167542
Rhyothemis variegata,0.060097452253103256,-0.6063249111175537,-0.7850319743156433,0.10342629253864288,1.3894715309143066,0.19381117820739746,1.0209647417068481,-0.586270809173584
Ricanula pulverosa,0.3512718081474304,1.4464330673217773,0.027804195880889893,-0.809518039226532,0.7878198027610779,0.25556278228759766,-0.6779200434684753,0.14189830422401428
Ridsdalea vietnamensis,0.9627730846405029,-1.3463199138641357,0.12463336437940598,0.008971995674073696,0.41319751739501953,0.47591742873191833,0.12079647183418274,0.08172592520713806
Riptortus pedestris,-1.1278246641159058,-0.41702431440353394,-0.9541492462158203,-0.7688868641853333,-0.6432095766067505,0.18046295642852783,-0.029924768954515457,-0.2654455900192261
Rivina humilis,0.9898720383644104,-0.04030498117208481,-1.203721046447754,0.24012628197669983,-1.0172258615493774,0.32261061668395996,0.07650518417358398,-0.6079747676849365
Roboastra gracilis,-0.9416601657867432,1.0663235187530518,-0.1122656986117363,0.13043376803398132,0.5042409896850586,-0.14951543509960175,0.006241275928914547,1.558520793914795
Ropalidia ornaticeps,-0.4944193959236145,-0.2216241955757141,-0.27068397402763367,0.2949662506580353,-0.809648871421814,0.44559910893440247,-0.028111834079027176,-1.0625803470611572
Ropalidia stigma,0.036692798137664795,1.3562862873077393,0.354389488697052,-0.4153200089931488,0.7505261301994324,0.1374482363462448,-0.3699129521846771,-0.4275800585746765
Rorippa indica,-0.7417024374008179,-0.2541086971759796,-0.6574167609214783,-1.1821784973144531,-0.4719994366168976,-0.5029729008674622,0.19549939036369324,1.0468388795852661
Rostratula benghalensis,0.3512718081474304,1.4464330673217773,0.027804195880889893,-0.809518039226532,0.7878198027610779,0.25556278228759766,-0.6779200434684753,0.14189830422401428
Rubigula erythropthalmos,-0.9163370132446289,-0.20060281455516815,0.7157341241836548,1.4314682483673096,-0.7157341241836548,0.5151314735412598,-0.3293856382369995,0.8044179081916809
Rubigula squamatus,-0.9834502935409546,-0.21898968517780304,0.5959291458129883,1.3603897094726562,-0.7644605040550232,0.5454709529876709,-0.1868259310722351,0.764460563659668
Ruellia prostrata,-0.24470818042755127,0.6837948560714722,0.7127983570098877,0.2522578239440918,0.3988621234893799,-0.23768725991249084,0.04698191583156586,-1.6345171928405762
Ruellia simplex,0.4834207594394684,-0.7213917970657349,0.7098442912101746,0.5264130234718323,0.20410709083080292,-1.0241100788116455,-0.41911306977272034,-1.036548376083374
Rusa unicolor,-0.40274107456207275,-0.6689034104347229,-0.7033606171607971,-0.020898180082440376,-0.2924632430076599,-0.26207423210144043,0.5699793100357056,-0.3408687710762024
Ryssota otaheitana,-0.2011096477508545,-0.08057200908660889,-0.3158763647079468,-1.020642876625061,0.7431589365005493,0.021670669317245483,-0.19019192457199097,1.2480509281158447
Sagaminopteron psychedelicum,-0.5643543004989624,0.034001320600509644,-0.39794743061065674,-1.029266357421875,-0.21910980343818665,-0.4634174406528473,0.20939821004867554,1.3681507110595703
Sagra femorata,-0.5139034986495972,0.12057015299797058,-0.5708882212638855,-1.0093598365783691,-0.366117924451828,-0.5654387474060059,0.2124788910150528,1.4481103420257568
Salurnis marginella,-0.2299262434244156,0.26026588678359985,0.49004071950912476,0.05494418740272522,0.7826528549194336,-0.5068573951721191,0.05903610587120056,-0.7815052270889282
Salvinia minima,-0.5139034986495972,0.12057015299797058,-0.5708882212638855,-1.0093598365783691,-0.366117924451828,-0.5654387474060059,0.2124788910150528,1.4481103420257568
Sameodes cancellalis,0.04510744288563728,0.1602550595998764,-1.1205930709838867,0.12575756013393402,-1.503859519958496,0.7607689499855042,-0.702028751373291,0.41454508900642395
Samia wangi,0.37727898359298706,-0.5230955481529236,-0.21425561606884003,0.18560487031936646,-0.5659592151641846,0.058238960802555084,-0.9708075523376465,-1.0726474523544312
Samla riwo,-0.5604016780853271,0.2534489333629608,0.5633598566055298,0.10430918633937836,0.8263137340545654,-0.4976476728916168,0.5306516885757446,-0.6448352932929993
Sarcops calvus,0.6493990421295166,1.226923942565918,0.1181780993938446,0.4958683252334595,-0.1109556183218956,0.023207008838653564,0.4891584813594818,-0.7497658133506775
Sasia ochracea,1.244220495223999,-0.33633339405059814,1.3439667224884033,0.41613245010375977,-1.0905154943466187,-0.04548812657594681,-0.18504899740219116,0.03781537711620331
Saxicola caprata,0.9033308625221252,-0.2698111832141876,-1.3033339977264404,-0.7379344701766968,0.23514974117279053,-0.657799243927002,-0.6701433658599854,0.6596909165382385
Saxicola ferreus,0.2387135624885559,-1.468815565109253,-0.14203861355781555,0.5177466869354248,-0.2377834916114807,0.3955058157444,-0.48606717586517334,-0.5043185949325562
Scaevola taccada,1.1374709606170654,0.5581097602844238,-1.3231446743011475,0.8052725195884705,0.21908468008041382,0.09614232927560806,-0.6926916241645813,0.31861233711242676
Scelimena producta,-0.5139034986495972,0.12057015299797058,-0.5708882212638855,-1.0093598365783691,-0.366117924451828,-0.5654387474060059,0.2124788910150528,1.4481103420257568
Schizophyllum commune,-0.5604016780853271,0.2534489333629608,0.5633598566055298,0.10430918633937836,0.8263137340545654,-0.4976476728916168,0.5306516885757446,-0.6448352932929993
Schleichera oleosa,-0.32138651609420776,0.10050316154956818,-0.27650851011276245,-0.6863242387771606,-0.5108321309089661,-0.5615646839141846,-0.09819971024990082,0.8436222076416016
Scirpophaga incertulas,-0.30347681045532227,-0.5062704682350159,-0.49038445949554443,0.8595710396766663,-0.09347205609083176,-1.1000843048095703,-0.04907201603055,-0.273412823677063
Scolia binotata,-0.40379899740219116,-1.0637320280075073,0.2560952305793762,0.07160844653844833,-0.30892324447631836,-0.018863460049033165,0.10507804155349731,-1.3339946269989014
Scolopendra dehaani,0.6770336627960205,-0.5325053930282593,0.06895771622657776,0.556308925151825,0.021613717079162598,-0.20148442685604095,-0.8619058132171631,-0.9027703404426575
Scytodes fusca,-0.4046144485473633,0.11775518953800201,-0.5987371206283569,-0.5939558744430542,-0.07389295101165771,-0.5950561761856079,0.23330269753932953,1.3769410848617554
Scytodes pallida,-0.5363507270812988,0.2667721211910248,0.3208838701248169,0.007168196141719818,0.692846417427063,-0.38162165880203247,0.6885188221931458,-0.20891807973384857
Seemannia sylvatica,-0.20525583624839783,-0.02167542278766632,-0.28890976309776306,-0.8128219842910767,-0.6145516633987427,-0.6652566194534302,-0.2115519940853119,1.206040859222412
Selaginella kraussiana,-0.5139034986495972,0.12057015299797058,-0.5708882212638855,-1.0093598365783691,-0.366117924451828,-0.5654387474060059,0.2124788910150528,1.4481103420257568
Selepa celtis,-0.7786076664924622,-0.01682014763355255,-0.22471030056476593,-0.6239891648292542,-0.2847384810447693,0.4021521806716919,-0.390707403421402,-0.9545042514801025
Senna alata,0.19449485838413239,0.17278268933296204,0.4518265724182129,1.187997579574585,-0.9004865884780884,0.015351520851254463,-0.582971453666687,-0.3722774386405945
Senna occidentalis,1.164197564125061,-0.8201155662536621,0.3960569500923157,1.2970688343048096,-0.4410776197910309,-0.04680946469306946,-0.23417165875434875,-0.08839090913534164
Sepioteuthis lessoniana,0.9323344230651855,-0.5123683214187622,0.16397562623023987,0.2883707284927368,-0.3155209720134735,-0.11226310580968857,-0.8997972011566162,-0.7365065217018127
Serpula similis,-0.5604016780853271,0.2534489333629608,0.5633598566055298,0.10430918633937836,0.8263137340545654,-0.4976476728916168,0.5306516885757446,-0.6448352932929993
Sesbania grandiflora,-1.4390032291412354,-0.49182718992233276,0.10455255210399628,0.012862619012594223,-1.3810675144195557,-0.06939511001110077,-0.08225773274898529,-0.7888579368591309
Sesuvium portulacastrum,0.3512718081474304,1.4464330673217773,0.027804195880889893,-0.809518039226532,0.7878198027610779,0.25556278228759766,-0.6779200434684753,0.14189830422401428
Sida acuta,-0.2988208830356598,0.9174627065658569,-1.7128949165344238,-0.12502965331077576,-0.21280552446842194,0.4047723114490509,-0.6745995283126831,-0.5767599940299988
Sieruela rutidosperma,0.8995102643966675,0.04455013945698738,0.663931131362915,0.27464574575424194,-0.4580034017562866,-0.9431965947151184,-1.397315502166748,0.4916871190071106
Silana farinosa,-0.25195133686065674,0.4886951446533203,1.1235511302947998,-0.5853928327560425,1.4723002910614014,-0.6448109149932861,0.546195387840271,-0.012171877548098564
Siler semiglaucus,0.5530072450637817,-0.8791650533676147,-0.7942006587982178,0.6558815240859985,-0.9110924601554871,0.7400396466255188,0.9283857345581055,-0.3243960440158844
Siphonaria sipho,-0.2011096477508545,-0.08057200908660889,-0.3158763647079468,-1.020642876625061,0.7431589365005493,0.021670669317245483,-0.19019192457199097,1.2480509281158447
Sitta frontalis,-1.020236611366272,-0.4811024069786072,-0.4818592071533203,-0.10224369168281555,-0.7582688331604004,0.4233776330947876,-0.2224348783493042,-1.088479995727539
Sitta solangiae,0.3695243000984192,-0.5243026614189148,0.025387823581695557,0.3401433527469635,-0.7186574339866638,-0.020571906119585037,-0.63092440366745,-1.109771728515625
Solanum diphyllum,0.3982158303260803,0.15185698866844177,-1.2216743230819702,0.25035375356674194,-0.8992577791213989,-0.19241908192634583,-0.3536568582057953,-0.4690176844596863
Solanum lycopersicum,-0.06764517724514008,-1.3302398920059204,0.2441660612821579,0.35751044750213623,-0.20940899848937988,-0.3299906849861145,-0.010127589106559753,-1.3930714130401611
Solanum torvum,0.05777052044868469,-0.41930216550827026,-0.28364136815071106,-0.29990601539611816,-1.627716064453125,-0.3436826169490814,-0.7138261198997498,-0.6525260210037231
Solanum viarum,-0.2361524999141693,-0.5376343727111816,0.6569648385047913,1.1328821182250977,0.30530646443367004,-0.434237003326416,-0.2898035943508148,-0.3266233503818512
Solenopsis geminata,-0.23296275734901428,-0.5924607515335083,-0.2581675350666046,1.163454294204712,-0.6189501881599426,0.9401991367340088,-0.0014237165451049805,0.9112145900726318
Sonneratia alba,-0.2000090479850769,1.3336246013641357,-0.309226393699646,-1.4907423257827759,-0.24113520979881287,-0.3718924820423126,0.4380161762237549,0.3154597580432892
Spalgis epius,1.1609034538269043,0.2808263599872589,-0.5107179284095764,0.5375252962112427,-1.4204224348068237,0.07029055804014206,0.559629499912262,-0.48039406538009644
Spathodea campanulata,0.5393388271331787,1.203925609588623,0.10916653275489807,-1.0875539779663086,0.12708289921283722,-0.07816104590892792,-0.6702303886413574,0.6161220073699951
Spathoglottis plicata,0.49671056866645813,0.02970917522907257,-0.03783820569515228,0.6609638333320618,1.3806462287902832,-1.1837360858917236,0.09860073029994965,-0.4651661813259125
Spatula clypeata,-0.007455642335116863,-0.8084123134613037,-0.816544771194458,0.18829110264778137,-1.5779147148132324,0.603101372718811,0.7929778099060059,-0.25139564275741577
Spermacoce remota,0.8809691667556763,-0.6657267808914185,-0.8103625774383545,-0.1419922411441803,-0.29538965225219727,-0.0409885048866272,0.39693522453308105,0.7238147258758545
Sphagneticola trilobata,0.03823678940534592,0.6163825988769531,1.4577198028564453,0.20509588718414307,-0.25805383920669556,-1.152750849723816,-0.17323119938373566,0.9427387714385986
Sphex sericeus,-1.042616844177246,0.046708524227142334,-0.420282781124115,-0.5250170826911926,-0.17826148867607117,0.3566243648529053,-0.4184281527996063,-0.8582009077072144
Sphinctotropis paviei,1.058701753616333,0.610497236251831,-1.3450734615325928,0.8087030649185181,0.30797189474105835,0.06444407999515533,-0.7374112010002136,0.47483742237091064
Spilopelia chinensis,0.6005179286003113,-0.01979738473892212,-0.49900567531585693,0.578978955745697,-1.0100841522216797,-0.8739238977432251,-0.04837419092655182,-0.7478322982788086
Spilornis cheela,0.7471222877502441,0.7556495666503906,-0.6919870972633362,-0.012541871517896652,0.05140482261776924,-0.9323580265045166,0.8017693758010864,1.1056331396102905
Spilornis holospilus,0.9294055104255676,0.5697290897369385,-0.8385288715362549,0.40963029861450195,-0.32024356722831726,-0.9906231164932251,0.8811670541763306,0.29691463708877563
Spilostethus hospes,0.3520161509513855,-0.538891077041626,-0.32054808735847473,1.2530384063720703,-0.5102793574333191,0.7676891088485718,-0.014399237930774689,1.0361666679382324
Spinifex littoreus,-0.6497194170951843,0.8467749357223511,0.6365351676940918,-0.6512318849563599,-0.5845398902893066,-0.5067095756530762,0.4692346751689911,-0.748297393321991
Spodiopsar cineraceus,1.1105451583862305,1.270695686340332,0.2439064383506775,0.8388817310333252,-0.014410491101443768,-0.23291128873825073,0.6682636737823486,-0.5871342420578003
Spodoptera litura,0.6036405563354492,-1.0861635208129883,0.5101112723350525,-0.6941499710083008,-0.3037607967853546,-0.982073962688446,-0.3311331570148468,-0.24840781092643738
Spoladea recurvalis,-0.01165676862001419,-1.2787039279937744,-0.8576040863990784,0.6802554726600647,-0.08166740089654922,-0.9477429389953613,-0.7730437517166138,-0.066890649497509
Stenopus hispidus,-0.5604016780853271,0.2534489333629608,0.5633598566055298,0.10430918633937836,0.8263137340545654,-0.4976476728916168,0.5306516885757446,-0.6448352932929993
Sternula albifrons,0.1362224519252777,-1.4287168979644775,-0.32333266735076904,-0.1873096525669098,-0.06923076510429382,-0.03363850712776184,-0.39776599407196045,-0.17298156023025513
Stiboges nymphidia,-0.14802660048007965,0.21264052391052246,0.884491503238678,1.0038316249847412,0.7292661070823669,-0.17223164439201355,-0.5586977005004883,-0.5298253893852234
Stichodactyla gigantea,-0.5805007219314575,0.42797020077705383,0.42743855714797974,1.3469618558883667,-0.23257394134998322,0.012488202191889286,-1.3212237358093262,-0.19886857271194458
Stichodactyla haddoni,0.3063705861568451,1.3409464359283447,0.10006606578826904,0.18346044421195984,0.5332611203193665,0.10939892381429672,-1.1194543838500977,-0.31435149908065796
Streptopelia tranquebarica,-0.15019479393959045,0.2907804548740387,-1.2257943153381348,0.8619366884231567,-0.7555708289146423,-1.0749908685684204,-0.29640692472457886,-0.4182273745536804
Strigoptera bimaculata,-0.6295778751373291,-1.318725347518921,0.46167507767677307,-0.16377276182174683,0.42241668701171875,-0.11480392515659332,1.0901747941970825,0.4262586534023285
Strix seloputo,0.6232253313064575,1.0037901401519775,-0.6770543456077576,0.8335988521575928,-1.173953890800476,0.4168899655342102,0.5386383533477783,0.24305163323879242
Strobilanthes crispa,-0.7641423940658569,-0.11657390743494034,0.8006801605224609,0.9727360606193542,0.7573734521865845,-0.6946521997451782,0.40332338213920593,-0.3524123430252075
Strophanthus gratus,0.35678377747535706,0.234671950340271,-0.013187587261199951,0.7710033059120178,0.9853987097740173,-0.04572968930006027,0.2791566550731659,-0.04388448968529701
Sturnia malabarica,1.2684431076049805,0.6392432451248169,0.2636469602584839,0.3315851092338562,0.6148405075073242,-0.3261897563934326,-0.5071283578872681,0.3239598870277405
Suastus gremius,-0.05140677094459534,-1.4908697605133057,0.06775322556495667,0.46631720662117004,0.4089580178260803,0.6463747620582581,0.11026622354984283,0.04372279345989227
Subulina octona,-0.5139034986495972,0.12057015299797058,-0.5708882212638855,-1.0093598365783691,-0.366117924451828,-0.5654387474060059,0.2124788910150528,1.4481103420257568
Sula leucogaster,-0.2011096477508545,-0.08057200908660889,-0.3158763647079468,-1.020642876625061,0.7431589365005493,0.021670669317245483,-0.19019192457199097,1.2480509281158447
Suncus murinus,-0.5139034986495972,0.12057015299797058,-0.5708882212638855,-1.0093598365783691,-0.366117924451828,-0.5654387474060059,0.2124788910150528,1.4481103420257568
Sundasciurus tenuis,-0.2785876393318176,1.0034887790679932,-0.80144202709198,-0.0811467319726944,0.18643590807914734,0.6406749486923218,-0.5954821109771729,1.348954677581787
Supella longipalpa,0.14084172248840332,1.3265540599822998,-0.43236416578292847,-0.4146428406238556,-0.6383934617042542,-0.11188558489084244,0.685283362865448,-0.8519088625907898
Surniculus lugubris,0.784738302230835,0.5040064454078674,0.8095064759254456,-0.05925551801919937,0.3646846413612366,0.4671715497970581,1.7036224603652954,-0.17145250737667084
Sus scrofa,-0.5604016780853271,0.2534489333629608,0.5633598566055298,0.10430918633937836,0.8263137340545654,-0.4976476728916168,0.5306516885757446,-0.6448352932929993
Swietenia macrophylla,0.2479637861251831,-0.6701666116714478,-0.6429558992385864,-0.8107937574386597,-1.671462059020996,0.19450411200523376,-0.11096218973398209,-0.4236971437931061
Sylvirana guentheri,-0.9522497653961182,-0.9832350015640259,-0.7869440317153931,-0.3730490505695343,-0.18125185370445251,0.9071038961410522,0.23542948067188263,-0.9827947616577148
Symbrenthia hypatia,-0.6150334477424622,0.7436493635177612,0.7889819145202637,-0.9328001737594604,0.4319864511489868,0.32004597783088684,0.9512203931808472,0.5246282815933228
Synalpheus stimpsonii,0.3512718081474304,1.4464330673217773,0.027804195880889893,-0.809518039226532,0.7878198027610779,0.25556278228759766,-0.6779200434684753,0.14189830422401428
Syngonium podophyllum,-0.3339039087295532,0.6198248267173767,0.6118113398551941,0.5809731483459473,1.580578088760376,0.6622670888900757,-0.07204712182283401,0.3201088011264801
Synoicus chinensis,-0.0702090784907341,-0.15581397712230682,0.7350212931632996,-1.4897152185440063,-0.0006064432673156261,1.3181861639022827,-0.5228903293609619,0.003205352695658803
Syntomoides imaon,-0.4566163718700409,-1.8627567291259766,-0.02054167538881302,0.8032592535018921,0.561062753200531,-0.011118713766336441,0.5885205268859863,-0.22141209244728088
Syzygium samarangense,-0.762832522392273,-0.0001777149736881256,-0.37733322381973267,-0.8264768123626709,0.388357013463974,0.22427135705947876,-0.4091271758079529,1.125579833984375
Tachybaptus ruficollis,1.0686676502227783,-0.43906599283218384,0.0006186496466398239,0.057962819933891296,-0.34711939096450806,1.3519254922866821,-0.03069457784295082,1.2033708095550537
Tachypompilus analis,-0.5139034986495972,0.12057015299797058,-0.5708882212638855,-1.0093598365783691,-0.366117924451828,-0.5654387474060059,0.2124788910150528,1.4481103420257568
Tagiades gana,-0.8257416486740112,0.11831441521644592,-0.20911815762519836,1.1943296194076538,0.06863748282194138,1.0756860971450806,0.2961563766002655,0.6208792328834534
Tagiades japetus,-0.6999108791351318,0.9154092669487,-0.22682707011699677,0.5637609362602234,0.5682612061500549,1.2241301536560059,-0.05720400810241699,0.686158299446106
Tajuria dominus,-0.15795031189918518,0.4340532422065735,0.5685603022575378,-1.9716174602508545,0.5086192488670349,0.3052765727043152,0.24257105588912964,-0.23047511279582977
Talinum fruticosum,-1.227163553237915,-0.2072521299123764,-1.0145835876464844,-0.6749778985977173,-0.7207806706428528,0.05248972773551941,-0.15279966592788696,-0.4112362563610077
Talinum paniculatum,-0.5878727436065674,0.1704295426607132,-0.7261378169059753,-1.1385687589645386,-0.5664020776748657,-0.7198669910430908,0.10355691611766815,1.011918544769287
Talipariti tiliaceum,-0.42347466945648193,0.003178894519805908,-0.7694587707519531,-0.15371686220169067,-0.7541526556015015,-0.6393117904663086,0.7985020279884338,-1.232254981994629
Tamarindus indica,-0.6302518844604492,0.5976454615592957,0.36878740787506104,0.7934633493423462,-0.05222082510590553,-1.6446846723556519,0.7537053227424622,-0.00017808613483794034
Tamba mnionomera,0.5232693552970886,-0.821961522102356,-0.6196115016937256,1.1823394298553467,0.5286355018615723,-0.5214285850524902,1.018176555633545,-0.6262351870536804
Tamiops maritimus,-0.8395044803619385,1.3858017921447754,0.08244909346103668,-0.5727334022521973,0.7596191763877869,0.11681938916444778,0.09144819527864456,1.1851880550384521
Tamiops mcclellandii,-0.4521431624889374,1.1124842166900635,-0.6427358984947205,-0.202739417552948,-0.0011106738820672035,0.5942173004150391,-0.5627275109291077,1.465083122253418
Tamiops rodolphii,-0.7056418657302856,1.3463846445083618,0.09445690363645554,-0.6584096550941467,0.800530195236206,0.1772606372833252,0.10014985501766205,1.193451166152954
Tanaecia iapis,0.12539783120155334,0.5723628997802734,-0.3459370732307434,-1.397904872894287,0.17823725938796997,0.5060796737670898,0.030313806608319283,-1.465975284576416
Tanaecia julii,-0.6150334477424622,0.7436493635177612,0.7889819145202637,-0.9328001737594604,0.4319864511489868,0.32004597783088684,0.9512203931808472,0.5246282815933228
Tanaecia lepidea,0.5914683938026428,-0.25916093587875366,1.1758893728256226,0.3107643127441406,-0.9355941414833069,-0.8919548988342285,-0.8936231136322021,-0.31301695108413696
Tanaecia palguna,0.883834719657898,0.005235135555267334,-1.0656256675720215,-0.7005393505096436,1.3695387840270996,0.2536681890487671,0.30679136514663696,-0.06080629676580429
Tanaecia pelea,0.12539783120155334,0.5723628997802734,-0.3459370732307434,-1.397904872894287,0.17823725938796997,0.5060796737670898,0.030313806608319283,-1.465975284576416
Tapinoma melanocephalum,0.18183115124702454,-1.2646896839141846,0.13153165578842163,0.07138976454734802,0.44150644540786743,-0.24642661213874817,-1.1563007831573486,-0.8892213106155396
Taractrocera archias,-0.5236023664474487,-1.9525699615478516,0.006884615868330002,0.08786183595657349,0.07009001076221466,-0.021151939406991005,-0.7241460084915161,-0.1460942029953003
Tarenaya houtteana,0.7536959648132324,-0.29795828461647034,0.16579577326774597,0.022238343954086304,-0.16449788212776184,-0.4587087333202362,-1.5571322441101074,0.51482093334198
Tartessus ferrugineus,1.0690754652023315,0.9466875791549683,0.6923568248748779,-0.594072699546814,0.7581772804260254,0.12172873318195343,-0.38272523880004883,0.029553398489952087
Tecoma stans,0.6632980108261108,-0.08351919054985046,0.3542090058326721,-0.5348074436187744,-0.630216121673584,-0.16066840291023254,-1.0202932357788086,0.3106782138347626
Tectona grandis,-0.7649885416030884,-1.0394806861877441,-0.4344325661659241,-0.4184741973876953,-0.5957107543945312,0.9748048782348633,0.9138463735580444,-0.32500365376472473
Tegillarca granosa,0.3512718081474304,1.4464330673217773,0.027804195880889893,-0.809518039226532,0.7878198027610779,0.25556278228759766,-0.6779200434684753,0.14189830422401428
Teinobasis laidlawi,0.2651005983352661,-0.4505525827407837,-0.10121214389801025,-0.09780378639698029,0.6312688589096069,-0.9738019704818726,1.2363574504852295,-1.2214624881744385
Telamonia festiva,0.1603396236896515,-0.520653486251831,-0.2190452218055725,0.7408843040466309,0.8533625602722168,1.017743468284607,0.9489600658416748,0.2940582036972046
Telchinia issoria,0.8263787031173706,0.14438647031784058,-1.3300225734710693,-0.7764151096343994,1.33054780960083,0.19390368461608887,0.18697626888751984,-0.17399074137210846
Telinga janardana,-0.6150334477424622,0.7436493635177612,0.7889819145202637,-0.9328001737594604,0.4319864511489868,0.32004597783088684,0.9512203931808472,0.5246282815933228
Telostylinus lineolatus,-1.3465209007263184,-0.4302838444709778,-0.8058463335037231,-0.23949182033538818,-0.6262414455413818,0.5483124852180481,-0.07594792544841766,-0.7391442656517029
Tephrodornis virgatus,-0.5604016780853271,0.2534489333629608,0.5633598566055298,0.10430918633937836,0.8263137340545654,-0.4976476728916168,0.5306516885757446,-0.6448352932929993
Terinos terpander,0.24182188510894775,0.029932767152786255,1.0370115041732788,-0.7558853030204773,0.9818931818008423,-0.04022350162267685,-0.18942877650260925,1.45900297164917
Terminalia catappa,1.6064690351486206,-0.5467537641525269,0.04146696999669075,0.5561099052429199,-0.028801776468753815,0.07148560881614685,0.20075374841690063,-0.4661099910736084
Terpsiphone paradisi,-0.48740488290786743,-0.9649268388748169,-0.5774335861206055,0.4331825375556946,-0.5289970636367798,0.5392413139343262,0.7221094369888306,0.4621184170246124
Tetracera indica,-0.09998449683189392,0.9588866233825684,0.09424589574337006,-1.2138382196426392,1.2491378784179688,-0.5258131623268127,0.2900206446647644,-0.3014439046382904
Tetragnatha hasselti,-0.5604016780853271,0.2534489333629608,0.5633598566055298,0.10430918633937836,0.8263137340545654,-0.4976476728916168,0.5306516885757446,-0.6448352932929993
Tetragonula collina,-0.9749914407730103,-0.7080979347229004,-0.6763439178466797,-0.9386905431747437,-0.8055326342582703,1.0451871156692505,-0.009529707953333855,-0.05910433456301689
Tetrameles nudiflora,0.9323344230651855,-0.5123683214187622,0.16397562623023987,0.2883707284927368,-0.3155209720134735,-0.11226310580968857,-0.8997972011566162,-0.7365065217018127
Tetranychus urticae,0.9323344230651855,-0.5123683214187622,0.16397562623023987,0.2883707284927368,-0.3155209720134735,-0.11226310580968857,-0.8997972011566162,-0.7365065217018127
Tetraponera rufonigra,0.01751718856394291,-0.9354310035705566,0.5317448377609253,-0.2922933101654053,0.6294366121292114,-0.08674663305282593,-1.2148072719573975,-1.2874854803085327
Tetrathemis hyalina,-0.7344443798065186,1.399597406387329,0.8712648153305054,-0.8874945640563965,0.7083384990692139,0.4409462809562683,-0.0409901961684227,0.05331571400165558
Thalamita spinimana,0.45889848470687866,1.5599173307418823,0.0894903913140297,-0.5297566652297974,0.8796265125274658,-0.19307178258895874,-0.3566449284553528,-0.24008554220199585
Thauria aliris,-0.6150334477424622,0.7436493635177612,0.7889819145202637,-0.9328001737594604,0.4319864511489868,0.32004597783088684,0.9512203931808472,0.5246282815933228
Thecacera picta,0.07341869920492172,0.15254120528697968,-0.1822652518749237,0.20485377311706543,0.8586260676383972,-0.020621925592422485,-0.41133493185043335,1.70835280418396
Thelacantha brevispina,1.1331591606140137,-0.1546013355255127,-0.7067677974700928,-0.916131854057312,-0.46355998516082764,0.11308833211660385,0.541885495185852,-1.289743185043335
Thelenota anax,-0.5139034986495972,0.12057015299797058,-0.5708882212638855,-1.0093598365783691,-0.366117924451828,-0.5654387474060059,0.2124788910150528,1.4481103420257568
Thelesperma simplicifolium,-1.6058822870254517,-0.010295691899955273,0.02108905091881752,0.45483601093292236,0.4125927686691284,0.6851311922073364,0.6850159168243408,1.0198512077331543
Theretra nessus,-0.02811717987060547,0.0637018084526062,0.8243560791015625,-1.3582394123077393,0.6153683662414551,1.1294755935668945,0.08064087480306625,-0.4283715486526489
Theretra oldenlandiae,-0.39426958560943604,-0.2167816460132599,0.6568480134010315,-1.4050323963165283,0.34712857007980347,0.7547503709793091,0.17458157241344452,-0.6032760143280029
Theridion zonulatum,-0.09743715077638626,0.2800590991973877,0.9237086772918701,0.19991371035575867,0.5662809610366821,0.011554479598999023,0.8298419117927551,-1.1253697872161865
Thespesia populnea,-1.13226318359375,-0.2641327381134033,-1.3052411079406738,-0.31057414412498474,-0.6800363063812256,-0.085188128054142,0.07447141408920288,-0.8836488723754883
Thiania bhamoensis,1.516573190689087,-1.308488368988037,0.060916170477867126,-0.09639932215213776,-0.05898009613156319,-0.16906821727752686,0.14800775051116943,-0.2445351481437683
Tholymis tillarga,-0.5411680936813354,0.18450665473937988,0.9486380219459534,-0.5872354507446289,1.1343108415603638,0.0004187934100627899,-0.43620866537094116,-1.153005599975586
Thor amboinensis,-0.5139034986495972,0.12057015299797058,-0.5708882212638855,-1.0093598365783691,-0.366117924451828,-0.5654387474060059,0.2124788910150528,1.4481103420257568
Thorelliola ensifera,0.4135698974132538,-0.09073494374752045,-0.9915090203285217,0.789994478225708,-0.0736871063709259,0.5229559540748596,0.5457565784454346,-1.1484445333480835
Thunbergia grandiflora,-0.7118477821350098,-0.3960554003715515,-0.24831975996494293,0.15409676730632782,1.138362169265747,-0.9256133437156677,-0.1807139813899994,-0.29856953024864197
Thyreus himalayensis,-0.9974174499511719,0.10244492441415787,0.40617135167121887,-0.05952038615942001,-0.05074144899845123,1.5580615997314453,-0.2629922032356262,0.8014657497406006
Tirachoidea biceps,-0.5139034986495972,0.12057015299797058,-0.5708882212638855,-1.0093598365783691,-0.366117924451828,-0.5654387474060059,0.2124788910150528,1.4481103420257568
Tirumala septentrionis,-0.44122228026390076,0.6782355308532715,0.69171142578125,-0.9293817281723022,0.5912179946899414,0.5740429162979126,1.002138376235962,0.821994960308075
Todiramphus chloris,0.4892767667770386,0.011790141463279724,1.3614604473114014,0.1589178740978241,-0.7902532815933228,0.06290644407272339,-1.1074550151824951,-0.7077782154083252
Torenia concolor,-0.82118821144104,0.7349525690078735,-0.5559394955635071,-0.8016932010650635,-0.5307799577713013,-0.33873993158340454,0.5833805799484253,1.2249001264572144
Torenia crustacea,-0.47219520807266235,1.6002919673919678,-0.09152957051992416,-0.9092889428138733,-0.6316388845443726,-0.46916550397872925,0.5219339728355408,-0.5019344687461853
Trachypithecus cristatus,-0.15147699415683746,-0.8931245803833008,0.05589304119348526,-0.6777682900428772,-0.7245606184005737,0.3895278871059418,-0.1301892250776291,0.4315754175186157
Trachypithecus delacouri,0.017970198765397072,-1.4758250713348389,-1.0376735925674438,0.45246362686157227,0.48380184173583984,0.22863765060901642,-0.14666998386383057,1.039062261581421
Trachypithecus germaini,0.01822202280163765,-1.343139886856079,-1.0198183059692383,0.5528128147125244,0.6908025741577148,0.33354729413986206,-0.14424070715904236,0.9133523106575012
Trachypithecus obscurus,0.7005307078361511,-1.0505366325378418,0.5843244791030884,-0.5414037108421326,0.14880457520484924,0.94758141040802,-0.02477305755019188,-1.3508989810943604
Trachythorax maculicollis,-0.7182608246803284,0.033392757177352905,-0.8760768175125122,-0.015039961785078049,0.5045122504234314,-0.3023419976234436,-0.1498764008283615,-0.9121218919754028
Tradescantia zebrina,-0.2011096477508545,-0.08057200908660889,-0.3158763647079468,-1.020642876625061,0.7431589365005493,0.021670669317245483,-0.19019192457199097,1.2480509281158447
Tragulus kanchil,0.3512718081474304,1.4464330673217773,0.027804195880889893,-0.809518039226532,0.7878198027610779,0.25556278228759766,-0.6779200434684753,0.14189830422401428
Tramea transmarina,-0.29135483503341675,-0.10753290355205536,0.7047988176345825,-0.5371140241622925,1.4270309209823608,0.20674827694892883,-0.0957866907119751,-0.9712167382240295
Traulia azureipennis,-1.2946131229400635,0.8508950471878052,-0.962509274482727,0.4783954918384552,0.47753095626831055,-0.1007462590932846,0.8985848426818848,0.03137417510151863
Treron curvirostra,-0.3604350686073303,0.4619022607803345,-1.5647039413452148,0.14965283870697021,-0.18588855862617493,-0.25654464960098267,-0.1338551789522171,-0.5554494857788086
Treron griseicauda,-0.40147697925567627,0.4569961130619049,-1.297652006149292,0.8001152873039246,-0.6952979564666748,-1.1864488124847412,-0.21384960412979126,-0.41154757142066956
Treron vernans,0.9136836528778076,-0.5594377517700195,0.9284923672676086,-0.27064579725265503,-1.1880466938018799,-0.13351015746593475,-0.09860038012266159,0.3132830858230591
Tricholestes criniger,2.0345208644866943,0.00031930406112223864,-0.5657477974891663,0.17529121041297913,-0.48705750703811646,0.020919375121593475,0.3452032208442688,-0.2453925758600235
Trichonephila antipodiana,1.479323148727417,-0.09510313719511032,-0.6649602055549622,0.08204042911529541,0.714255690574646,0.7595593929290771,-0.5856795907020569,0.8212926983833313
Trichonephila clavata,0.9890405535697937,1.142877459526062,-0.7188920974731445,0.02642842009663582,0.8779991269111633,-0.9006098508834839,-0.054300643503665924,-0.270562082529068
Tricondyla brunnea,0.4047214984893799,1.4524648189544678,0.7202401161193848,-0.3364827632904053,0.40767937898635864,-0.5845281481742859,-0.25671517848968506,0.33936014771461487
Tridacna crocea,-0.2011096477508545,-0.08057200908660889,-0.3158763647079468,-1.020642876625061,0.7431589365005493,0.021670669317245483,-0.19019192457199097,1.2480509281158447
Tridax procumbens,-0.0026543140411376953,0.07662586122751236,1.4075322151184082,0.1674850583076477,0.0876774862408638,-1.20982825756073,0.2364942729473114,1.1551423072814941
Trigoniulus corallinus,-0.5888725519180298,1.5615456104278564,0.007891552522778511,-1.0480389595031738,-0.5848857164382935,-0.4748086929321289,0.5224345922470093,-0.5330796241760254
Trigoniulus macropygus,-0.7129566669464111,1.0962071418762207,-0.17879381775856018,-1.2361626625061035,-0.015174293890595436,-0.2535208761692047,0.5091144442558289,0.3587294816970825
Trilophidia annulata,-1.115234375,1.155440330505371,-0.6559432744979858,0.1699267029762268,0.3790263533592224,-0.3545743525028229,1.1299622058868408,-0.19880899786949158
Tringa brevipes,-0.5905455350875854,-0.06810994446277618,0.7891890406608582,-1.0618460178375244,-0.8604599237442017,0.03815578669309616,-0.1288120299577713,-0.9744443893432617
Tringa erythropus,-1.1030035018920898,-0.9267956018447876,0.48067206144332886,-0.4788922369480133,-0.2806258797645569,0.8503671288490295,0.69837886095047,-1.0735325813293457
Tringa glareola,-0.13092300295829773,0.07446996122598648,0.6726529002189636,-1.2382404804229736,-0.9425193071365356,-0.29330718517303467,-0.4489472806453705,-0.42697304487228394
Tringa nebularia,-0.9776618480682373,-0.7681554555892944,0.5609310269355774,-0.7054986953735352,-0.38847073912620544,0.7824800610542297,0.6603803634643555,-1.1579362154006958
Tringa stagnatilis,-0.969041109085083,-0.6263593435287476,0.6144804358482361,-0.8855384588241577,-0.6079466938972473,0.636319100856781,0.4161197543144226,-1.1035139560699463
Tripneustes gratilla,-0.2011096477508545,-0.08057200908660889,-0.3158763647079468,-1.020642876625061,0.7431589365005493,0.021670669317245483,-0.19019192457199097,1.2480509281158447
Trithemis aurora,1.2354981899261475,-0.11859670281410217,1.5021061897277832,0.08435316383838654,0.4522954225540161,0.6909441947937012,0.39814043045043945,0.22632986307144165
Trithemis festiva,1.2518572807312012,-0.18918651342391968,1.1240688562393188,0.10362819582223892,0.47382962703704834,0.7409696578979492,0.5209217071533203,-0.07761869579553604
Trogonoptera brookiana,0.6768916845321655,1.323404312133789,-0.6606045365333557,-0.3560865521430969,-0.3318954110145569,-0.3805445432662964,1.3344863653182983,-0.27808064222335815
Troides aeacus,0.897768497467041,-0.8994150161743164,0.26035577058792114,0.7139387130737305,-0.9013873338699341,0.6500598788261414,-0.8339871168136597,-0.6266353130340576
Troides helena,0.9343628883361816,-0.8119329214096069,0.2693096399307251,0.7212424278259277,-0.9380329847335815,0.8169542551040649,-0.8741461038589478,-0.6542298197746277
Tubastraea coccinea,0.9323344230651855,-0.5123683214187622,0.16397562623023987,0.2883707284927368,-0.3155209720134735,-0.11226310580968857,-0.8997972011566162,-0.7365065217018127
Tubuca paradussumieri,-0.5139034986495972,0.12057015299797058,-0.5708882212638855,-1.0093598365783691,-0.366117924451828,-0.5654387474060059,0.2124788910150528,1.4481103420257568
Tupaia belangeri,-1.3465209007263184,-0.4302838444709778,-0.8058463335037231,-0.23949182033538818,-0.6262414455413818,0.5483124852180481,-0.07594792544841766,-0.7391442656517029
Turbo chrysostomus,-0.2011096477508545,-0.08057200908660889,-0.3158763647079468,-1.020642876625061,0.7431589365005493,0.021670669317245483,-0.19019192457199097,1.2480509281158447
Turdus cardis,0.6853965520858765,-1.4761762619018555,0.3337499499320984,-0.273370623588562,-0.1142442524433136,0.02611718885600567,1.3135489225387573,0.34574979543685913
Turdus chrysolaus,0.7669296264648438,-1.245859146118164,0.4687100350856781,-0.025209719315171242,-0.27532958984375,0.0017379199853166938,1.3260376453399658,0.4121915400028229
Turdus dissimilis,0.722350001335144,-1.3285728693008423,0.3090499937534332,-0.3194512724876404,-0.12856823205947876,0.02516118995845318,1.3718701601028442,0.5679931044578552
Turdus obscurus,0.6209597587585449,-1.244490385055542,0.5606467127799988,-0.1959846317768097,-0.048899102956056595,0.005364192649722099,1.491335153579712,0.5153403282165527
Turnera ulmifolia,-0.2011096477508545,-0.08057200908660889,-0.3158763647079468,-1.020642876625061,0.7431589365005493,0.021670669317245483,-0.19019192457199097,1.2480509281158447
Tylorida ventralis,-0.6669249534606934,-0.2696228623390198,0.35377395153045654,-1.0620942115783691,1.1715617179870605,-1.1562217473983765,0.06308989226818085,-0.12890951335430145
Tyriobapta torrida,1.2006042003631592,-0.37667277455329895,1.3163676261901855,0.39142361283302307,0.19949212670326233,0.46857768297195435,0.3094113767147064,0.07121802121400833
Udaspes folus,0.20643563568592072,1.622366189956665,-0.3817952275276184,0.8393936157226562,0.4788922667503357,0.6477906703948975,-0.198757603764534,0.7231189608573914
Ugia serrilinea,1.4191038608551025,-0.589270830154419,0.8469903469085693,-0.9874838590621948,-0.029753562062978745,-0.6664960384368896,-0.03640329837799072,0.44367897510528564
Upupa epops,0.16329243779182434,-0.8021155595779419,-0.4267290234565735,1.3903300762176514,-0.5146650075912476,0.8366749286651611,-0.13382413983345032,0.601740300655365
Urena lobata,-0.16887301206588745,1.0013240575790405,-1.7531296014785767,-0.11932925879955292,-0.2096928507089615,0.2823213040828705,-0.650123119354248,-0.4498777985572815
Urocissa erythroryncha,0.465884804725647,-0.6798140406608582,-0.5232377052307129,0.9857553243637085,-0.32835766673088074,0.8040605783462524,-0.36152029037475586,0.1245269775390625
Urothemis signata,1.2006042003631592,-0.37667277455329895,1.3163676261901855,0.39142361283302307,0.19949212670326233,0.46857768297195435,0.3094113767147064,0.07121802121400833
Utricularia aurea,-0.6869609355926514,0.1782623827457428,0.2882232666015625,0.15214040875434875,0.8223989605903625,-0.632691502571106,0.3782675564289093,-0.6794111728668213
Utricularia gibba,-1.3357465267181396,-0.43889424204826355,-0.7221509218215942,0.12377569079399109,0.07217031717300415,0.02272285521030426,-0.21120980381965637,-0.9677115678787231
Vagrans sinha,-0.6150334477424622,0.7436493635177612,0.7889819145202637,-0.9328001737594604,0.4319864511489868,0.32004597783088684,0.9512203931808472,0.5246282815933228
Valanga nigricornis,-0.4970608055591583,1.283215045928955,-0.7598336935043335,0.44319266080856323,-0.6292178630828857,-0.24809372425079346,1.2582924365997314,-0.18742653727531433
Vandellia diffusa,-0.0014812946319580078,1.5058963298797607,-0.04307645931839943,-0.615013837814331,0.08728131651878357,0.09905491769313812,0.019053161144256592,0.19299113750457764
Vanellus cinereus,0.44370874762535095,-0.907602071762085,-0.5617630481719971,0.7241573333740234,-0.6332658529281616,0.6488159894943237,0.3340717554092407,0.6343574523925781
Vanellus indicus,0.9681671857833862,-1.079581379890442,-0.1533438265323639,-0.8871886134147644,0.1440747082233429,1.2810815572738647,0.3959864377975464,-0.28977060317993164
Vanessa indica,0.5914683938026428,-0.25916093587875366,1.1758893728256226,0.3107643127441406,-0.9355941414833069,-0.8919548988342285,-0.8936231136322021,-0.31301695108413696
Varuna litterata,-0.5139034986495972,0.12057015299797058,-0.5708882212638855,-1.0093598365783691,-0.366117924451828,-0.5654387474060059,0.2124788910150528,1.4481103420257568
Vasum turbinellus,-0.2011096477508545,-0.08057200908660889,-0.3158763647079468,-1.020642876625061,0.7431589365005493,0.021670669317245483,-0.19019192457199097,1.2480509281158447
Vespa affinis,0.27249675989151,1.0256543159484863,0.7659769058227539,-0.28974980115890503,0.8252897262573242,-0.5367452502250671,-0.4174441397190094,-0.691784143447876
Vespa tropica,-0.3117133378982544,-0.051209546625614166,0.21871894598007202,-0.1808001697063446,-1.1066482067108154,0.44801491498947144,-0.06644339859485626,-1.1469354629516602
Vestalis amethystina,0.22554108500480652,1.141430139541626,-0.34203705191612244,-0.7388412356376648,0.5118749141693115,0.18657830357551575,-0.8756715059280396,0.1930975615978241
Vestalis gracilis,-0.9082683324813843,-0.10699291527271271,-1.0227769613265991,-0.3706439137458801,-0.29069727659225464,0.5061546564102173,-0.7031225562095642,-0.34299570322036743
Vestalis melania,-0.4728522002696991,0.2296556532382965,-0.8697457909584045,-0.8517447710037231,0.5167115926742554,0.1730743944644928,-0.7805805206298828,0.9714862704277039
Vindula deione,0.16976088285446167,0.5662986636161804,-0.462394654750824,-1.5039055347442627,0.22849120199680328,0.40891849994659424,0.04429583251476288,-1.357843041419983
Vindula erota,0.5914683938026428,-0.25916093587875366,1.1758893728256226,0.3107643127441406,-0.9355941414833069,-0.8919548988342285,-0.8936231136322021,-0.31301695108413696
Vir philippinensis,-0.6190173029899597,0.8014374375343323,0.45125168561935425,-0.612246036529541,0.9594084024429321,-0.7469452619552612,0.6172252893447876,-0.1530936360359192
Volegalea cochlidium,-0.5604016780853271,0.2534489333629608,0.5633598566055298,0.10430918633937836,0.8263137340545654,-0.4976476728916168,0.5306516885757446,-0.6448352932929993
Volkameria inermis,-0.7182140350341797,-0.2723366320133209,-0.37549594044685364,-0.9780381321907043,-0.8079918622970581,-0.06644382327795029,0.6370534896850586,1.0010418891906738
Wodyetia bifurcata,-1.0482547283172607,0.0895300880074501,0.39981165528297424,-0.08717743307352066,0.7919114828109741,0.07099953293800354,1.0110752582550049,0.21847844123840332
Woodwardia japonica,0.20132043957710266,-0.9192652106285095,-0.2902149558067322,0.1642073690891266,0.503545880317688,-0.6313746571540833,0.6028715968132019,-0.7682453393936157
Xanthium strumarium,-1.6807804107666016,-0.0101371631026268,0.012430195696651936,0.4625382423400879,0.41451144218444824,0.6917768120765686,0.5348319411277771,0.9580928087234497
Xanthotaenia busiris,-0.6150334477424622,0.7436493635177612,0.7889819145202637,-0.9328001737594604,0.4319864511489868,0.32004597783088684,0.9512203931808472,0.5246282815933228
Xenocatantops humilis,-1.2121117115020752,0.7396271228790283,-1.1109669208526611,0.35539448261260986,0.35797303915023804,-0.20194533467292786,0.9386906027793884,-0.20954903960227966
Xenostegia tridentata,-0.40477901697158813,-0.9149664044380188,1.3327734470367432,0.40152472257614136,-0.5936675071716309,0.7354240417480469,-0.24056705832481384,0.1406598687171936
Xylocopa aestuans,-0.7586634159088135,-0.09222526848316193,-0.8847205638885498,-1.1378778219223022,0.12427005171775818,-0.8678478002548218,0.6254230737686157,0.8191277384757996
Xylocopa flavonigrescens,-1.1985187530517578,0.10446642339229584,0.41473376750946045,-0.42900550365448,-0.04810585454106331,1.3943305015563965,-0.26778164505958557,0.8149664402008057
Xylocopa latipes,-1.020232915878296,0.013000855222344398,0.13174520432949066,-0.6791203618049622,-0.626214861869812,1.5192921161651611,-0.2779049873352051,0.5800529718399048
Xylocopa minor,-0.4356328248977661,-0.3003186285495758,-0.2735728621482849,-1.1815829277038574,-1.0859971046447754,1.062239646911621,-0.10342097282409668,-0.0600801445543766
Xylocopa phalothorax,-0.7015433311462402,-0.58380126953125,-0.08306315541267395,0.17359614372253418,0.3585827946662903,0.9868762493133545,0.5184273719787598,0.6355584859848022
Xylotrupes gideon,-0.40112343430519104,-0.1531163454055786,-0.4729986786842346,-0.3841671943664551,0.4881829619407654,-0.4240490794181824,-0.7802846431732178,1.292564868927002
Xylotrupes pauliani,-0.30103787779808044,-0.6991498470306396,-1.0650789737701416,-0.08744290471076965,0.6138607263565063,-0.6201763153076172,-0.6970736980438232,0.7857069969177246
Xylotrupes philippinensis,-0.23195895552635193,-0.5594236850738525,-0.6289429664611816,-0.1797521859407425,0.9590272903442383,-0.2608053684234619,-1.1392943859100342,1.1547510623931885
Xylotrupes socrates,-0.22744186222553253,-0.651990532875061,-0.7673823237419128,-0.18540523946285248,0.9526984691619873,-0.25516965985298157,-1.1647688150405884,1.0349620580673218
Xystrocera globosa,-0.47264665365219116,-0.8377583026885986,-0.7053181529045105,0.1528290957212448,1.2444051504135132,-0.3158992826938629,0.86802077293396,0.1264534443616867
Yoma sabina,0.8096362352371216,0.14560899138450623,-1.2830986976623535,-0.6074461936950684,1.447808027267456,0.19574382901191711,0.18241840600967407,-0.16404612362384796
Ypthima baldus,0.3038802444934845,0.32522448897361755,0.8355772495269775,-0.6995841264724731,0.8625645637512207,-0.12265582382678986,-0.2029305100440979,1.3472793102264404
Ypthima huebneri,-0.7311190366744995,0.5176494717597961,0.8720593452453613,-0.826320230960846,0.7200509309768677,0.4502277374267578,0.8382457494735718,0.5179651379585266
Ypthima stellera,-0.8108521699905396,-1.0071724653244019,1.0071724653244019,1.0071724653244019,0.0,-0.8108522891998291,0.1963203102350235,0.0
Yungipicus canicapillus,1.2102446556091309,-0.5156965255737305,1.3114500045776367,0.3251945376396179,-1.0964878797531128,-0.020867405459284782,-0.31763550639152527,-0.05504390969872475
Yungipicus moluccensis,1.2014143466949463,-0.346941202878952,0.38750994205474854,0.7338838577270508,-0.072014719247818,-1.1988505125045776,0.2532529830932617,0.5545766949653625
Zanclostomus curvirostris,-1.172957420349121,-0.17690476775169373,-1.339257836341858,-0.7245826721191406,-0.37274783849716187,0.2642599940299988,-0.31257668137550354,-0.687129557132721
Zanclostomus javanicus,-1.061466932296753,-0.17827634513378143,-1.1772871017456055,-0.8482184410095215,0.1304691582918167,0.3650233745574951,-0.38206547498703003,-0.4007692337036133
Zeltus amasa,-0.027229808270931244,0.3833181858062744,0.47127586603164673,-1.969813346862793,0.5485048294067383,0.32345664501190186,0.2627287805080414,-0.3345845937728882
Zemeros flegyas,-0.7291289567947388,-0.2516320049762726,0.4814407229423523,1.24204683303833,0.44461292028427124,-0.009231995791196823,-0.8855336308479309,-1.0263853073120117
Zethera musa,-0.8108521699905396,-0.8108521699905396,1.0071724653244019,1.0071724653244019,0.0,-1.0071725845336914,0.0,-0.1963202804327011
Zinnia elegans,-1.1375346183776855,1.1022143363952637,0.06505680829286575,-0.9761219024658203,0.1584858000278473,-0.6257169246673584,-0.9035400748252869,-0.2026672065258026
Zizina otis,-0.1503904163837433,1.0392411947250366,0.0030148234218358994,0.4753163456916809,-1.3182704448699951,0.027347557246685028,-0.6808533668518066,0.829116702079773
Zizula hylax,-0.41430553793907166,0.05648598074913025,-0.2751935124397278,0.6538819074630737,-0.6526452302932739,-1.752649188041687,0.5997128486633301,0.4261646270751953
Zoanthus sansibaricus,-0.2011096477508545,-0.08057200908660889,-0.3158763647079468,-1.020642876625061,0.7431589365005493,0.021670669317245483,-0.19019192457199097,1.2480509281158447
Zoothera aurea,0.7687073945999146,-1.373292088508606,0.541255533695221,-0.04295099526643753,-0.04927178472280502,0.0053014387376606464,1.3012619018554688,0.4957706332206726
Zoothera dauma,0.8565977811813354,-1.4199130535125732,0.32044243812561035,-0.44990667700767517,-0.20077455043792725,0.22523584961891174,0.35195016860961914,0.1265036016702652
Zosterops meyeni,-0.19199790060520172,0.4630148410797119,-0.3947637975215912,-0.9902588129043579,1.0536437034606934,0.401313453912735,-0.2309294193983078,1.1164082288742065
Zosterops simplex,0.33421605825424194,1.2927463054656982,-0.01259053498506546,-0.8263727426528931,0.9818065762519836,0.3734259605407715,-0.5166478157043457,0.2704065144062042
Zurobata vacillans,-0.4967290759086609,-1.8426563739776611,-0.019920820370316505,0.7063513994216919,0.5982096195220947,-0.028347987681627274,0.6254997849464417,-0.22445616126060486
Zygonyx iris,-0.7470238208770752,1.1268006563186646,0.9878374934196472,-1.1044294834136963,0.5617282390594482,0.20739132165908813,0.03355247154831886,0.3650045692920685
Zyxomma obtusum,-0.012046249583363533,-1.439504623413086,-0.4752231240272522,0.6599937677383423,1.1226166486740112,0.4541817307472229,-0.9234495162963867,0.011654150672256947
Zyxomma petiolatum,-0.11697793006896973,0.9876765012741089,0.8286504149436951,-0.08767634630203247,1.0627541542053223,-0.18813644349575043,-0.5244936943054199,-0.20326349139213562