species_1,species_2,knn_score
Acrocephalus orientalis,Metapocyrtus adspersus,1.0
Acrocephalus orientalis,Podolestes orientalis,1.0
Acrocephalus orientalis,Prorhinotermes flavus,1.0
Acrocephalus orientalis,Rostratula benghalensis,1.0
Acrocephalus orientalis,Sesuvium portulacastrum,1.0
Acropora hyacinthus,Euroxenus vayssieresi,1.0
Acropora hyacinthus,Ichthyophis kohtaoensis,1.0
Acropora hyacinthus,Macrotermes carbonarius,1.0
Acropora hyacinthus,Oudemansiella australis,1.0
Acropora hyacinthus,Rattus norvegicus,1.0
Actinostephanus haeckeli,Alternanthera philoxeroides,1.0
Actinostephanus haeckeli,Gnetum gnemon,1.0
Actinostephanus haeckeli,Mecardonia procumbens,1.0
Actinostephanus haeckeli,Odontodactylus scyllarus,1.0
Actinostephanus haeckeli,Panulirus versicolor,1.0
Actitis hypoleucos,Passer montanus,1.0
Actitis hypoleucos,Periplaneta americana,1.0
Adinda malaccensis,Asplenium nidus,1.0
Adinda malaccensis,Dioscorea bulbifera,1.0
Adinda malaccensis,Geosesarma faustum,1.0
Adinda malaccensis,Sus scrofa,1.0
Adinda malaccensis,Tephrodornis virgatus,1.0
Aegithina tiphia,Colochirus quadrangularis,1.0
Aegithina tiphia,Etlingera elatior,1.0
Aegithina tiphia,Homoeoxipha lycoides,1.0
Aegithina tiphia,Nisitrus malaya,1.0
Aegithina tiphia,Pycanum alternatum,1.0
Aethopyga gouldiae,Cinnyris jugularis,1.0
Agrionoptera insignis,Rhodothemis rufa,1.0
Agrionoptera insignis,Tyriobapta torrida,1.0
Agrionoptera insignis,Urothemis signata,1.0
Alternanthera philoxeroides,Actinostephanus haeckeli,1.0
Alternanthera philoxeroides,Kaloula baleata,1.0
Alternanthera philoxeroides,Mecardonia procumbens,1.0
Alternanthera philoxeroides,Panulirus versicolor,1.0
Alternanthera philoxeroides,Scelimena producta,1.0
Ampulex compressa,Hystrix javanica,1.0
Ampulex compressa,Kaloula baleata,1.0
Ampulex compressa,Panulirus versicolor,1.0
Ampulex compressa,Thor amboinensis,1.0
Ampulex compressa,Tubuca paradussumieri,1.0
Ancistroides gemmifer,Ancistroides nigrita,1.0
Ancistroides nigrita,Ancistroides gemmifer,1.0
Angiopteris evecta,Calathea crotalifera,1.0
Angiopteris evecta,Chalia pulchra,1.0
Angiopteris evecta,Pallavicinia lyellii,1.0
Angiopteris evecta,Serpula similis,1.0
Angiopteris evecta,Tetragnatha hasselti,1.0
Anomalodiscus squamosus,Caulerpa sertularioides,1.0
Anomalodiscus squamosus,Enhalus acoroides,1.0
Anomalodiscus squamosus,Lestes praemorsus,1.0
Anomalodiscus squamosus,Lychas scutilus,1.0
Anomalodiscus squamosus,Tragulus kanchil,1.0
Anthene emolus,Arhopala oenea,1.0
Anthene emolus,Lycaenopsis marginata,1.0
Anthene emolus,Nacaduba beroe,1.0
Aphis spiraecola,Citripestis sagittiferella,1.0
Aphis spiraecola,Debregeasia squamata,1.0
Aphis spiraecola,Euroxenus vayssieresi,1.0
Aphis spiraecola,Gymnosporia mekongensis,1.0
Aphis spiraecola,Nelumbo nucifera,1.0
Archaster typicus,Canis lupus,1.0
Archaster typicus,Hydatina physis,1.0
Archaster typicus,Platycerium grande,1.0
Archaster typicus,Siphonaria sipho,1.0
Archaster typicus,Tridacna crocea,1.0
Arhopala centaurus,Luthrodes pandava,1.0
Arhopala oenea,Anthene emolus,1.0
Arhopala oenea,Lycaenopsis marginata,1.0
Arhopala oenea,Nacaduba beroe,1.0
Artamus leucorhynchos,Attagenus fasciatus,1.0
Artamus leucorhynchos,Dentiovula dorsuosa,1.0
Artamus leucorhynchos,Eunice aphroditois,1.0
Artamus leucorhynchos,Nephrolepis biserrata,1.0
Artamus leucorhynchos,Turnera ulmifolia,1.0
Asota plaginota,Miltochrista irregularis,1.0
Asota plaginota,Psichotoe duvauceli,1.0
Asplenium nidus,Adinda malaccensis,1.0
Asplenium nidus,Chalia pulchra,1.0
Asplenium nidus,Cymbirhynchus macrorhynchos,1.0
Asplenium nidus,Sus scrofa,1.0
Asplenium nidus,Tephrodornis virgatus,1.0
Attagenus fasciatus,Artamus leucorhynchos,1.0
Attagenus fasciatus,Briareum violaceum,1.0
Attagenus fasciatus,Leptocoris vicinus,1.0
Attagenus fasciatus,Nephrolepis biserrata,1.0
Attagenus fasciatus,Ochna serrulata,1.0
Azima sarmentosa,Episyrphus balteatus,1.0
Azima sarmentosa,Harpactes oreskios,1.0
Azima sarmentosa,Neophocaena phocaenoides,1.0
Azima sarmentosa,Pseudoanthidium orientale,1.0
Azima sarmentosa,Tupaia belangeri,1.0
Balanophora fungosa,Gymnosporia mekongensis,1.0
Balanophora fungosa,Houttuynia cordata,1.0
Balanophora fungosa,Lasioderma serricorne,1.0
Balanophora fungosa,Tetrameles nudiflora,1.0
Balanophora fungosa,Tetranychus urticae,1.0
Baryrhynchus miles,Chloropsis hardwickii,1.0
Baryrhynchus miles,Elephas maximus,1.0
Baryrhynchus miles,Gerygone sulphurea,1.0
Baryrhynchus miles,Harpactes oreskios,1.0
Baryrhynchus miles,Heteropteryx dilatata,1.0
Basella alba,Dipteris conjugata,1.0
Basella alba,Lalage nigra,1.0
Begonia hatacoa,Cosmoscarta abdominalis,1.0
Begonia hatacoa,Dacrymyces spathularius,1.0
Begonia hatacoa,Nelumbo nucifera,1.0
Begonia hatacoa,Tetrameles nudiflora,1.0
Begonia hatacoa,Tetranychus urticae,1.0
Briareum violaceum,Attagenus fasciatus,1.0
Briareum violaceum,Gymnopilus dilepis,1.0
Briareum violaceum,Siphonaria sipho,1.0
Briareum violaceum,Tridacna crocea,1.0
Briareum violaceum,Zoanthus sansibaricus,1.0
Bulbophyllum dichromum,Gastrochilus calceolaris,1.0
Calathea crotalifera,Angiopteris evecta,1.0
Calathea crotalifera,Polycarpa aurata,1.0
Calathea crotalifera,Samla riwo,1.0
Calathea crotalifera,Sus scrofa,1.0
Calathea crotalifera,Tephrodornis virgatus,1.0
Caleta elna,Logania marmorata,1.0
Calonectris leucomelas,Gymnopilus dilepis,1.0
Calonectris leucomelas,Janolus savinkini,1.0
Calonectris leucomelas,Lindenbergia philippensis,1.0
Calonectris leucomelas,Pseudocirrhipathes mapia,1.0
Calonectris leucomelas,Tridacna crocea,1.0
Calophyllum inophyllum,Cherax quadricarinatus,1.0
Calophyllum inophyllum,Coprinellus disseminatus,1.0
Calophyllum inophyllum,Paguritta harmsi,1.0
Calophyllum inophyllum,Rhinagrion elopurae,1.0
Calophyllum inophyllum,Samla riwo,1.0
Campsomeris phalerata,Clausena excavata,1.0
Campsomeris phalerata,Lychas scutilus,1.0
Campsomeris phalerata,Phestilla sibogae,1.0
Campsomeris phalerata,Rostratula benghalensis,1.0
Campsomeris phalerata,Tegillarca granosa,1.0
Canis lupus,Archaster typicus,1.0
Canis lupus,Gymnopilus dilepis,1.0
Canis lupus,Leptocoris vicinus,1.0
Canis lupus,Physalia physalis,1.0
Canis lupus,Tradescantia zebrina,1.0
Canna indica,Lindenbergia philippensis,1.0
Canna indica,Nesogaster aculeatus,1.0
Canna indica,Pseudocirrhipathes mapia,1.0
Canna indica,Turnera ulmifolia,1.0
Canna indica,Vasum turbinellus,1.0
Capra hircus,Caridina lanceifrons,1.0
Capra hircus,Dacrymyces spathularius,1.0
Capra hircus,Ichthyophis kohtaoensis,1.0
Capra hircus,Iphigenia indica,1.0
Capra hircus,Planococcus citri,1.0
Caridina lanceifrons,Ctenolepisma calvum,1.0
Caridina lanceifrons,Dacrycarpus imbricatus,1.0
Caridina lanceifrons,Metopidius indicus,1.0
Caridina lanceifrons,Sepioteuthis lessoniana,1.0
Caridina lanceifrons,Tetranychus urticae,1.0
Carlito syrichta,Archaster typicus,1.0
Carlito syrichta,Dentiovula dorsuosa,1.0
Carlito syrichta,Gymnopilus dilepis,1.0
Carlito syrichta,Haliotis ovina,1.0
Carlito syrichta,Tripneustes gratilla,1.0
Caulerpa sertularioides,Anomalodiscus squamosus,1.0
Caulerpa sertularioides,Clausena excavata,1.0
Caulerpa sertularioides,Enhalus acoroides,1.0
Caulerpa sertularioides,Euplica scripta,1.0
Caulerpa sertularioides,Tragulus kanchil,1.0
Chalia pulchra,Asplenium nidus,1.0
Chalia pulchra,Cymbirhynchus macrorhynchos,1.0
Chalia pulchra,Samla riwo,1.0
Chalia pulchra,Tephrodornis virgatus,1.0
Chalia pulchra,Tetragnatha hasselti,1.0
Cherax quadricarinatus,Calophyllum inophyllum,1.0
Cherax quadricarinatus,Coprinellus disseminatus,1.0
Cherax quadricarinatus,Crepidotus boninensis,1.0
Cherax quadricarinatus,Dioscorea bulbifera,1.0
Cherax quadricarinatus,Samla riwo,1.0
Chersonesia peraka,Elymnias nesaea,1.0
Chersonesia peraka,Junonia iphita,1.0
Chersonesia peraka,Telinga janardana,1.0
Chersonesia peraka,Thauria aliris,1.0
Chersonesia peraka,Vagrans sinha,1.0
Chloeia incerta,Cosmoscarta abdominalis,1.0
Chloeia incerta,Grapsus albolineatus,1.0
Chloeia incerta,Gymnosporia mekongensis,1.0
Chloeia incerta,Lobaria pulmonaria,1.0
Chloeia incerta,Tetrameles nudiflora,1.0
Chloropsis hardwickii,Baryrhynchus miles,1.0
Chloropsis hardwickii,Coryphellina aurora,1.0
Chloropsis hardwickii,Heteropteryx dilatata,1.0
Chloropsis hardwickii,Holothuria leucospilota,1.0
Chloropsis hardwickii,Macrochenus guerinii,1.0
Cinnyris jugularis,Aethopyga gouldiae,1.0
Cirrochroa orissa,Euthalia merta,1.0
Cirrochroa orissa,Faunis kirata,1.0
Cirrochroa orissa,Junonia iphita,1.0
Cirrochroa orissa,Neptis harita,1.0
Cirrochroa orissa,Vagrans sinha,1.0
Citripestis sagittiferella,Aphis spiraecola,1.0
Citripestis sagittiferella,Ctenolepisma calvum,1.0
Citripestis sagittiferella,Debregeasia squamata,1.0
Citripestis sagittiferella,Nelumbo nucifera,1.0
Citripestis sagittiferella,Planococcus citri,1.0
Clausena excavata,Galeopterus variegatus,1.0
Clausena excavata,Glareola maldivarum,1.0
Clausena excavata,Ricanula pulverosa,1.0
Clausena excavata,Tegillarca granosa,1.0
Clausena excavata,Tragulus kanchil,1.0
Clavelina robusta,Eunice aphroditois,1.0
Clavelina robusta,Hapalochlaena lunulata,1.0
Clavelina robusta,Himerometra robustipinna,1.0
Clavelina robusta,Nesogaster aculeatus,1.0
Clavelina robusta,Ryssota otaheitana,1.0
Collocalia linchi,Actinostephanus haeckeli,1.0
Collocalia linchi,Hemiscyllium freycineti,1.0
Collocalia linchi,Mecardonia procumbens,1.0
Collocalia linchi,Panulirus versicolor,1.0
Collocalia linchi,Pontederia vaginalis,1.0
Colochirus quadrangularis,Aegithina tiphia,1.0
Colochirus quadrangularis,Etlingera elatior,1.0
Colochirus quadrangularis,Homoeoxipha lycoides,1.0
Colochirus quadrangularis,Nisitrus malaya,1.0
Colochirus quadrangularis,Pycanum alternatum,1.0
Conus striolatus,Janolus savinkini,1.0
Conus striolatus,Physalia physalis,1.0
Conus striolatus,Rhynchophorus vulneratus,1.0
Conus striolatus,Tridacna crocea,1.0
Conus striolatus,Zoanthus sansibaricus,1.0
Coprinellus disseminatus,Calophyllum inophyllum,1.0
Coprinellus disseminatus,Cherax quadricarinatus,1.0
Coprinellus disseminatus,Halgerda carlsoni,1.0
Coprinellus disseminatus,Schizophyllum commune,1.0
Coprinellus disseminatus,Serpula similis,1.0
Coryphellina aurora,Azima sarmentosa,1.0
Coryphellina aurora,Chloropsis hardwickii,1.0
Coryphellina aurora,Holothuria leucospilota,1.0
Coryphellina aurora,Neophocaena phocaenoides,1.0
Coryphellina aurora,Tupaia belangeri,1.0
Cosmoscarta abdominalis,Begonia hatacoa,1.0
Cosmoscarta abdominalis,Chloeia incerta,1.0
Cosmoscarta abdominalis,Nelumbo nucifera,1.0
Cosmoscarta abdominalis,Pinus kesiya,1.0
Cosmoscarta abdominalis,Tetranychus urticae,1.0
Crepidotus boninensis,Cherax quadricarinatus,1.0
Crepidotus boninensis,Dioscorea bulbifera,1.0
Crepidotus boninensis,Littoraria angulifera,1.0
Crepidotus boninensis,Loriculus galgulus,1.0
Crepidotus boninensis,Pongo pygmaeus,1.0
Ctenolepisma calvum,Caridina lanceifrons,1.0
Ctenolepisma calvum,Iphigenia indica,1.0
Ctenolepisma calvum,Metopidius indicus,1.0
Ctenolepisma calvum,Oudemansiella australis,1.0
Ctenolepisma calvum,Sepioteuthis lessoniana,1.0
Cymbirhynchus macrorhynchos,Asplenium nidus,1.0
Cymbirhynchus macrorhynchos,Chalia pulchra,1.0
Cymbirhynchus macrorhynchos,Loriculus galgulus,1.0
Cymbirhynchus macrorhynchos,Polycarpa aurata,1.0
Cymbirhynchus macrorhynchos,Tephrodornis virgatus,1.0
Cyrestis themire,Faunis kirata,1.0
Cyrestis themire,Junonia iphita,1.0
Cyrestis themire,Neptis harita,1.0
Cyrestis themire,Parantica aspasia,1.0
Cyrestis themire,Polyura moori,1.0
Dacrycarpus imbricatus,Caridina lanceifrons,1.0
Dacrycarpus imbricatus,Gymnosporia mekongensis,1.0
Dacrycarpus imbricatus,Houttuynia cordata,1.0
Dacrycarpus imbricatus,Planococcus citri,1.0
Dacrycarpus imbricatus,Rattus norvegicus,1.0
Dacrymyces spathularius,Capra hircus,1.0
Dacrymyces spathularius,Dicranopteris linearis,1.0
Dacrymyces spathularius,Ichthyophis kohtaoensis,1.0
Dacrymyces spathularius,Iphigenia indica,1.0
Dacrymyces spathularius,Oudemansiella australis,1.0
Dardanus sanguinolentus,Angiopteris evecta,1.0
Dardanus sanguinolentus,Cherax quadricarinatus,1.0
Dardanus sanguinolentus,Cymbirhynchus macrorhynchos,1.0
Dardanus sanguinolentus,Pallavicinia lyellii,1.0
Dardanus sanguinolentus,Polycarpa aurata,1.0
Debregeasia squamata,Aphis spiraecola,1.0
Debregeasia squamata,Citripestis sagittiferella,1.0
Debregeasia squamata,Dacrymyces spathularius,1.0
Debregeasia squamata,Ichthyophis kohtaoensis,1.0
Debregeasia squamata,Tetranychus urticae,1.0
Dentiovula dorsuosa,Briareum violaceum,1.0
Dentiovula dorsuosa,Carlito syrichta,1.0
Dentiovula dorsuosa,Eunice aphroditois,1.0
Dentiovula dorsuosa,Ryssota otaheitana,1.0
Dentiovula dorsuosa,Zoanthus sansibaricus,1.0
Dicranopteris linearis,Dacrycarpus imbricatus,1.0
Dicranopteris linearis,Dacrymyces spathularius,1.0
Dicranopteris linearis,Euroxenus vayssieresi,1.0
Dicranopteris linearis,Houttuynia cordata,1.0
Dicranopteris linearis,Rattus norvegicus,1.0
Dioscorea bulbifera,Angiopteris evecta,1.0
Dioscorea bulbifera,Cherax quadricarinatus,1.0
Dioscorea bulbifera,Crepidotus boninensis,1.0
Dioscorea bulbifera,Geosesarma faustum,1.0
Dioscorea bulbifera,Littoraria angulifera,1.0
Dipteris conjugata,Basella alba,1.0
Dipteris conjugata,Lalage nigra,1.0
Ehretia microphylla,Hapalochlaena lunulata,1.0
Ehretia microphylla,Nesogaster aculeatus,1.0
Ehretia microphylla,Pseudocirrhipathes mapia,1.0
Ehretia microphylla,Rhincodon typus,1.0
Ehretia microphylla,Rhynchophorus vulneratus,1.0
Elephas maximus,Baryrhynchus miles,1.0
Elephas maximus,Gerygone sulphurea,1.0
Elephas maximus,Heteropteryx dilatata,1.0
Elephas maximus,Neostylopyga rhombifolia,1.0
Elephas maximus,Platalea minor,1.0
Elymnias nesaea,Chersonesia peraka,1.0
Elymnias nesaea,Cyrestis themire,1.0
Elymnias nesaea,Euthalia alpheda,1.0
Elymnias nesaea,Parathyma selenophora,1.0
Elymnias nesaea,Polyura moori,1.0
Elymnias panthera,Lexias pardalis,1.0
Elymnias panthera,Neptis leucoporos,1.0
Elymnias panthera,Phalanta phalantha,1.0
Elymnias panthera,Tanaecia iapis,1.0
Elymnias panthera,Tanaecia pelea,1.0
Enhalus acoroides,Anomalodiscus squamosus,1.0
Enhalus acoroides,Campsomeris phalerata,1.0
Enhalus acoroides,Caulerpa sertularioides,1.0
Enhalus acoroides,Irena puella,1.0
Enhalus acoroides,Iris domestica,1.0
Eooxylides tharis,Tajuria dominus,1.0
Episyrphus balteatus,Azima sarmentosa,1.0
Episyrphus balteatus,Chloropsis hardwickii,1.0
Episyrphus balteatus,Harpactes oreskios,1.0
Episyrphus balteatus,Heteropteryx dilatata,1.0
Episyrphus balteatus,Malpighia emarginata,1.0
Epophthalmia vittata,Hemiscyllium freycineti,1.0
Epophthalmia vittata,Kaloula baleata,1.0
Epophthalmia vittata,Lophyra fuliginosa,1.0
Epophthalmia vittata,Salvinia minima,1.0
Epophthalmia vittata,Tachypompilus analis,1.0
Etlingera elatior,Aegithina tiphia,1.0
Etlingera elatior,Homoeoxipha lycoides,1.0
Etlingera elatior,Microhierax fringillarius,1.0
Etlingera elatior,Nisitrus malaya,1.0
Etlingera elatior,Pycanum alternatum,1.0
Eunice aphroditois,Clavelina robusta,1.0
Eunice aphroditois,Hapalochlaena lunulata,1.0
Eunice aphroditois,Siphonaria sipho,1.0
Eunice aphroditois,Tradescantia zebrina,1.0
Eunice aphroditois,Zoanthus sansibaricus,1.0
Euplica scripta,Caulerpa sertularioides,1.0
Euplica scripta,Metapocyrtus adspersus,1.0
Euplica scripta,Mycena chlorophos,1.0
Euplica scripta,Phestilla sibogae,1.0
Euplica scripta,Synalpheus stimpsonii,1.0
Euploea core,Parantica melaneus,1.0
Euploea core,Tanaecia lepidea,1.0
Euploea core,Vanessa indica,1.0
Euploea core,Vindula erota,1.0
Euroxenus vayssieresi,Acropora hyacinthus,1.0
Euroxenus vayssieresi,Dicranopteris linearis,1.0
Euroxenus vayssieresi,Gymnosporia mekongensis,1.0
Euroxenus vayssieresi,Ichthyophis kohtaoensis,1.0
Euroxenus vayssieresi,Rattus norvegicus,1.0
Euthalia alpheda,Elymnias nesaea,1.0
Euthalia alpheda,Euthalia merta,1.0
Euthalia alpheda,Parathyma selenophora,1.0
Euthalia alpheda,Polyura moori,1.0
Euthalia alpheda,Rhinopalpa polynice,1.0
Euthalia merta,Cirrochroa orissa,1.0
Euthalia merta,Euthalia alpheda,1.0
Euthalia merta,Melanocyma faunula,1.0
Euthalia merta,Neptis harita,1.0
Euthalia merta,Xanthotaenia busiris,1.0
Falco tinnunculus,Nihonhimea mundula,1.0
Falco tinnunculus,Nymphaea rubra,1.0
Falco tinnunculus,Pandion haliaetus,1.0
Falco tinnunculus,Spilostethus hospes,1.0
Faunis canens,Lexias pardalis,1.0
Faunis canens,Mycalesis perseoides,1.0
Faunis canens,Neptis leucoporos,1.0
Faunis canens,Tanaecia iapis,1.0
Faunis canens,Tanaecia pelea,1.0
Faunis gracilis,Melanocyma faunula,1.0
Faunis gracilis,Neptis harita,1.0
Faunis gracilis,Tanaecia julii,1.0
Faunis gracilis,Telinga janardana,1.0
Faunis gracilis,Xanthotaenia busiris,1.0
Faunis kirata,Cyrestis themire,1.0
Faunis kirata,Melanocyma faunula,1.0
Faunis kirata,Mycalesis marginata,1.0
Faunis kirata,Polyura moori,1.0
Faunis kirata,Rhinopalpa polynice,1.0
Galeopterus variegatus,Clausena excavata,1.0
Galeopterus variegatus,Glareola maldivarum,1.0
Galeopterus variegatus,Lyssa zampa,1.0
Galeopterus variegatus,Prorhinotermes flavus,1.0
Galeopterus variegatus,Tegillarca granosa,1.0
Gastrochilus calceolaris,Bulbophyllum dichromum,1.0
Geosesarma faustum,Coprinellus disseminatus,1.0
Geosesarma faustum,Dioscorea bulbifera,1.0
Geosesarma faustum,Ludwigia sedioides,1.0
Geosesarma faustum,Schizophyllum commune,1.0
Geosesarma faustum,Tephrodornis virgatus,1.0
Gerygone sulphurea,Elephas maximus,1.0
Gerygone sulphurea,Harpactes oreskios,1.0
Gerygone sulphurea,Heteropteryx dilatata,1.0
Gerygone sulphurea,Neostylopyga rhombifolia,1.0
Gerygone sulphurea,Tupaia belangeri,1.0
Glareola maldivarum,Clausena excavata,1.0
Glareola maldivarum,Galeopterus variegatus,1.0
Glareola maldivarum,Iris domestica,1.0
Glareola maldivarum,Mariaella dussumieri,1.0
Glareola maldivarum,Podolestes orientalis,1.0
Gnathocinara situla,Harpactes oreskios,1.0
Gnathocinara situla,Heteropteryx dilatata,1.0
Gnathocinara situla,Imma mylias,1.0
Gnathocinara situla,Rhinolophus luctus,1.0
Gnathocinara situla,Tupaia belangeri,1.0
Gnetum gnemon,Actinostephanus haeckeli,1.0
Gnetum gnemon,Hyblaea puera,1.0
Gnetum gnemon,Mecardonia procumbens,1.0
Gnetum gnemon,Odontodactylus scyllarus,1.0
Gnetum gnemon,Panulirus versicolor,1.0
Graphium antiphates,Trogonoptera brookiana,1.0
Grapsus albolineatus,Chloeia incerta,1.0
Grapsus albolineatus,Ichthyophis kohtaoensis,1.0
Grapsus albolineatus,Planococcus citri,1.0
Grapsus albolineatus,Sepioteuthis lessoniana,1.0
Grapsus albolineatus,Tetranychus urticae,1.0
Gymnopilus dilepis,Briareum violaceum,1.0
Gymnopilus dilepis,Canis lupus,1.0
Gymnopilus dilepis,Janolus savinkini,1.0
Gymnopilus dilepis,Leptocoris vicinus,1.0
Gymnopilus dilepis,Sula leucogaster,1.0
Gymnosporia mekongensis,Dacrycarpus imbricatus,1.0
Gymnosporia mekongensis,Euroxenus vayssieresi,1.0
Gymnosporia mekongensis,Ichthyophis kohtaoensis,1.0
Gymnosporia mekongensis,Orthocraspeda furva,1.0
Gymnosporia mekongensis,Tetrameles nudiflora,1.0
Halgerda carlsoni,Angiopteris evecta,1.0
Halgerda carlsoni,Coprinellus disseminatus,1.0
Halgerda carlsoni,Pongo pygmaeus,1.0
Halgerda carlsoni,Serpula similis,1.0
Halgerda carlsoni,Volegalea cochlidium,1.0
Haliotis ovina,Attagenus fasciatus,1.0
Haliotis ovina,Carlito syrichta,1.0
Haliotis ovina,Nesogaster aculeatus,1.0
Haliotis ovina,Physalia physalis,1.0
Haliotis ovina,Turnera ulmifolia,1.0
Hapalochlaena lunulata,Clavelina robusta,1.0
Hapalochlaena lunulata,Ehretia microphylla,1.0
Hapalochlaena lunulata,Himerometra robustipinna,1.0
Hapalochlaena lunulata,Nesogaster aculeatus,1.0
Hapalochlaena lunulata,Rhynchophorus vulneratus,1.0
Harpactes oreskios,Azima sarmentosa,1.0
Harpactes oreskios,Baryrhynchus miles,1.0
Harpactes oreskios,Gnathocinara situla,1.0
Harpactes oreskios,Macronus gularis,1.0
Harpactes oreskios,Tupaia belangeri,1.0
Heliconia rostrata,Muntingia calabura,1.0
Heliconia rostrata,Rivina humilis,1.0
Hemiscyllium freycineti,Collocalia linchi,1.0
Hemiscyllium freycineti,Lophyra fuliginosa,1.0
Hemiscyllium freycineti,Portulaca oleracea,1.0
Hemiscyllium freycineti,Selaginella kraussiana,1.0
Hemiscyllium freycineti,Tubuca paradussumieri,1.0
Heteropteryx dilatata,Baryrhynchus miles,1.0
Heteropteryx dilatata,Elephas maximus,1.0
Heteropteryx dilatata,Gerygone sulphurea,1.0
Heteropteryx dilatata,Gnathocinara situla,1.0
Heteropteryx dilatata,Platalea minor,1.0
Himerometra robustipinna,Clavelina robusta,1.0
Himerometra robustipinna,Eunice aphroditois,1.0
Himerometra robustipinna,Hapalochlaena lunulata,1.0
Himerometra robustipinna,Nesogaster aculeatus,1.0
Himerometra robustipinna,Turbo chrysostomus,1.0
Holothuria leucospilota,Baryrhynchus miles,1.0
Holothuria leucospilota,Chloropsis hardwickii,1.0
Holothuria leucospilota,Coryphellina aurora,1.0
Holothuria leucospilota,Heteropteryx dilatata,1.0
Holothuria leucospilota,Macrochenus guerinii,1.0
Homoeoxipha lycoides,Aegithina tiphia,1.0
Homoeoxipha lycoides,Colochirus quadrangularis,1.0
Homoeoxipha lycoides,Etlingera elatior,1.0
Homoeoxipha lycoides,Nisitrus malaya,1.0
Homoeoxipha lycoides,Pycanum alternatum,1.0
Horornis flavolivaceus,Ampulex compressa,1.0
Horornis flavolivaceus,Pericrocotus cinnamomeus,1.0
Horornis flavolivaceus,Portulaca oleracea,1.0
Horornis flavolivaceus,Scelimena producta,1.0
Horornis flavolivaceus,Varuna litterata,1.0
Houttuynia cordata,Balanophora fungosa,1.0
Houttuynia cordata,Oudemansiella australis,1.0
Houttuynia cordata,Pinus kesiya,1.0
Houttuynia cordata,Rattus norvegicus,1.0
Houttuynia cordata,Tetrameles nudiflora,1.0
Hyblaea puera,Hystrix javanica,1.0
Hyblaea puera,Mecardonia procumbens,1.0
Hyblaea puera,Odontodactylus scyllarus,1.0
Hyblaea puera,Panulirus versicolor,1.0
Hyblaea puera,Sagra femorata,1.0
Hydatina physis,Archaster typicus,1.0
Hydatina physis,Canis lupus,1.0
Hydatina physis,Physalia physalis,1.0
Hydatina physis,Siphonaria sipho,1.0
Hydatina physis,Tridacna crocea,1.0
Hypsipetes philippinus,Pycnonotus brunneus,1.0
Hystrix javanica,Hemiscyllium freycineti,1.0
Hystrix javanica,Hyblaea puera,1.0
Hystrix javanica,Kaloula baleata,1.0
Hystrix javanica,Sagra femorata,1.0
Hystrix javanica,Suncus murinus,1.0
Ichthyophis kohtaoensis,Caridina lanceifrons,1.0
Ichthyophis kohtaoensis,Euroxenus vayssieresi,1.0
Ichthyophis kohtaoensis,Grapsus albolineatus,1.0
Ichthyophis kohtaoensis,Macrotermes carbonarius,1.0
Ichthyophis kohtaoensis,Metopidius indicus,1.0
Iconaster longimanus,Enhalus acoroides,1.0
Iconaster longimanus,Galeopterus variegatus,1.0
Iconaster longimanus,Glareola maldivarum,1.0
Iconaster longimanus,Lychas scutilus,1.0
Iconaster longimanus,Lyssa zampa,1.0
Imma mylias,Gnathocinara situla,1.0
Imma mylias,Platalea minor,1.0
Imma mylias,Pseudoanthidium orientale,1.0
Imma mylias,Rhinolophus luctus,1.0
Imma mylias,Tupaia belangeri,1.0
Iphigenia indica,Capra hircus,1.0
Iphigenia indica,Caridina lanceifrons,1.0
Iphigenia indica,Ctenolepisma calvum,1.0
Iphigenia indica,Sepioteuthis lessoniana,1.0
Iphigenia indica,Tetranychus urticae,1.0
Irena puella,Enhalus acoroides,1.0
Irena puella,Lestes praemorsus,1.0
Irena puella,Lychas scutilus,1.0
Irena puella,Metapocyrtus adspersus,1.0
Irena puella,Prorhinotermes flavus,1.0
Iris domestica,Glareola maldivarum,1.0
Iris domestica,Lyssa zampa,1.0
Iris domestica,Mariaella dussumieri,1.0
Iris domestica,Podolestes orientalis,1.0
Iris domestica,Tegillarca granosa,1.0
Janolus savinkini,Attagenus fasciatus,1.0
Janolus savinkini,Calonectris leucomelas,1.0
Janolus savinkini,Pseudocirrhipathes mapia,1.0
Janolus savinkini,Rhynchophorus vulneratus,1.0
Janolus savinkini,Siphonaria sipho,1.0
Junonia iphita,Chersonesia peraka,1.0
Junonia iphita,Cyrestis themire,1.0
Junonia iphita,Euthalia alpheda,1.0
Junonia iphita,Euthalia merta,1.0
Junonia iphita,Thauria aliris,1.0
Kaloula baleata,Ampulex compressa,1.0
Kaloula baleata,Hystrix javanica,1.0
Kaloula baleata,Portulaca oleracea,1.0
Kaloula baleata,Scelimena producta,1.0
Kaloula baleata,Varuna litterata,1.0
Lalage nigra,Basella alba,1.0
Lalage nigra,Dipteris conjugata,1.0
Lasioderma serricorne,Balanophora fungosa,1.0
Lasioderma serricorne,Oudemansiella australis,1.0
Lasioderma serricorne,Pinus kesiya,1.0
Lasioderma serricorne,Rattus norvegicus,1.0
Lasioderma serricorne,Tetranychus urticae,1.0
Lasippa tiga,Polyura hebe,1.0
Lasippa tiga,Terinos terpander,1.0
Leptocoris vicinus,Attagenus fasciatus,1.0
Leptocoris vicinus,Canis lupus,1.0
Leptocoris vicinus,Gymnopilus dilepis,1.0
Leptocoris vicinus,Nephrolepis biserrata,1.0
Leptocoris vicinus,Ochna serrulata,1.0
Lestes praemorsus,Anomalodiscus squamosus,1.0
Lestes praemorsus,Irena puella,1.0
Lestes praemorsus,Metapocyrtus adspersus,1.0
Lestes praemorsus,Phestilla sibogae,1.0
Lestes praemorsus,Synalpheus stimpsonii,1.0
Lexias pardalis,Elymnias panthera,1.0
Lexias pardalis,Neptis leucoporos,1.0
Lexias pardalis,Phalanta phalantha,1.0
Lexias pardalis,Tanaecia iapis,1.0
Lexias pardalis,Tanaecia pelea,1.0
Lindenbergia philippensis,Calonectris leucomelas,1.0
Lindenbergia philippensis,Gymnopilus dilepis,1.0
Lindenbergia philippensis,Janolus savinkini,1.0
Lindenbergia philippensis,Ochna serrulata,1.0
Lindenbergia philippensis,Pseudocirrhipathes mapia,1.0
Littoraria angulifera,Angiopteris evecta,1.0
Littoraria angulifera,Crepidotus boninensis,1.0
Littoraria angulifera,Dioscorea bulbifera,1.0
Littoraria angulifera,Paguritta harmsi,1.0
Littoraria angulifera,Serpula similis,1.0
Lobaria pulmonaria,Chloeia incerta,1.0
Lobaria pulmonaria,Gymnosporia mekongensis,1.0
Lobaria pulmonaria,Nelumbo nucifera,1.0
Lobaria pulmonaria,Tetrameles nudiflora,1.0
Lobaria pulmonaria,Tubastraea coccinea,1.0
Logania marmorata,Caleta elna,1.0
Lophyra fuliginosa,Epophthalmia vittata,1.0
Lophyra fuliginosa,Hemiscyllium freycineti,1.0
Lophyra fuliginosa,Portulaca oleracea,1.0
Lophyra fuliginosa,Suncus murinus,1.0
Lophyra fuliginosa,Tubuca paradussumieri,1.0
Loriculus galgulus,Crepidotus boninensis,1.0
Loriculus galgulus,Cymbirhynchus macrorhynchos,1.0
Loriculus galgulus,Serpula similis,1.0
Loriculus galgulus,Sus scrofa,1.0
Loriculus galgulus,Tephrodornis virgatus,1.0
Ludwigia sedioides,Coprinellus disseminatus,1.0
Ludwigia sedioides,Geosesarma faustum,1.0
Ludwigia sedioides,Paguritta harmsi,1.0
Ludwigia sedioides,Schizophyllum commune,1.0
Ludwigia sedioides,Volegalea cochlidium,1.0
Luthrodes pandava,Arhopala centaurus,1.0
Lycaenopsis marginata,Anthene emolus,1.0
Lycaenopsis marginata,Arhopala oenea,1.0
Lycaenopsis marginata,Nacaduba beroe,1.0
Lychas scutilus,Anomalodiscus squamosus,1.0
Lychas scutilus,Caulerpa sertularioides,1.0
Lychas scutilus,Irena puella,1.0
Lychas scutilus,Prorhinotermes flavus,1.0
Lychas scutilus,Tragulus kanchil,1.0
Lygodium microphyllum,Euplica scripta,1.0
Lygodium microphyllum,Mariaella dussumieri,1.0
Lygodium microphyllum,Mycena chlorophos,1.0
Lygodium microphyllum,Prorhinotermes flavus,1.0
Lygodium microphyllum,Ricanula pulverosa,1.0
Lyssa zampa,Galeopterus variegatus,1.0
Lyssa zampa,Glareola maldivarum,1.0
Lyssa zampa,Iconaster longimanus,1.0
Lyssa zampa,Iris domestica,1.0
Lyssa zampa,Tragulus kanchil,1.0
Macrochenus guerinii,Baryrhynchus miles,1.0
Macrochenus guerinii,Chloropsis hardwickii,1.0
Macrochenus guerinii,Macronus gularis,1.0
Macrochenus guerinii,Platalea minor,1.0
Macrochenus guerinii,Tupaia belangeri,1.0
Macronus gularis,Azima sarmentosa,1.0
Macronus gularis,Harpactes oreskios,1.0
Macronus gularis,Macrochenus guerinii,1.0
Macronus gularis,Platalea minor,1.0
Macronus gularis,Tupaia belangeri,1.0
Macrotermes carbonarius,Acropora hyacinthus,1.0
Macrotermes carbonarius,Gymnosporia mekongensis,1.0
Macrotermes carbonarius,Ichthyophis kohtaoensis,1.0
Macrotermes carbonarius,Oudemansiella australis,1.0
Macrotermes carbonarius,Planococcus citri,1.0
Malpighia emarginata,Azima sarmentosa,1.0
Malpighia emarginata,Episyrphus balteatus,1.0
Malpighia emarginata,Gnathocinara situla,1.0
Malpighia emarginata,Harpactes oreskios,1.0
Malpighia emarginata,Heteropteryx dilatata,1.0
Mariaella dussumieri,Glareola maldivarum,1.0
Mariaella dussumieri,Lygodium microphyllum,1.0
Mariaella dussumieri,Mycena chlorophos,1.0
Mariaella dussumieri,Podolestes orientalis,1.0
Mariaella dussumieri,Prorhinotermes flavus,1.0
Mecardonia procumbens,Actinostephanus haeckeli,1.0
Mecardonia procumbens,Collocalia linchi,1.0
Mecardonia procumbens,Gnetum gnemon,1.0
Mecardonia procumbens,Odontodactylus scyllarus,1.0
Mecardonia procumbens,Panulirus versicolor,1.0
Melanitis phedima,Neptis vikasi,1.0
Melanitis phedima,Parantica aglea,1.0
Melanocyma faunula,Euthalia merta,1.0
Melanocyma faunula,Faunis kirata,1.0
Melanocyma faunula,Neptis harita,1.0
Melanocyma faunula,Polyura moori,1.0
Melanocyma faunula,Symbrenthia hypatia,1.0
Melithaea ochracea,Balanophora fungosa,1.0
Melithaea ochracea,Capra hircus,1.0
Melithaea ochracea,Cosmoscarta abdominalis,1.0
Melithaea ochracea,Nelumbo nucifera,1.0
Melithaea ochracea,Rattus norvegicus,1.0
Metapocyrtus adspersus,Acrocephalus orientalis,1.0
Metapocyrtus adspersus,Mycena chlorophos,1.0
Metapocyrtus adspersus,Podolestes orientalis,1.0
Metapocyrtus adspersus,Prorhinotermes flavus,1.0
Metapocyrtus adspersus,Synalpheus stimpsonii,1.0
Metopidius indicus,Caridina lanceifrons,1.0
Metopidius indicus,Ctenolepisma calvum,1.0
Metopidius indicus,Houttuynia cordata,1.0
Metopidius indicus,Ichthyophis kohtaoensis,1.0
Metopidius indicus,Tubastraea coccinea,1.0
Microhierax fringillarius,Colochirus quadrangularis,1.0
Microhierax fringillarius,Etlingera elatior,1.0
Microhierax fringillarius,Homoeoxipha lycoides,1.0
Microhierax fringillarius,Nisitrus malaya,1.0
Microhierax fringillarius,Pycanum alternatum,1.0
Miltochrista irregularis,Asota plaginota,1.0
Miltochrista irregularis,Psichotoe duvauceli,1.0
Moringa oleifera,Ludwigia sedioides,1.0
Moringa oleifera,Polycarpa aurata,1.0
Moringa oleifera,Serpula similis,1.0
Moringa oleifera,Sus scrofa,1.0
Moringa oleifera,Volegalea cochlidium,1.0
Muntingia calabura,Heliconia rostrata,1.0
Muntingia calabura,Rivina humilis,1.0
Murex ternispina,Calonectris leucomelas,1.0
Murex ternispina,Nesogaster aculeatus,1.0
Murex ternispina,Platycerium grande,1.0
Murex ternispina,Plumbago auriculata,1.0
Murex ternispina,Turbo chrysostomus,1.0
Mycalesis marginata,Cyrestis themire,1.0
Mycalesis marginata,Euthalia alpheda,1.0
Mycalesis marginata,Faunis kirata,1.0
Mycalesis marginata,Polyura moori,1.0
Mycalesis marginata,Rhinopalpa polynice,1.0
Mycalesis perseoides,Faunis canens,1.0
Mycalesis perseoides,Neptis leucoporos,1.0
Mycalesis perseoides,Phalanta phalantha,1.0
Mycalesis perseoides,Tanaecia iapis,1.0
Mycalesis perseoides,Tanaecia pelea,1.0
Mycena chlorophos,Euplica scripta,1.0
Mycena chlorophos,Metapocyrtus adspersus,1.0
Mycena chlorophos,Phestilla sibogae,1.0
Mycena chlorophos,Prorhinotermes flavus,1.0
Mycena chlorophos,Synalpheus stimpsonii,1.0
Mystrium camillae,Odontomachus simillimus,1.0
Mystrium camillae,Polyrhachis thrinax,1.0
Nacaduba beroe,Anthene emolus,1.0
Nacaduba beroe,Arhopala oenea,1.0
Nacaduba beroe,Lycaenopsis marginata,1.0
Nelumbo nucifera,Aphis spiraecola,1.0
Nelumbo nucifera,Citripestis sagittiferella,1.0
Nelumbo nucifera,Cosmoscarta abdominalis,1.0
Nelumbo nucifera,Dacrycarpus imbricatus,1.0
Nelumbo nucifera,Lobaria pulmonaria,1.0
Neophocaena phocaenoides,Azima sarmentosa,1.0
Neophocaena phocaenoides,Coryphellina aurora,1.0
Neophocaena phocaenoides,Rhinolophus luctus,1.0
Neophocaena phocaenoides,Telostylinus lineolatus,1.0
Neophocaena phocaenoides,Tupaia belangeri,1.0
Neorina lowii,Cyrestis themire,1.0
Neorina lowii,Faunis gracilis,1.0
Neorina lowii,Faunis kirata,1.0
Neorina lowii,Telinga janardana,1.0
Neorina lowii,Thauria aliris,1.0
Neostylopyga rhombifolia,Elephas maximus,1.0
Neostylopyga rhombifolia,Gerygone sulphurea,1.0
Neostylopyga rhombifolia,Gnathocinara situla,1.0
Neostylopyga rhombifolia,Imma mylias,1.0
Neostylopyga rhombifolia,Rhinolophus luctus,1.0
Nephrolepis biserrata,Attagenus fasciatus,1.0
Nephrolepis biserrata,Leptocoris vicinus,1.0
Nephrolepis biserrata,Ryssota otaheitana,1.0
Nephrolepis biserrata,Tripneustes gratilla,1.0
Nephrolepis biserrata,Turbo chrysostomus,1.0
Neptis harita,Cyrestis themire,1.0
Neptis harita,Euthalia merta,1.0
Neptis harita,Faunis kirata,1.0
Neptis harita,Telinga janardana,1.0
Neptis harita,Xanthotaenia busiris,1.0
Neptis leucoporos,Lexias pardalis,1.0
Neptis leucoporos,Mycalesis perseoides,1.0
Neptis leucoporos,Phalanta phalantha,1.0
Neptis leucoporos,Tanaecia iapis,1.0
Neptis leucoporos,Tanaecia pelea,1.0
Neptis vikasi,Melanitis phedima,1.0
Neptis vikasi,Parantica aglea,1.0
Nesogaster aculeatus,Canna indica,1.0
Nesogaster aculeatus,Hapalochlaena lunulata,1.0
Nesogaster aculeatus,Platycerium grande,1.0
Nesogaster aculeatus,Rhynchophorus vulneratus,1.0
Nesogaster aculeatus,Tradescantia zebrina,1.0
Nihonhimea mundula,Falco tinnunculus,1.0
Nihonhimea mundula,Nymphaea rubra,1.0
Nihonhimea mundula,Pandion haliaetus,1.0
Nihonhimea mundula,Spilostethus hospes,1.0
Nisitrus malaya,Colochirus quadrangularis,1.0
Nisitrus malaya,Etlingera elatior,1.0
Nisitrus malaya,Homoeoxipha lycoides,1.0
Nisitrus malaya,Microhierax fringillarius,1.0
Nisitrus malaya,Pycanum alternatum,1.0
Numenius arquata,Tringa erythropus,1.0
Nymphaea rubra,Falco tinnunculus,1.0
Nymphaea rubra,Nihonhimea mundula,1.0
Nymphaea rubra,Pandion haliaetus,1.0
Nymphaea rubra,Spilostethus hospes,1.0
Ochna serrulata,Attagenus fasciatus,1.0
Ochna serrulata,Janolus savinkini,1.0
Ochna serrulata,Leptocoris vicinus,1.0
Ochna serrulata,Lindenbergia philippensis,1.0
Ochna serrulata,Turbo chrysostomus,1.0
Odontodactylus scyllarus,Actinostephanus haeckeli,1.0
Odontodactylus scyllarus,Gnetum gnemon,1.0
Odontodactylus scyllarus,Mecardonia procumbens,1.0
Odontodactylus scyllarus,Panulirus versicolor,1.0
Odontodactylus scyllarus,Salvinia minima,1.0
Odontomachus simillimus,Mystrium camillae,1.0
Odontomachus simillimus,Polyrhachis thrinax,1.0
Orthocraspeda furva,Ctenolepisma calvum,1.0
Orthocraspeda furva,Dacrycarpus imbricatus,1.0
Orthocraspeda furva,Gymnosporia mekongensis,1.0
Orthocraspeda furva,Oudemansiella australis,1.0
Orthocraspeda furva,Tetrameles nudiflora,1.0
Oudemansiella australis,Acropora hyacinthus,1.0
Oudemansiella australis,Dacrymyces spathularius,1.0
Oudemansiella australis,Houttuynia cordata,1.0
Oudemansiella australis,Pinus kesiya,1.0
Oudemansiella australis,Planococcus citri,1.0
Paguritta harmsi,Calophyllum inophyllum,1.0
Paguritta harmsi,Littoraria angulifera,1.0
Paguritta harmsi,Ludwigia sedioides,1.0
Paguritta harmsi,Rhinagrion elopurae,1.0
Paguritta harmsi,Serpula similis,1.0
Pallavicinia lyellii,Angiopteris evecta,1.0
Pallavicinia lyellii,Calathea crotalifera,1.0
Pallavicinia lyellii,Dardanus sanguinolentus,1.0
Pallavicinia lyellii,Serpula similis,1.0
Pallavicinia lyellii,Tephrodornis virgatus,1.0
Pandion haliaetus,Falco tinnunculus,1.0
Pandion haliaetus,Nihonhimea mundula,1.0
Pandion haliaetus,Nymphaea rubra,1.0
Pandion haliaetus,Spilostethus hospes,1.0
Panulirus versicolor,Actinostephanus haeckeli,1.0
Panulirus versicolor,Gnetum gnemon,1.0
Panulirus versicolor,Hyblaea puera,1.0
Panulirus versicolor,Mecardonia procumbens,1.0
Panulirus versicolor,Odontodactylus scyllarus,1.0
Parantica aglea,Melanitis phedima,1.0
Parantica aglea,Neptis vikasi,1.0
Parantica aspasia,Cyrestis themire,1.0
Parantica aspasia,Euthalia alpheda,1.0
Parantica aspasia,Euthalia merta,1.0
Parantica aspasia,Junonia iphita,1.0
Parantica aspasia,Tanaecia julii,1.0
Parantica melaneus,Euploea core,1.0
Parantica melaneus,Tanaecia lepidea,1.0
Parantica melaneus,Vanessa indica,1.0
Parantica melaneus,Vindula erota,1.0
Parathyma selenophora,Cyrestis themire,1.0
Parathyma selenophora,Elymnias nesaea,1.0
Parathyma selenophora,Euthalia alpheda,1.0
Parathyma selenophora,Rhinopalpa polynice,1.0
Parathyma selenophora,Tanaecia julii,1.0
Parmarion martensi,Scaevola taccada,1.0
Passer montanus,Actitis hypoleucos,1.0
Passer montanus,Periplaneta americana,1.0
Pericrocotus cinnamomeus,Horornis flavolivaceus,1.0
Pericrocotus cinnamomeus,Sagra femorata,1.0
Pericrocotus cinnamomeus,Suncus murinus,1.0
Pericrocotus cinnamomeus,Tirachoidea biceps,1.0
Pericrocotus cinnamomeus,Varuna litterata,1.0
Peridrome subfascia,Ugia serrilinea,1.0
Periplaneta americana,Actitis hypoleucos,1.0
Periplaneta americana,Passer montanus,1.0
Perna viridis,Pteridium aquilinum,1.0
Phalanta phalantha,Lexias pardalis,1.0
Phalanta phalantha,Mycalesis perseoides,1.0
Phalanta phalantha,Neptis leucoporos,1.0
Phalanta phalantha,Tanaecia iapis,1.0
Phalanta phalantha,Tanaecia pelea,1.0
Phereoeca uterella,Acropora hyacinthus,1.0
Phereoeca uterella,Balanophora fungosa,1.0
Phereoeca uterella,Oudemansiella australis,1.0
Phereoeca uterella,Pinus kesiya,1.0
Phereoeca uterella,Tetrameles nudiflora,1.0
Phestilla sibogae,Campsomeris phalerata,1.0
Phestilla sibogae,Lestes praemorsus,1.0
Phestilla sibogae,Metapocyrtus adspersus,1.0
Phestilla sibogae,Mycena chlorophos,1.0
Phestilla sibogae,Synalpheus stimpsonii,1.0
Physalia physalis,Archaster typicus,1.0
Physalia physalis,Canis lupus,1.0
Physalia physalis,Leptocoris vicinus,1.0
Physalia physalis,Rhynchophorus vulneratus,1.0
Physalia physalis,Tradescantia zebrina,1.0
Pinus kesiya,Acropora hyacinthus,1.0
Pinus kesiya,Cosmoscarta abdominalis,1.0
Pinus kesiya,Houttuynia cordata,1.0
Pinus kesiya,Lasioderma serricorne,1.0
Pinus kesiya,Phereoeca uterella,1.0
Planococcus citri,Caridina lanceifrons,1.0
Planococcus citri,Dacrycarpus imbricatus,1.0
Planococcus citri,Grapsus albolineatus,1.0
Planococcus citri,Macrotermes carbonarius,1.0
Planococcus citri,Oudemansiella australis,1.0
Platalea minor,Gerygone sulphurea,1.0
Platalea minor,Heteropteryx dilatata,1.0
Platalea minor,Macrochenus guerinii,1.0
Platalea minor,Macronus gularis,1.0
Platalea minor,Tupaia belangeri,1.0
Platycerium grande,Archaster typicus,1.0
Platycerium grande,Leptocoris vicinus,1.0
Platycerium grande,Nesogaster aculeatus,1.0
Platycerium grande,Plumbago auriculata,1.0
Platycerium grande,Rhynchophorus vulneratus,1.0
Plumbago auriculata,Ehretia microphylla,1.0
Plumbago auriculata,Leptocoris vicinus,1.0
Plumbago auriculata,Murex ternispina,1.0
Plumbago auriculata,Platycerium grande,1.0
Plumbago auriculata,Turbo chrysostomus,1.0
Podolestes orientalis,Acrocephalus orientalis,1.0
Podolestes orientalis,Glareola maldivarum,1.0
Podolestes orientalis,Iris domestica,1.0
Podolestes orientalis,Mariaella dussumieri,1.0
Podolestes orientalis,Metapocyrtus adspersus,1.0
Polycarpa aurata,Calathea crotalifera,1.0
Polycarpa aurata,Dardanus sanguinolentus,1.0
Polycarpa aurata,Rhinagrion elopurae,1.0
Polycarpa aurata,Samla riwo,1.0
Polycarpa aurata,Tephrodornis virgatus,1.0
Polyrhachis thrinax,Mystrium camillae,1.0
Polyrhachis thrinax,Odontomachus simillimus,1.0
Polyura hebe,Lasippa tiga,1.0
Polyura hebe,Terinos terpander,1.0
Polyura moori,Cyrestis themire,1.0
Polyura moori,Elymnias nesaea,1.0
Polyura moori,Faunis kirata,1.0
Polyura moori,Melanocyma faunula,1.0
Polyura moori,Neptis harita,1.0
Pongo pygmaeus,Angiopteris evecta,1.0
Pongo pygmaeus,Crepidotus boninensis,1.0
Pongo pygmaeus,Halgerda carlsoni,1.0
Pongo pygmaeus,Loriculus galgulus,1.0
Pongo pygmaeus,Rhinagrion elopurae,1.0
Pontederia vaginalis,Collocalia linchi,1.0
Pontederia vaginalis,Kaloula baleata,1.0
Pontederia vaginalis,Odontodactylus scyllarus,1.0
Pontederia vaginalis,Selaginella kraussiana,1.0
Pontederia vaginalis,Tubuca paradussumieri,1.0
Portulaca oleracea,Gnetum gnemon,1.0
Portulaca oleracea,Hemiscyllium freycineti,1.0
Portulaca oleracea,Kaloula baleata,1.0
Portulaca oleracea,Scelimena producta,1.0
Portulaca oleracea,Tachypompilus analis,1.0
Prorhinotermes flavus,Acrocephalus orientalis,1.0
Prorhinotermes flavus,Galeopterus variegatus,1.0
Prorhinotermes flavus,Mariaella dussumieri,1.0
Prorhinotermes flavus,Metapocyrtus adspersus,1.0
Prorhinotermes flavus,Mycena chlorophos,1.0
Pseudoanthidium orientale,Azima sarmentosa,1.0
Pseudoanthidium orientale,Gnathocinara situla,1.0
Pseudoanthidium orientale,Imma mylias,1.0
Pseudoanthidium orientale,Macronus gularis,1.0
Pseudoanthidium orientale,Rhinolophus luctus,1.0
Pseudocirrhipathes mapia,Calonectris leucomelas,1.0
Pseudocirrhipathes mapia,Ehretia microphylla,1.0
Pseudocirrhipathes mapia,Janolus savinkini,1.0
Pseudocirrhipathes mapia,Lindenbergia philippensis,1.0
Pseudocirrhipathes mapia,Tridacna crocea,1.0
Pseudoxya diminuta,Trigoniulus corallinus,1.0
Psichotoe duvauceli,Asota plaginota,1.0
Psichotoe duvauceli,Miltochrista irregularis,1.0
Pteridium aquilinum,Perna viridis,1.0
Pycanum alternatum,Aegithina tiphia,1.0
Pycanum alternatum,Colochirus quadrangularis,1.0
Pycanum alternatum,Etlingera elatior,1.0
Pycanum alternatum,Homoeoxipha lycoides,1.0
Pycanum alternatum,Nisitrus malaya,1.0
Pycnonotus brunneus,Hypsipetes philippinus,1.0
Rattus norvegicus,Acropora hyacinthus,1.0
Rattus norvegicus,Dacrycarpus imbricatus,1.0
Rattus norvegicus,Dicranopteris linearis,1.0
Rattus norvegicus,Houttuynia cordata,1.0
Rattus norvegicus,Lasioderma serricorne,1.0
Rhinagrion elopurae,Calophyllum inophyllum,1.0
Rhinagrion elopurae,Crepidotus boninensis,1.0
Rhinagrion elopurae,Paguritta harmsi,1.0
Rhinagrion elopurae,Polycarpa aurata,1.0
Rhinagrion elopurae,Volegalea cochlidium,1.0
Rhincodon typus,Archaster typicus,1.0
Rhincodon typus,Ehretia microphylla,1.0
Rhincodon typus,Platycerium grande,1.0
Rhincodon typus,Siphonaria sipho,1.0
Rhincodon typus,Turnera ulmifolia,1.0
Rhinolophus luctus,Gnathocinara situla,1.0
Rhinolophus luctus,Imma mylias,1.0
Rhinolophus luctus,Neophocaena phocaenoides,1.0
Rhinolophus luctus,Pseudoanthidium orientale,1.0
Rhinolophus luctus,Tupaia belangeri,1.0
Rhinopalpa polynice,Cyrestis themire,1.0
Rhinopalpa polynice,Euthalia alpheda,1.0
Rhinopalpa polynice,Faunis kirata,1.0
Rhinopalpa polynice,Mycalesis marginata,1.0
Rhinopalpa polynice,Polyura moori,1.0
Rhinortha chlorophaea,Zanclostomus curvirostris,1.0
Rhodothemis rufa,Agrionoptera insignis,1.0
Rhodothemis rufa,Tyriobapta torrida,1.0
Rhodothemis rufa,Urothemis signata,1.0
Rhynchophorus vulneratus,Hapalochlaena lunulata,1.0
Rhynchophorus vulneratus,Janolus savinkini,1.0
Rhynchophorus vulneratus,Nesogaster aculeatus,1.0
Rhynchophorus vulneratus,Physalia physalis,1.0
Rhynchophorus vulneratus,Platycerium grande,1.0
Ricanula pulverosa,Clausena excavata,1.0
Ricanula pulverosa,Lygodium microphyllum,1.0
Ricanula pulverosa,Mycena chlorophos,1.0
Ricanula pulverosa,Synalpheus stimpsonii,1.0
Ricanula pulverosa,Tragulus kanchil,1.0
Rivina humilis,Heliconia rostrata,1.0
Rivina humilis,Muntingia calabura,1.0
Rostratula benghalensis,Acrocephalus orientalis,1.0
Rostratula benghalensis,Campsomeris phalerata,1.0
Rostratula benghalensis,Galeopterus variegatus,1.0
Rostratula benghalensis,Mycena chlorophos,1.0
Rostratula benghalensis,Prorhinotermes flavus,1.0
Ryssota otaheitana,Clavelina robusta,1.0
Ryssota otaheitana,Dentiovula dorsuosa,1.0
Ryssota otaheitana,Hapalochlaena lunulata,1.0
Ryssota otaheitana,Nephrolepis biserrata,1.0
Ryssota otaheitana,Zoanthus sansibaricus,1.0
Sagra femorata,Hyblaea puera,1.0
Sagra femorata,Hystrix javanica,1.0
Sagra femorata,Kaloula baleata,1.0
Sagra femorata,Suncus murinus,1.0
Sagra femorata,Varuna litterata,1.0
Salvinia minima,Epophthalmia vittata,1.0
Salvinia minima,Odontodactylus scyllarus,1.0
Salvinia minima,Panulirus versicolor,1.0
Salvinia minima,Subulina octona,1.0
Salvinia minima,Thor amboinensis,1.0
Samla riwo,Calathea crotalifera,1.0
Samla riwo,Calophyllum inophyllum,1.0
Samla riwo,Chalia pulchra,1.0
Samla riwo,Cherax quadricarinatus,1.0
Samla riwo,Coprinellus disseminatus,1.0
Scaevola taccada,Parmarion martensi,1.0
Scelimena producta,Kaloula baleata,1.0
Scelimena producta,Portulaca oleracea,1.0
Scelimena producta,Selaginella kraussiana,1.0
Scelimena producta,Subulina octona,1.0
Scelimena producta,Tachypompilus analis,1.0
Schizophyllum commune,Coprinellus disseminatus,1.0
Schizophyllum commune,Geosesarma faustum,1.0
Schizophyllum commune,Ludwigia sedioides,1.0
Schizophyllum commune,Paguritta harmsi,1.0
Schizophyllum commune,Serpula similis,1.0
Selaginella kraussiana,Hemiscyllium freycineti,1.0
Selaginella kraussiana,Tachypompilus analis,1.0
Selaginella kraussiana,Thelenota anax,1.0
Selaginella kraussiana,Thor amboinensis,1.0
Selaginella kraussiana,Tirachoidea biceps,1.0
Sepioteuthis lessoniana,Ctenolepisma calvum,1.0
Sepioteuthis lessoniana,Iphigenia indica,1.0
Sepioteuthis lessoniana,Metopidius indicus,1.0
Sepioteuthis lessoniana,Tetranychus urticae,1.0
Sepioteuthis lessoniana,Tubastraea coccinea,1.0
Serpula similis,Angiopteris evecta,1.0
Serpula similis,Littoraria angulifera,1.0
Serpula similis,Loriculus galgulus,1.0
Serpula similis,Paguritta harmsi,1.0
Serpula similis,Schizophyllum commune,1.0
Sesuvium portulacastrum,Acrocephalus orientalis,1.0
Sesuvium portulacastrum,Metapocyrtus adspersus,1.0
Sesuvium portulacastrum,Podolestes orientalis,1.0
Sesuvium portulacastrum,Prorhinotermes flavus,1.0
Sesuvium portulacastrum,Rostratula benghalensis,1.0
Siphonaria sipho,Archaster typicus,1.0
Siphonaria sipho,Hydatina physis,1.0
Siphonaria sipho,Rhincodon typus,1.0
Siphonaria sipho,Sula leucogaster,1.0
Siphonaria sipho,Zoanthus sansibaricus,1.0
Spilostethus hospes,Falco tinnunculus,1.0
Spilostethus hospes,Nihonhimea mundula,1.0
Spilostethus hospes,Nymphaea rubra,1.0
Spilostethus hospes,Pandion haliaetus,1.0
Stenopus hispidus,Angiopteris evecta,1.0
Stenopus hispidus,Asplenium nidus,1.0
Stenopus hispidus,Cherax quadricarinatus,1.0
Stenopus hispidus,Pongo pygmaeus,1.0
Stenopus hispidus,Sus scrofa,1.0
Subulina octona,Kaloula baleata,1.0
Subulina octona,Salvinia minima,1.0
Subulina octona,Scelimena producta,1.0
Subulina octona,Suncus murinus,1.0
Subulina octona,Tachypompilus analis,1.0
Sula leucogaster,Haliotis ovina,1.0
Sula leucogaster,Hapalochlaena lunulata,1.0
Sula leucogaster,Siphonaria sipho,1.0
Sula leucogaster,Tradescantia zebrina,1.0
Sula leucogaster,Tripneustes gratilla,1.0
Suncus murinus,Lophyra fuliginosa,1.0
Suncus murinus,Pericrocotus cinnamomeus,1.0
Suncus murinus,Sagra femorata,1.0
Suncus murinus,Tirachoidea biceps,1.0
Suncus murinus,Varuna litterata,1.0
Sus scrofa,Adinda malaccensis,1.0
Sus scrofa,Asplenium nidus,1.0
Sus scrofa,Chalia pulchra,1.0
Sus scrofa,Loriculus galgulus,1.0
Sus scrofa,Volegalea cochlidium,1.0
Symbrenthia hypatia,Euthalia merta,1.0
Symbrenthia hypatia,Faunis kirata,1.0
Symbrenthia hypatia,Melanocyma faunula,1.0
Symbrenthia hypatia,Polyura moori,1.0
Symbrenthia hypatia,Xanthotaenia busiris,1.0
Synalpheus stimpsonii,Lestes praemorsus,1.0
Synalpheus stimpsonii,Metapocyrtus adspersus,1.0
Synalpheus stimpsonii,Mycena chlorophos,1.0
Synalpheus stimpsonii,Phestilla sibogae,1.0
Synalpheus stimpsonii,Ricanula pulverosa,1.0
Tachypompilus analis,Scelimena producta,1.0
Tachypompilus analis,Selaginella kraussiana,1.0
Tachypompilus analis,Thelenota anax,1.0
Tachypompilus analis,Thor amboinensis,1.0
Tachypompilus analis,Tubuca paradussumieri,1.0
Tajuria dominus,Eooxylides tharis,1.0
Tanaecia iapis,Faunis canens,1.0
Tanaecia iapis,Lexias pardalis,1.0
Tanaecia iapis,Mycalesis perseoides,1.0
Tanaecia iapis,Neptis leucoporos,1.0
Tanaecia iapis,Tanaecia pelea,1.0
Tanaecia julii,Cyrestis themire,1.0
Tanaecia julii,Faunis gracilis,1.0
Tanaecia julii,Parantica aspasia,1.0
Tanaecia julii,Parathyma selenophora,1.0
Tanaecia julii,Xanthotaenia busiris,1.0
Tanaecia lepidea,Euploea core,1.0
Tanaecia lepidea,Parantica melaneus,1.0
Tanaecia lepidea,Vanessa indica,1.0
Tanaecia lepidea,Vindula erota,1.0
Tanaecia pelea,Lexias pardalis,1.0
Tanaecia pelea,Mycalesis perseoides,1.0
Tanaecia pelea,Neptis leucoporos,1.0
Tanaecia pelea,Phalanta phalantha,1.0
Tanaecia pelea,Tanaecia iapis,1.0
Tegillarca granosa,Campsomeris phalerata,1.0
Tegillarca granosa,Clausena excavata,1.0
Tegillarca granosa,Galeopterus variegatus,1.0
Tegillarca granosa,Iris domestica,1.0
Tegillarca granosa,Lyssa zampa,1.0
Telinga janardana,Cyrestis themire,1.0
Telinga janardana,Euthalia merta,1.0
Telinga janardana,Faunis gracilis,1.0
Telinga janardana,Neptis harita,1.0
Telinga janardana,Xanthotaenia busiris,1.0
Telostylinus lineolatus,Elephas maximus,1.0
Telostylinus lineolatus,Harpactes oreskios,1.0
Telostylinus lineolatus,Heteropteryx dilatata,1.0
Telostylinus lineolatus,Neophocaena phocaenoides,1.0
Telostylinus lineolatus,Tupaia belangeri,1.0
Tephrodornis virgatus,Asplenium nidus,1.0
Tephrodornis virgatus,Calathea crotalifera,1.0
Tephrodornis virgatus,Chalia pulchra,1.0
Tephrodornis virgatus,Cymbirhynchus macrorhynchos,1.0
Tephrodornis virgatus,Loriculus galgulus,1.0
Terinos terpander,Lasippa tiga,1.0
Terinos terpander,Polyura hebe,1.0
Tetragnatha hasselti,Angiopteris evecta,1.0
Tetragnatha hasselti,Calophyllum inophyllum,1.0
Tetragnatha hasselti,Chalia pulchra,1.0
Tetragnatha hasselti,Ludwigia sedioides,1.0
Tetragnatha hasselti,Rhinagrion elopurae,1.0
Tetrameles nudiflora,Balanophora fungosa,1.0
Tetrameles nudiflora,Chloeia incerta,1.0
Tetrameles nudiflora,Gymnosporia mekongensis,1.0
Tetrameles nudiflora,Houttuynia cordata,1.0
Tetrameles nudiflora,Phereoeca uterella,1.0
Tetranychus urticae,Balanophora fungosa,1.0
Tetranychus urticae,Caridina lanceifrons,1.0
Tetranychus urticae,Iphigenia indica,1.0
Tetranychus urticae,Lasioderma serricorne,1.0
Tetranychus urticae,Sepioteuthis lessoniana,1.0
Thauria aliris,Chersonesia peraka,1.0
Thauria aliris,Junonia iphita,1.0
Thauria aliris,Melanocyma faunula,1.0
Thauria aliris,Neorina lowii,1.0
Thauria aliris,Neptis harita,1.0
Thelenota anax,Hemiscyllium freycineti,1.0
Thelenota anax,Selaginella kraussiana,1.0
Thelenota anax,Tachypompilus analis,1.0
Thelenota anax,Thor amboinensis,1.0
Thelenota anax,Tubuca paradussumieri,1.0
Thor amboinensis,Salvinia minima,1.0
Thor amboinensis,Selaginella kraussiana,1.0
Thor amboinensis,Tachypompilus analis,1.0
Thor amboinensis,Thelenota anax,1.0
Thor amboinensis,Tubuca paradussumieri,1.0
Tirachoidea biceps,Hemiscyllium freycineti,1.0
Tirachoidea biceps,Pericrocotus cinnamomeus,1.0
Tirachoidea biceps,Selaginella kraussiana,1.0
Tirachoidea biceps,Suncus murinus,1.0
Tirachoidea biceps,Thelenota anax,1.0
Tradescantia zebrina,Canis lupus,1.0
Tradescantia zebrina,Canna indica,1.0
Tradescantia zebrina,Leptocoris vicinus,1.0
Tradescantia zebrina,Nesogaster aculeatus,1.0
Tradescantia zebrina,Physalia physalis,1.0
Tragulus kanchil,Clausena excavata,1.0
Tragulus kanchil,Glareola maldivarum,1.0
Tragulus kanchil,Iris domestica,1.0
Tragulus kanchil,Lyssa zampa,1.0
Tragulus kanchil,Ricanula pulverosa,1.0
Tridacna crocea,Calonectris leucomelas,1.0
Tridacna crocea,Conus striolatus,1.0
Tridacna crocea,Janolus savinkini,1.0
Tridacna crocea,Lindenbergia philippensis,1.0
Tridacna crocea,Pseudocirrhipathes mapia,1.0
Trigoniulus corallinus,Pseudoxya diminuta,1.0
Tringa erythropus,Numenius arquata,1.0
Tripneustes gratilla,Attagenus fasciatus,1.0
Tripneustes gratilla,Carlito syrichta,1.0
Tripneustes gratilla,Nephrolepis biserrata,1.0
Tripneustes gratilla,Sula leucogaster,1.0
Tripneustes gratilla,Turbo chrysostomus,1.0
Trogonoptera brookiana,Graphium antiphates,1.0
Tubastraea coccinea,Caridina lanceifrons,1.0
Tubastraea coccinea,Houttuynia cordata,1.0
Tubastraea coccinea,Ichthyophis kohtaoensis,1.0
Tubastraea coccinea,Lobaria pulmonaria,1.0
Tubastraea coccinea,Metopidius indicus,1.0
Tubuca paradussumieri,Hemiscyllium freycineti,1.0
Tubuca paradussumieri,Pontederia vaginalis,1.0
Tubuca paradussumieri,Tachypompilus analis,1.0
Tubuca paradussumieri,Thelenota anax,1.0
Tubuca paradussumieri,Thor amboinensis,1.0
Tupaia belangeri,Gerygone sulphurea,1.0
Tupaia belangeri,Harpactes oreskios,1.0
Tupaia belangeri,Macrochenus guerinii,1.0
Tupaia belangeri,Neophocaena phocaenoides,1.0
Tupaia belangeri,Platalea minor,1.0
Turbo chrysostomus,Nephrolepis biserrata,1.0
Turbo chrysostomus,Ochna serrulata,1.0
Turbo chrysostomus,Plumbago auriculata,1.0
Turbo chrysostomus,Tripneustes gratilla,1.0
Turbo chrysostomus,Vasum turbinellus,1.0
Turnera ulmifolia,Attagenus fasciatus,1.0
Turnera ulmifolia,Ehretia microphylla,1.0
Turnera ulmifolia,Haliotis ovina,1.0
Turnera ulmifolia,Nesogaster aculeatus,1.0
Turnera ulmifolia,Vasum turbinellus,1.0
Tyriobapta torrida,Agrionoptera insignis,1.0
Tyriobapta torrida,Rhodothemis rufa,1.0
Tyriobapta torrida,Urothemis signata,1.0
Ugia serrilinea,Peridrome subfascia,1.0
Urothemis signata,Agrionoptera insignis,1.0
Urothemis signata,Rhodothemis rufa,1.0
Urothemis signata,Tyriobapta torrida,1.0
Vagrans sinha,Chersonesia peraka,1.0
Vagrans sinha,Faunis kirata,1.0
Vagrans sinha,Junonia iphita,1.0
Vagrans sinha,Mycalesis marginata,1.0
Vagrans sinha,Neptis harita,1.0
Vanessa indica,Euploea core,1.0
Vanessa indica,Parantica melaneus,1.0
Vanessa indica,Tanaecia lepidea,1.0
Vanessa indica,Vindula erota,1.0
Varuna litterata,Ampulex compressa,1.0
Varuna litterata,Hystrix javanica,1.0
Varuna litterata,Kaloula baleata,1.0
Varuna litterata,Scelimena producta,1.0
Varuna litterata,Suncus murinus,1.0
Vasum turbinellus,Canna indica,1.0
Vasum turbinellus,Janolus savinkini,1.0
Vasum turbinellus,Rhynchophorus vulneratus,1.0
Vasum turbinellus,Turbo chrysostomus,1.0
Vasum turbinellus,Turnera ulmifolia,1.0
Vindula erota,Euploea core,1.0
Vindula erota,Parantica melaneus,1.0
Vindula erota,Tanaecia lepidea,1.0
Vindula erota,Vanessa indica,1.0
Volegalea cochlidium,Asplenium nidus,1.0
Volegalea cochlidium,Chalia pulchra,1.0
Volegalea cochlidium,Ludwigia sedioides,1.0
Volegalea cochlidium,Rhinagrion elopurae,1.0
Volegalea cochlidium,Sus scrofa,1.0
Xanthotaenia busiris,Euthalia merta,1.0
Xanthotaenia busiris,Faunis gracilis,1.0
Xanthotaenia busiris,Melanocyma faunula,1.0
Xanthotaenia busiris,Neptis harita,1.0
Xanthotaenia busiris,Tanaecia julii,1.0
Zanclostomus curvirostris,Rhinortha chlorophaea,1.0
Zoanthus sansibaricus,Briareum violaceum,1.0
Zoanthus sansibaricus,Clavelina robusta,1.0
Zoanthus sansibaricus,Dentiovula dorsuosa,1.0
Zoanthus sansibaricus,Platycerium grande,1.0
Zoanthus sansibaricus,Ryssota otaheitana,1.0
Acalypha siamensis,Jatropha curcas,0.999
Acraea terpsicore,Neptis hylas,0.999
Acrostichum aureum,Adiantum trapeziforme,0.999
Actitis hypoleucos,Pycnonotus goiavier,0.999
Adiantum philippense,Pityrogramma calomelanos,0.999
Adiantum philippense,Pteris ensiformis,0.999
Adiantum trapeziforme,Acrostichum aureum,0.999
Ancistroides gemmifer,Halpe porus,0.999
Ancistroides nigrita,Halpe porus,0.999
Anthene emolus,Anthene lycaenina,0.999
Anthene emolus,Rapala varuna,0.999
Anthene lycaenina,Anthene emolus,0.999
Anthene lycaenina,Arhopala oenea,0.999
Anthene lycaenina,Cigaritis lohita,0.999
Anthene lycaenina,Lycaenopsis marginata,0.999
Anthene lycaenina,Nacaduba beroe,0.999
Appias nephele,Eurema laeta,0.999
Appias nephele,Pareronia boebera,0.999
Aquila clanga,Circus melanoleucos,0.999
Arachis pintoi,Sesbania grandiflora,0.999
Argiope versicolor,Gasteracantha diadesmia,0.999
Arhopala oenea,Anthene lycaenina,0.999
Arhopala oenea,Rapala varuna,0.999
Arsacia rectalis,Syntomoides imaon,0.999
Arsacia rectalis,Zurobata vacillans,0.999
Aviceda leuphotes,Circus spilonotus,0.999
Bavia sexpunctata,Cytaea oreophila,0.999
Bavia sexpunctata,Menemerus nigli,0.999
Bidens pilosa,Eclipta prostrata,0.999
Blumea balsamifera,Elephantopus mollis,0.999
Blumea balsamifera,Thelesperma simplicifolium,0.999
Bulbophyllum dichromum,Cylindrolobus truncatus,0.999
Bulbophyllum dichromum,Eria scabrilinguis,0.999
Bulbophyllum dichromum,Hetaeria affinis,0.999
Bulbophyllum dichromum,Ludisia discolor,0.999
Bulbophyllum reptans,Cylindrolobus truncatus,0.999
Bulbophyllum reptans,Hetaeria affinis,0.999
Bulbophyllum reptans,Ludisia discolor,0.999
Butea monosperma,Tamarindus indica,0.999
Caleta elna,Hypolycaena thecloides,0.999
Caleta roxus,Cheritra freja,0.999
Caleta roxus,Drupadia ravindra,0.999
Calidris falcinellus,Calidris pygmaea,0.999
Calidris falcinellus,Limnodromus semipalmatus,0.999
Calidris falcinellus,Numenius arquata,0.999
Calidris falcinellus,Tringa erythropus,0.999
Calidris pygmaea,Calidris falcinellus,0.999
Camponotus castanicola,Mystrium camillae,0.999
Camponotus castanicola,Odontomachus simillimus,0.999
Camponotus castanicola,Platythyrea inermis,0.999
Camponotus castanicola,Polyrhachis bihamata,0.999
Camponotus castanicola,Polyrhachis thrinax,0.999
Camponotus festinus,Camponotus singularis,0.999
Camponotus singularis,Camponotus festinus,0.999
Castalius rosimon,Rapala cowani,0.999
Catopsilia pyranthe,Catopsilia scylla,0.999
Catopsilia scylla,Catopsilia pyranthe,0.999
Cheritra freja,Caleta roxus,0.999
Cheritra freja,Euchrysops cnejus,0.999
Chromodoris alcalai,Chromodoris willani,0.999
Chromodoris alcalai,Hypselodoris tryoni,0.999
Chromodoris willani,Chromodoris alcalai,0.999
Chrysocolaptes guttacristatus,Meiglyptes tristis,0.999
Cigaritis lohita,Anthene lycaenina,0.999
Circus melanoleucos,Aquila clanga,0.999
Circus spilonotus,Aviceda leuphotes,0.999
Coelophora inaequalis,Stichodactyla gigantea,0.999
Cratilla metallica,Hydrobasileus croceus,0.999
Creatonotos gangis,Syntomoides imaon,0.999
Cryptotympana acuta,Hydrocotyle sibthorpioides,0.999
Cylindrolobus truncatus,Bulbophyllum dichromum,0.999
Cylindrolobus truncatus,Bulbophyllum reptans,0.999
Cylindrolobus truncatus,Gastrochilus calceolaris,0.999
Cylindrolobus truncatus,Hetaeria affinis,0.999
Cylindrolobus truncatus,Ludisia discolor,0.999
Cytaea oreophila,Bavia sexpunctata,0.999
Darpa striata,Potanthus omaha,0.999
Dinopium javanense,Meiglyptes tristis,0.999
Drupadia ravindra,Caleta roxus,0.999
Eclipta prostrata,Bidens pilosa,0.999
Elephantopus mollis,Blumea balsamifera,0.999
Eooxylides tharis,Petrelaea dana,0.999
Eria scabrilinguis,Bulbophyllum dichromum,0.999
Eria scabrilinguis,Cylindrolobus truncatus,0.999
Eria scabrilinguis,Gastrochilus calceolaris,0.999
Eria scabrilinguis,Ludisia discolor,0.999
Euchrysops cnejus,Cheritra freja,0.999
Euphorbia bokorensis,Mallotus philippensis,0.999
Eurema laeta,Appias nephele,0.999
Fejervarya cancrivora,Limnonectes kuhlii,0.999
Gasteracantha diadesmia,Argiope versicolor,0.999
Gasteracantha rubrospinis,Thelacantha brevispina,0.999
Gastrochilus calceolaris,Cylindrolobus truncatus,0.999
Gastrochilus calceolaris,Eria scabrilinguis,0.999
Gastrochilus calceolaris,Hetaeria affinis,0.999
Gastrochilus calceolaris,Ludisia discolor,0.999
Graphium antiphates,Papilio palinurus,0.999
Graphium evemon,Lamproptera curius,0.999
Halpe porus,Ancistroides gemmifer,0.999
Halpe porus,Ancistroides nigrita,0.999
Halpe porus,Polytremis lubricans,0.999
Heliconia psittacorum,Pseudoxya diminuta,0.999
Heliconia psittacorum,Trigoniulus corallinus,0.999
Hemixos cinereus,Tricholestes criniger,0.999
Hetaeria affinis,Bulbophyllum dichromum,0.999
Hetaeria affinis,Bulbophyllum reptans,0.999
Hetaeria affinis,Cylindrolobus truncatus,0.999
Hetaeria affinis,Gastrochilus calceolaris,0.999
Hetaeria affinis,Ludisia discolor,0.999
Hibiscus rosa-sinensis,Urena lobata,0.999
Hydrobasileus croceus,Cratilla metallica,0.999
Hydrocotyle sibthorpioides,Cryptotympana acuta,0.999
Hypolycaena thecloides,Caleta elna,0.999
Hypolycaena thecloides,Logania marmorata,0.999
Hypselodoris tryoni,Chromodoris alcalai,0.999
Hypsipetes leucocephalus,Pycnonotus flaviventris,0.999
Hypsipetes philippinus,Rubigula erythropthalmos,0.999
Jatropha curcas,Acalypha siamensis,0.999
Lamproptera curius,Graphium evemon,0.999
Lethe manthara,Telchinia issoria,0.999
Limnodromus semipalmatus,Calidris falcinellus,0.999
Limnodromus semipalmatus,Numenius arquata,0.999
Limnodromus semipalmatus,Tringa erythropus,0.999
Limnonectes kuhlii,Fejervarya cancrivora,0.999
Limosa limosa,Numenius arquata,0.999
Limosa limosa,Tringa erythropus,0.999
Logania marmorata,Hypolycaena thecloides,0.999
Ludisia discolor,Bulbophyllum dichromum,0.999
Ludisia discolor,Bulbophyllum reptans,0.999
Ludisia discolor,Cylindrolobus truncatus,0.999
Ludisia discolor,Eria scabrilinguis,0.999
Ludisia discolor,Gastrochilus calceolaris,0.999
Lycaenopsis marginata,Anthene lycaenina,0.999
Lycaenopsis marginata,Rapala varuna,0.999
Mallotus philippensis,Euphorbia bokorensis,0.999
Maruca vitrata,Omiodes diemenalis,0.999
Meiglyptes tristis,Chrysocolaptes guttacristatus,0.999
Meiglyptes tristis,Dinopium javanense,0.999
Menemerus nigli,Bavia sexpunctata,0.999
Menetes berdmorei,Tamiops maritimus,0.999
Monomorium destructor,Odontoponera denticulata,0.999
Mycalesis mineus,Elymnias panthera,0.999
Mycalesis mineus,Lexias pardalis,0.999
Mycalesis mineus,Parathyma reta,0.999
Mycalesis mineus,Phalanta phalantha,0.999
Mycalesis mineus,Vindula deione,0.999
Myophonus castaneus,Myophonus melanurus,0.999
Myophonus melanurus,Myophonus castaneus,0.999
Mystrium camillae,Camponotus castanicola,0.999
Mystrium camillae,Polyrhachis bihamata,0.999
Nacaduba beroe,Anthene lycaenina,0.999
Nacaduba beroe,Rapala varuna,0.999
Nembrotha cristata,Nembrotha milleri,0.999
Nembrotha milleri,Nembrotha cristata,0.999
Neoduma kuangtungensis,Peridrome subfascia,0.999
Neoduma kuangtungensis,Ugia serrilinea,0.999
Neptis hylas,Acraea terpsicore,0.999
Notocrypta paralysos,Polytremis lubricans,0.999
Numenius arquata,Calidris falcinellus,0.999
Numenius arquata,Limnodromus semipalmatus,0.999
Numenius arquata,Limosa limosa,0.999
Odontomachus simillimus,Camponotus castanicola,0.999
Odontomachus simillimus,Polyrhachis bihamata,0.999
Odontoponera denticulata,Monomorium destructor,0.999
Odontoponera denticulata,Platythyrea inermis,0.999
Omiodes diemenalis,Maruca vitrata,0.999
Orthetrum luzonicum,Orthetrum pruinosum,0.999
Orthetrum pruinosum,Orthetrum luzonicum,0.999
Orthetrum serapia,Zyxomma obtusum,0.999
Papilio palinurus,Graphium antiphates,0.999
Papilio palinurus,Trogonoptera brookiana,0.999
Parathyma reta,Lexias pardalis,0.999
Parathyma reta,Mycalesis mineus,0.999
Parathyma reta,Neptis leucoporos,0.999
Parathyma reta,Tanaecia pelea,0.999
Parathyma reta,Vindula deione,0.999
Pareronia boebera,Appias nephele,0.999
Passer montanus,Pycnonotus goiavier,0.999
Penthicodes atomaria,Pyrops candelaria,0.999
Peridrome subfascia,Neoduma kuangtungensis,0.999
Periplaneta americana,Pycnonotus goiavier,0.999
Petrelaea dana,Eooxylides tharis,0.999
Phyllodesmium briareum,Collocalia linchi,0.999
Phyllodesmium briareum,Mecardonia procumbens,0.999
Phyllodesmium briareum,Pontederia vaginalis,0.999
Phyllodesmium briareum,Portulaca oleracea,0.999
Phyllodesmium briareum,Suncus murinus,0.999
Pityrogramma calomelanos,Adiantum philippense,0.999
Platythyrea inermis,Camponotus castanicola,0.999
Platythyrea inermis,Odontoponera denticulata,0.999
Polyrhachis bihamata,Camponotus castanicola,0.999
Polyrhachis bihamata,Mystrium camillae,0.999
Polyrhachis bihamata,Odontomachus simillimus,0.999
Polyrhachis bihamata,Polyrhachis thrinax,0.999
Polyrhachis thrinax,Camponotus castanicola,0.999
Polyrhachis thrinax,Polyrhachis bihamata,0.999
Polytremis lubricans,Halpe porus,0.999
Polytremis lubricans,Notocrypta paralysos,0.999
Potanthus omaha,Darpa striata,0.999
Pseudoxya diminuta,Heliconia psittacorum,0.999
Pteris ensiformis,Adiantum philippense,0.999
Pycnonotus brunneus,Rubigula erythropthalmos,0.999
Pycnonotus flaviventris,Hypsipetes leucocephalus,0.999
Pycnonotus goiavier,Actitis hypoleucos,0.999
Pycnonotus goiavier,Passer montanus,0.999
Pycnonotus goiavier,Periplaneta americana,0.999
Pyrops candelaria,Penthicodes atomaria,0.999
Rapala cowani,Castalius rosimon,0.999
Rapala varuna,Anthene emolus,0.999
Rapala varuna,Arhopala oenea,0.999
Rapala varuna,Lycaenopsis marginata,0.999
Rapala varuna,Nacaduba beroe,0.999
Rubigula erythropthalmos,Hypsipetes philippinus,0.999
Rubigula erythropthalmos,Pycnonotus brunneus,0.999
Sesbania grandiflora,Arachis pintoi,0.999
Stichodactyla gigantea,Coelophora inaequalis,0.999
Syntomoides imaon,Arsacia rectalis,0.999
Syntomoides imaon,Creatonotos gangis,0.999
Syntomoides imaon,Zurobata vacillans,0.999
Tamarindus indica,Butea monosperma,0.999
Tamiops maritimus,Menetes berdmorei,0.999
Telchinia issoria,Lethe manthara,0.999
Thelacantha brevispina,Gasteracantha rubrospinis,0.999
Thelesperma simplicifolium,Blumea balsamifera,0.999
Tricholestes criniger,Hemixos cinereus,0.999
Trigoniulus corallinus,Heliconia psittacorum,0.999
Tringa erythropus,Calidris falcinellus,0.999
Tringa erythropus,Limnodromus semipalmatus,0.999
Tringa erythropus,Limosa limosa,0.999
Trogonoptera brookiana,Papilio palinurus,0.999
Ugia serrilinea,Neoduma kuangtungensis,0.999
Urena lobata,Hibiscus rosa-sinensis,0.999
Vindula deione,Mycalesis mineus,0.999
Vindula deione,Parathyma reta,0.999
Zurobata vacillans,Arsacia rectalis,0.999
Zurobata vacillans,Syntomoides imaon,0.999
Zyxomma obtusum,Orthetrum serapia,0.999
Acrostichum aureum,Adiantum philippense,0.998
Adiantum philippense,Acrostichum aureum,0.998
Adiantum philippense,Adiantum trapeziforme,0.998
Adiantum trapeziforme,Adiantum philippense,0.998
Adiantum trapeziforme,Pteris ensiformis,0.998
Ageratum conyzoides,Cosmos sulphureus,0.998
Ageratum conyzoides,Zinnia elegans,0.998
Alocasia longiloba,Arisaema garrettii,0.998
Ancistroides gemmifer,Darpa striata,0.998
Ancistroides gemmifer,Notocrypta paralysos,0.998
Ancistroides gemmifer,Polytremis lubricans,0.998
Ancistroides nigrita,Darpa striata,0.998
Ancistroides nigrita,Notocrypta paralysos,0.998
Ancistroides nigrita,Polytremis lubricans,0.998
Appias nephele,Cepora aspasia,0.998
Arachis pintoi,Indigofera linnaei,0.998
Arachis pintoi,Mimosa diplotricha,0.998
Arborophila rubrirostris,Gallus varius,0.998
Areas galactina,Neoduma kuangtungensis,0.998
Argiope versicolor,Gasteracantha rubrospinis,0.998
Argiope versicolor,Thelacantha brevispina,0.998
Arhopala epimuta,Megisba malaya,0.998
Ariadne ariadne,Vindula deione,0.998
Arisaema garrettii,Alocasia longiloba,0.998
Asota plaginota,Syntomoides imaon,0.998
Aspidimorpha furcata,Gonophora pulchella,0.998
Athene brama,Ketupa ketupu,0.998
Athene brama,Otus sagittatus,0.998
Bavia sexpunctata,Hyllus walckenaeri,0.998
Bidens pilosa,Cosmos sulphureus,0.998
Bulbophyllum reptans,Eria scabrilinguis,0.998
Bulbophyllum reptans,Gastrochilus calceolaris,0.998
Butea monosperma,Phanera similis,0.998
Caleta roxus,Euchrysops cnejus,0.998
Caleta roxus,Neopithecops zalmora,0.998
Calidris falcinellus,Limosa limosa,0.998
Calidris ferruginea,Limosa limosa,0.998
Calidris pygmaea,Limosa limosa,0.998
Calidris pygmaea,Numenius arquata,0.998
Calidris pygmaea,Tringa erythropus,0.998
Camponotus festinus,Tetraponera rufonigra,0.998
Camponotus singularis,Tetraponera rufonigra,0.998
Catochrysops strabo,Pithecops corvus,0.998
Catopsilia pomona,Catopsilia pyranthe,0.998
Catopsilia pyranthe,Catopsilia pomona,0.998
Cepora aspasia,Appias nephele,0.998
Cepora aspasia,Pareronia boebera,0.998
Cethosia hypsea,Euthalia adonia,0.998
Cethosia hypsea,Tirumala septentrionis,0.998
Cheritra freja,Drupadia ravindra,0.998
Cheritra freja,Neopithecops zalmora,0.998
Chilasa clytia,Graphium xenocles,0.998
Chromodoris willani,Hypselodoris tryoni,0.998
Cigaritis lohita,Arhopala oenea,0.998
Cigaritis lohita,Lycaenopsis marginata,0.998
Cigaritis lohita,Nacaduba beroe,0.998
Cigaritis lohita,Pithecops corvus,0.998
Cnaphalocrocis trebiusalis,Hellula undalis,0.998
Cnaphalocrocis trebiusalis,Heortia vitessoides,0.998
Cnaphalocrocis trebiusalis,Maruca vitrata,0.998
Cnaphalocrocis trebiusalis,Omiodes diemenalis,0.998
Corvus macrorhynchos,Rhipidura javanica,0.998
Cosmos sulphureus,Ageratum conyzoides,0.998
Cosmos sulphureus,Bidens pilosa,0.998
Cuphea hyssopifolia,Heliconia psittacorum,0.998
Cuphea hyssopifolia,Pseudoxya diminuta,0.998
Cuphea hyssopifolia,Trigoniulus corallinus,0.998
Cyana pudens,Euplocia membliaria,0.998
Cyclosa bulla,Eriovixia excelsa,0.998
Cyrtophora unicolor,Gasteracantha mengei,0.998
Darpa striata,Ancistroides gemmifer,0.998
Darpa striata,Ancistroides nigrita,0.998
Darpa striata,Halpe porus,0.998
Darpa striata,Notocrypta paralysos,0.998
Delias henningia,Hebomoia glaucippe,0.998
Delias henningia,Pareronia boebera,0.998
Drupadia ravindra,Cheritra freja,0.998
Drupadia ravindra,Euchrysops cnejus,0.998
Drupadia ravindra,Neopithecops zalmora,0.998
Elephantopus mollis,Thelesperma simplicifolium,0.998
Elephantopus mollis,Xanthium strumarium,0.998
Elymnias hypermnestra,Junonia almana,0.998
Eooxylides tharis,Hypolycaena thecloides,0.998
Eooxylides tharis,Zeltus amasa,0.998
Eria scabrilinguis,Bulbophyllum reptans,0.998
Eriovixia excelsa,Cyclosa bulla,0.998
Euchrysops cnejus,Caleta roxus,0.998
Euchrysops cnejus,Drupadia ravindra,0.998
Euchrysops cnejus,Neopithecops zalmora,0.998
Eudocima discrepans,Syntomoides imaon,0.998
Eudocima discrepans,Zurobata vacillans,0.998
Euplocia membliaria,Cyana pudens,0.998
Eurema laeta,Pareronia boebera,0.998
Eurrhyparodes tricoloralis,Parapoynx diminutalis,0.998
Euthalia adonia,Cethosia hypsea,0.998
Euthalia adonia,Tirumala septentrionis,0.998
Ficedula albicilla,Niltava grandis,0.998
Gallus varius,Arborophila rubrirostris,0.998
Gasteracantha diadesmia,Gasteracantha rubrospinis,0.998
Gasteracantha mengei,Cyrtophora unicolor,0.998
Gasteracantha rubrospinis,Argiope versicolor,0.998
Gasteracantha rubrospinis,Gasteracantha diadesmia,0.998
Geokichla cinerea,Turdus obscurus,0.998
Goniobranchus fidelis,Mexichromis trilineata,0.998
Goniobranchus geminus,Hypselodoris pulchella,0.998
Gonophora pulchella,Aspidimorpha furcata,0.998
Graphium antiphates,Papilio helenus,0.998
Graphium antiphates,Papilio iswara,0.998
Graphium evemon,Papilio helenus,0.998
Graphium evemon,Papilio iswara,0.998
Graphium xenocles,Chilasa clytia,0.998
Halpe porus,Notocrypta paralysos,0.998
Halpe porus,Potanthus omaha,0.998
Hebomoia glaucippe,Delias henningia,0.998
Heliconia psittacorum,Cuphea hyssopifolia,0.998
Hellula undalis,Cnaphalocrocis trebiusalis,0.998
Hellula undalis,Heortia vitessoides,0.998
Hemicircus canente,Meiglyptes tristis,0.998
Hemicircus canente,Sasia ochracea,0.998
Heortia vitessoides,Cnaphalocrocis trebiusalis,0.998
Heortia vitessoides,Hellula undalis,0.998
Heortia vitessoides,Maruca vitrata,0.998
Heortia vitessoides,Omiodes diemenalis,0.998
Hibiscus rosa-sinensis,Sida acuta,0.998
Holothuria atra,Pearsonothuria graeffei,0.998
Hyllus walckenaeri,Bavia sexpunctata,0.998
Hypolycaena thecloides,Eooxylides tharis,0.998
Hypolycaena thecloides,Petrelaea dana,0.998
Hypselodoris pulchella,Goniobranchus geminus,0.998
Hypselodoris tryoni,Chromodoris willani,0.998
Indigofera linnaei,Arachis pintoi,0.998
Indigofera linnaei,Mimosa diplotricha,0.998
Junonia almana,Elymnias hypermnestra,0.998
Kalanchoe pinnata,Citripestis sagittiferella,0.998
Kalanchoe pinnata,Debregeasia squamata,0.998
Kalanchoe pinnata,Phereoeca uterella,0.998
Kalanchoe pinnata,Planococcus citri,0.998
Kalanchoe pinnata,Tubastraea coccinea,0.998
Ketupa ketupu,Athene brama,0.998
Laccoptera nepalensis,Silana farinosa,0.998
Lamproptera curius,Papilio helenus,0.998
Lamproptera curius,Papilio iswara,0.998
Lethe manthara,Yoma sabina,0.998
Limnodromus semipalmatus,Limosa limosa,0.998
Limosa limosa,Calidris falcinellus,0.998
Limosa limosa,Calidris ferruginea,0.998
Limosa limosa,Calidris pygmaea,0.998
Macaca mulatta,Trachypithecus delacouri,0.998
Macrodiplax cora,Zyxomma obtusum,0.998
Maruca vitrata,Cnaphalocrocis trebiusalis,0.998
Maruca vitrata,Heortia vitessoides,0.998
Megisba malaya,Arhopala epimuta,0.998
Meiglyptes tristis,Hemicircus canente,0.998
Mexichromis trilineata,Goniobranchus fidelis,0.998
Miltochrista irregularis,Syntomoides imaon,0.998
Mimosa diplotricha,Arachis pintoi,0.998
Mimosa diplotricha,Indigofera linnaei,0.998
Mimosa pigra,Sesbania grandiflora,0.998
Mycalesis ita,Ragadia luzonia,0.998
Mystrium camillae,Platythyrea inermis,0.998
Nasalis larvatus,Presbytis siamensis,0.998
Nasalis larvatus,Trachypithecus obscurus,0.998
Neoduma kuangtungensis,Areas galactina,0.998
Neopithecops zalmora,Caleta roxus,0.998
Neopithecops zalmora,Cheritra freja,0.998
Neopithecops zalmora,Drupadia ravindra,0.998
Neopithecops zalmora,Euchrysops cnejus,0.998
Neurothemis intermedia,Orthetrum luzonicum,0.998
Neurothemis intermedia,Orthetrum pruinosum,0.998
Niltava grandis,Ficedula albicilla,0.998
Notocrypta paralysos,Ancistroides gemmifer,0.998
Notocrypta paralysos,Ancistroides nigrita,0.998
Notocrypta paralysos,Darpa striata,0.998
Notocrypta paralysos,Halpe porus,0.998
Numenius arquata,Calidris pygmaea,0.998
Odontomachus simillimus,Platythyrea inermis,0.998
Odontoponera denticulata,Camponotus castanicola,0.998
Odontoponera denticulata,Polyrhachis bihamata,0.998
Omiodes diemenalis,Cnaphalocrocis trebiusalis,0.998
Omiodes diemenalis,Heortia vitessoides,0.998
Onychargia atrocyana,Prodasineura autumnalis,0.998
Orthetrum luzonicum,Neurothemis intermedia,0.998
Orthetrum pruinosum,Neurothemis intermedia,0.998
Otus sagittatus,Athene brama,0.998
Papilio helenus,Graphium antiphates,0.998
Papilio helenus,Graphium evemon,0.998
Papilio helenus,Lamproptera curius,0.998
Papilio helenus,Trogonoptera brookiana,0.998
Papilio iswara,Graphium antiphates,0.998
Papilio iswara,Graphium evemon,0.998
Papilio iswara,Lamproptera curius,0.998
Papilio iswara,Trogonoptera brookiana,0.998
Parapoynx diminutalis,Eurrhyparodes tricoloralis,0.998
Pareronia boebera,Cepora aspasia,0.998
Pareronia boebera,Delias henningia,0.998
Pareronia boebera,Eurema laeta,0.998
Parmarion martensi,Sphinctotropis paviei,0.998
Pearsonothuria graeffei,Holothuria atra,0.998
Petrelaea dana,Hypolycaena thecloides,0.998
Petrelaea dana,Tajuria dominus,0.998
Phanera similis,Butea monosperma,0.998
Pithecops corvus,Anthene emolus,0.998
Pithecops corvus,Arhopala oenea,0.998
Pithecops corvus,Cigaritis lohita,0.998
Pithecops corvus,Lycaenopsis marginata,0.998
Pithecops corvus,Nacaduba beroe,0.998
Pityrogramma calomelanos,Pteris ensiformis,0.998
Platythyrea inermis,Mystrium camillae,0.998
Platythyrea inermis,Odontomachus simillimus,0.998
Platythyrea inermis,Polyrhachis bihamata,0.998
Polyrhachis bihamata,Platythyrea inermis,0.998
Polyrhachis thrinax,Platythyrea inermis,0.998
Polytremis lubricans,Ancistroides gemmifer,0.998
Polytremis lubricans,Ancistroides nigrita,0.998
Polytremis lubricans,Potanthus omaha,0.998
Potanthus omaha,Halpe porus,0.998
Potanthus omaha,Notocrypta paralysos,0.998
Potanthus omaha,Polytremis lubricans,0.998
Presbytis siamensis,Nasalis larvatus,0.998
Presbytis siamensis,Trachypithecus obscurus,0.998
Prodasineura autumnalis,Onychargia atrocyana,0.998
Pseudoxya diminuta,Cuphea hyssopifolia,0.998
Pseudoxya diminuta,Torenia crustacea,0.998
Psichotoe duvauceli,Syntomoides imaon,0.998
Pteris ensiformis,Adiantum trapeziforme,0.998
Pteris ensiformis,Pityrogramma calomelanos,0.998
Pycnonotus blanfordi,Pycnonotus jocosus,0.998
Pycnonotus flaviventris,Tricholestes criniger,0.998
Pycnonotus jocosus,Pycnonotus blanfordi,0.998
Pycnonotus simplex,Rubigula erythropthalmos,0.998
Pygathrix nemaeus,Trachypithecus delacouri,0.998
Ragadia luzonia,Mycalesis ita,0.998
Rapala varuna,Anthene lycaenina,0.998
Rhipidura javanica,Corvus macrorhynchos,0.998
Rubigula erythropthalmos,Pycnonotus simplex,0.998
Rubigula erythropthalmos,Rubigula squamatus,0.998
Rubigula squamatus,Rubigula erythropthalmos,0.998
Sasia ochracea,Hemicircus canente,0.998
Scaevola taccada,Sphinctotropis paviei,0.998
Sesbania grandiflora,Mimosa pigra,0.998
Sida acuta,Hibiscus rosa-sinensis,0.998
Silana farinosa,Laccoptera nepalensis,0.998
Sphinctotropis paviei,Parmarion martensi,0.998
Sphinctotropis paviei,Scaevola taccada,0.998
Syntomoides imaon,Eudocima discrepans,0.998
Syntomoides imaon,Miltochrista irregularis,0.998
Tajuria dominus,Petrelaea dana,0.998
Tajuria dominus,Zeltus amasa,0.998
Tamiops maritimus,Tamiops rodolphii,0.998
Tamiops rodolphii,Tamiops maritimus,0.998
Telchinia issoria,Yoma sabina,0.998
Tetraponera rufonigra,Camponotus festinus,0.998
Tetraponera rufonigra,Camponotus singularis,0.998
Thelacantha brevispina,Argiope versicolor,0.998
Thelesperma simplicifolium,Elephantopus mollis,0.998
Thelesperma simplicifolium,Xanthium strumarium,0.998
Tirumala septentrionis,Cethosia hypsea,0.998
Tirumala septentrionis,Euthalia adonia,0.998
Torenia crustacea,Pseudoxya diminuta,0.998
Torenia crustacea,Trigoniulus corallinus,0.998
Trachypithecus delacouri,Macaca mulatta,0.998
Trachypithecus delacouri,Pygathrix nemaeus,0.998
Trachypithecus obscurus,Nasalis larvatus,0.998
Trachypithecus obscurus,Presbytis siamensis,0.998
Tricholestes criniger,Pycnonotus flaviventris,0.998
Trigoniulus corallinus,Cuphea hyssopifolia,0.998
Trigoniulus corallinus,Torenia crustacea,0.998
Tringa erythropus,Calidris pygmaea,0.998
Trogonoptera brookiana,Papilio helenus,0.998
Trogonoptera brookiana,Papilio iswara,0.998
Troides aeacus,Troides helena,0.998
Troides helena,Troides aeacus,0.998
Turdus obscurus,Geokichla cinerea,0.998
Vindula deione,Ariadne ariadne,0.998
Xanthium strumarium,Elephantopus mollis,0.998
Xanthium strumarium,Thelesperma simplicifolium,0.998
Xylotrupes philippinensis,Xylotrupes socrates,0.998
Xylotrupes socrates,Xylotrupes philippinensis,0.998
Yoma sabina,Lethe manthara,0.998
Yoma sabina,Telchinia issoria,0.998
Zeltus amasa,Eooxylides tharis,0.998
Zeltus amasa,Tajuria dominus,0.998
Zinnia elegans,Ageratum conyzoides,0.998
Zurobata vacillans,Eudocima discrepans,0.998
Zyxomma obtusum,Macrodiplax cora,0.998
Abutilon indicum,Sida acuta,0.997
Abutilon indicum,Urena lobata,0.997
Acrocephalus tangorum,Iduna aedon,0.997
Acrostichum aureum,Ceratopteris thalictroides,0.997
Acrostichum aureum,Pteris ensiformis,0.997
Adiantum philippense,Ceratopteris thalictroides,0.997
Ageratum conyzoides,Bidens pilosa,0.997
Ageratum conyzoides,Eclipta prostrata,0.997
Apis andreniformis,Thyreus himalayensis,0.997
Apis andreniformis,Xylocopa flavonigrescens,0.997
Arachis pintoi,Mimosa pigra,0.997
Areas galactina,Peridrome subfascia,0.997
Areas galactina,Ugia serrilinea,0.997
Arhopala centaurus,Nacaduba kurava,0.997
Arhopala epimuta,Poritia erycinoides,0.997
Ariadne ariadne,Mycalesis mineus,0.997
Ariadne ariadne,Parathyma reta,0.997
Arsacia rectalis,Asota plaginota,0.997
Arsacia rectalis,Eudocima discrepans,0.997
Arsacia rectalis,Psichotoe duvauceli,0.997
Asota plaginota,Arsacia rectalis,0.997
Asota plaginota,Creatonotos gangis,0.997
Athene brama,Otus mantananensis,0.997
Athene brama,Otus sunia,0.997
Aviceda leuphotes,Butastur liventer,0.997
Aythya fuligula,Spatula clypeata,0.997
Belenois java,Catopsilia pyranthe,0.997
Bidens pilosa,Ageratum conyzoides,0.997
Blumea balsamifera,Xanthium strumarium,0.997
Brachythemis contaminata,Orthetrum sabina,0.997
Butastur liventer,Aviceda leuphotes,0.997
Cacomantis variolosus,Carpococcyx viridis,0.997
Cairina moschata,Spatula clypeata,0.997
Calidris ferruginea,Calidris pygmaea,0.997
Calidris ferruginea,Numenius arquata,0.997
Calidris ferruginea,Tringa erythropus,0.997
Calidris pygmaea,Calidris ferruginea,0.997
Callosciurus caniceps,Tamiops mcclellandii,0.997
Callosciurus prevostii,Dremomys rufigenis,0.997
Camacinia gigantea,Orchithemis pulcherrima,0.997
Caprimulgus macrurus,Crithagra atrogularis,0.997
Carcharhinus melanopterus,Swietenia macrophylla,0.997
Carpococcyx viridis,Cacomantis variolosus,0.997
Catochrysops strabo,Anthene emolus,0.997
Catochrysops strabo,Arhopala oenea,0.997
Catochrysops strabo,Lycaenopsis marginata,0.997
Catochrysops strabo,Nacaduba beroe,0.997
Catopsilia pomona,Catopsilia scylla,0.997
Catopsilia pyranthe,Belenois java,0.997
Catopsilia scylla,Catopsilia pomona,0.997
Ceratopteris thalictroides,Acrostichum aureum,0.997
Ceratopteris thalictroides,Adiantum philippense,0.997
Ceratopteris thalictroides,Pteris ensiformis,0.997
Ceratosoma trilobatum,Chromodoris magnifica,0.997
Chilasa clytia,Troides helena,0.997
Chromodoris magnifica,Ceratosoma trilobatum,0.997
Chromodoris willani,Mexichromis trilineata,0.997
Chrysocolaptes guttacristatus,Dinopium javanense,0.997
Chrysocolaptes guttacristatus,Hemicircus canente,0.997
Chrysocolaptes guttacristatus,Sasia ochracea,0.997
Coelogyne candoonensis,Liparis condylobulbon,0.997
Copsychus malabaricus,Phoenicurus fuliginosus,0.997
Cosmos sulphureus,Eclipta prostrata,0.997
Cosmos sulphureus,Zinnia elegans,0.997
Creatonotos gangis,Asota plaginota,0.997
Creatonotos gangis,Miltochrista irregularis,0.997
Creatonotos gangis,Psichotoe duvauceli,0.997
Creatonotos gangis,Zurobata vacillans,0.997
Crithagra atrogularis,Caprimulgus macrurus,0.997
Cryptotympana acuta,Collocalia linchi,0.997
Cryptotympana acuta,Hemiscyllium freycineti,0.997
Cryptotympana acuta,Thor amboinensis,0.997
Cryptotympana acuta,Tubuca paradussumieri,0.997
Cyclosa bulla,Cyclosa insulana,0.997
Cyclosa insulana,Cyclosa bulla,0.997
Cytaea oreophila,Hyllus walckenaeri,0.997
Cytaea oreophila,Menemerus nigli,0.997
Daphnis hypothous,Meganoton nyctiphanes,0.997
Dasychira chekiangensis,Rhesala imparata,0.997
Deudorix epijarbas,Rapala cowani,0.997
Dinopium javanense,Chrysocolaptes guttacristatus,0.997
Dinopium javanense,Hemicircus canente,0.997
Dremomys rufigenis,Callosciurus prevostii,0.997
Dryas iulia,Lasippa tiga,0.997
Dryas iulia,Terinos terpander,0.997
Eclipta prostrata,Ageratum conyzoides,0.997
Eclipta prostrata,Cosmos sulphureus,0.997
Eclipta prostrata,Zinnia elegans,0.997
Eudocima discrepans,Arsacia rectalis,0.997
Euplocia membliaria,Neoduma kuangtungensis,0.997
Euploea core,Euploea sylvester,0.997
Euploea radamanthus,Euthalia adonia,0.997
Euploea sylvester,Euploea core,0.997
Euploea sylvester,Parantica melaneus,0.997
Euploea sylvester,Tanaecia lepidea,0.997
Euploea sylvester,Vanessa indica,0.997
Euploea sylvester,Vindula erota,0.997
Euthalia adonia,Euploea radamanthus,0.997
Fejervarya cancrivora,Limnonectes microdiscus,0.997
Ficus caulocarpa,Ficus pumila,0.997
Ficus pumila,Ficus caulocarpa,0.997
Fimbriaphyllia ancora,Galaxea fascicularis,0.997
Galaxea fascicularis,Fimbriaphyllia ancora,0.997
Gasteracantha diadesmia,Thelacantha brevispina,0.997
Gonophora pulchella,Silana farinosa,0.997
Graphium antiphates,Graphium evemon,0.997
Graphium evemon,Graphium antiphates,0.997
Graphium evemon,Trogonoptera brookiana,0.997
Heliconia psittacorum,Pergesa acteus,0.997
Hemicircus canente,Chrysocolaptes guttacristatus,0.997
Hemicircus canente,Dinopium javanense,0.997
Hemixos cinereus,Pycnonotus flaviventris,0.997
Herpetogramma rudis,Hymenia perspectalis,0.997
Hyllus walckenaeri,Cytaea oreophila,0.997
Hymenia perspectalis,Herpetogramma rudis,0.997
Hypolycaena thecloides,Tajuria dominus,0.997
Hyposidra talaca,Macaria abydata,0.997
Hyposidra talaca,Milionia coronifera,0.997
Idaea craspedota,Macaria abydata,0.997
Iduna aedon,Acrocephalus tangorum,0.997
Junonia lemonias,Moduza procris,0.997
Kallima sylvia,Moduza procris,0.997
Lamproptera curius,Graphium antiphates,0.997
Lamproptera curius,Trogonoptera brookiana,0.997
Lasippa tiga,Dryas iulia,0.997
Lethe minerva,Melanitis phedima,0.997
Lethe minerva,Neptis vikasi,0.997
Lethe minerva,Parantica aglea,0.997
Limnonectes microdiscus,Fejervarya cancrivora,0.997
Liparis condylobulbon,Coelogyne candoonensis,0.997
Luthrodes pandava,Nacaduba kurava,0.997
Macaria abydata,Hyposidra talaca,0.997
Macaria abydata,Idaea craspedota,0.997
Macracantha hasselti,Trichonephila antipodiana,0.997
Matapa aria,Pirdana distanti,0.997
Meganoton nyctiphanes,Daphnis hypothous,0.997
Megisba malaya,Poritia erycinoides,0.997
Meiglyptes tristis,Sasia ochracea,0.997
Melanitis phedima,Lethe minerva,0.997
Melanitis phedima,Telchinia issoria,0.997
Menemerus nigli,Cytaea oreophila,0.997
Menetes berdmorei,Tamiops rodolphii,0.997
Mexichromis trilineata,Chromodoris willani,0.997
Milionia coronifera,Hyposidra talaca,0.997
Miltochrista irregularis,Arsacia rectalis,0.997
Miltochrista irregularis,Creatonotos gangis,0.997
Mimosa diplotricha,Sesbania grandiflora,0.997
Mimosa pigra,Arachis pintoi,0.997
Moduza procris,Junonia lemonias,0.997
Moduza procris,Kallima sylvia,0.997
Monomorium destructor,Platythyrea inermis,0.997
Mycalesis aramis,Mycalesis ita,0.997
Mycalesis aramis,Ragadia luzonia,0.997
Mycalesis ita,Mycalesis aramis,0.997
Myophonus caeruleus,Niltava grandis,0.997
Nacaduba angusta,Poritia erycinoides,0.997
Nacaduba kurava,Arhopala centaurus,0.997
Nacaduba kurava,Luthrodes pandava,0.997
Nacaduba kurava,Zizula hylax,0.997
Neoduma kuangtungensis,Euplocia membliaria,0.997
Neptis vikasi,Lethe minerva,0.997
Neptis vikasi,Telchinia issoria,0.997
Niltava grandis,Myophonus caeruleus,0.997
Odontoponera denticulata,Mystrium camillae,0.997
Olene mendosa,Rhesala imparata,0.997
Orchithemis pulcherrima,Camacinia gigantea,0.997
Orthetrum luzonicum,Orthetrum triangulare,0.997
Orthetrum sabina,Brachythemis contaminata,0.997
Orthetrum triangulare,Orthetrum luzonicum,0.997
Otus mantananensis,Athene brama,0.997
Otus mantananensis,Otus sunia,0.997
Otus sunia,Athene brama,0.997
Otus sunia,Otus mantananensis,0.997
Oxya intricata,Traulia azureipennis,0.997
Parantica aglea,Lethe minerva,0.997
Parantica aglea,Telchinia issoria,0.997
Parantica melaneus,Euploea sylvester,0.997
Pelopidas mathias,Udaspes folus,0.997
Peperomia pellucida,Terminalia catappa,0.997
Pergesa acteus,Heliconia psittacorum,0.997
Pergesa acteus,Pseudoxya diminuta,0.997
Pergesa acteus,Trigoniulus corallinus,0.997
Peridrome subfascia,Areas galactina,0.997
Petrelaea dana,Zeltus amasa,0.997
Phoenicurus fuliginosus,Copsychus malabaricus,0.997
Pirdana distanti,Matapa aria,0.997
Pirdana distanti,Taractrocera archias,0.997
Polyplectron malacense,Synoicus chinensis,0.997
Pontederia crassipes,Tridax procumbens,0.997
Poritia erycinoides,Arhopala epimuta,0.997
Poritia erycinoides,Megisba malaya,0.997
Poritia erycinoides,Nacaduba angusta,0.997
Potanthus omaha,Ancistroides gemmifer,0.997
Pseudoxya diminuta,Pergesa acteus,0.997
Psichotoe duvauceli,Arsacia rectalis,0.997
Psichotoe duvauceli,Creatonotos gangis,0.997
Psilopogon chrysopogon,Psilopogon duvaucelii,0.997
Psilopogon duvaucelii,Psilopogon chrysopogon,0.997
Psilopogon faiostrictus,Psilopogon virens,0.997
Psilopogon virens,Psilopogon faiostrictus,0.997
Pteris ensiformis,Acrostichum aureum,0.997
Pteris ensiformis,Ceratopteris thalictroides,0.997
Pycnonotus flaviventris,Hemixos cinereus,0.997
Pyrops candelaria,Pyrops coelestinus,0.997
Pyrops coelestinus,Pyrops candelaria,0.997
Ragadia luzonia,Mycalesis aramis,0.997
Rapala cowani,Deudorix epijarbas,0.997
Raphismia bispina,Zyxomma obtusum,0.997
Rhesala imparata,Dasychira chekiangensis,0.997
Rhesala imparata,Olene mendosa,0.997
Rhesala imparata,Tamba mnionomera,0.997
Sasia ochracea,Chrysocolaptes guttacristatus,0.997
Sasia ochracea,Meiglyptes tristis,0.997
Sesbania grandiflora,Mimosa diplotricha,0.997
Sida acuta,Abutilon indicum,0.997
Sida acuta,Urena lobata,0.997
Silana farinosa,Gonophora pulchella,0.997
Spatula clypeata,Aythya fuligula,0.997
Spatula clypeata,Cairina moschata,0.997
Swietenia macrophylla,Carcharhinus melanopterus,0.997
Synoicus chinensis,Polyplectron malacense,0.997
Tajuria dominus,Hypolycaena thecloides,0.997
Tamba mnionomera,Rhesala imparata,0.997
Tamiops mcclellandii,Callosciurus caniceps,0.997
Tamiops rodolphii,Menetes berdmorei,0.997
Tanaecia lepidea,Euploea sylvester,0.997
Taractrocera archias,Pirdana distanti,0.997
Telchinia issoria,Melanitis phedima,0.997
Telchinia issoria,Neptis vikasi,0.997
Telchinia issoria,Parantica aglea,0.997
Terinos terpander,Dryas iulia,0.997
Terminalia catappa,Peperomia pellucida,0.997
Thelacantha brevispina,Gasteracantha diadesmia,0.997
Thyreus himalayensis,Apis andreniformis,0.997
Traulia azureipennis,Oxya intricata,0.997
Trichonephila antipodiana,Macracantha hasselti,0.997
Tridax procumbens,Pontederia crassipes,0.997
Trigoniulus corallinus,Pergesa acteus,0.997
Trogonoptera brookiana,Graphium evemon,0.997
Troides helena,Chilasa clytia,0.997
Udaspes folus,Pelopidas mathias,0.997
Ugia serrilinea,Areas galactina,0.997
Urena lobata,Abutilon indicum,0.997
Urena lobata,Sida acuta,0.997
Vanessa indica,Euploea sylvester,0.997
Vindula deione,Lexias pardalis,0.997
Vindula deione,Phalanta phalantha,0.997
Vindula erota,Euploea sylvester,0.997
Xanthium strumarium,Blumea balsamifera,0.997
Xylocopa flavonigrescens,Apis andreniformis,0.997
Zeltus amasa,Hypolycaena thecloides,0.997
Zeltus amasa,Petrelaea dana,0.997
Zinnia elegans,Cosmos sulphureus,0.997
Zinnia elegans,Eclipta prostrata,0.997
Zizula hylax,Nacaduba kurava,0.997
Zurobata vacillans,Asota plaginota,0.997
Zurobata vacillans,Creatonotos gangis,0.997
Zyxomma obtusum,Raphismia bispina,0.997
Abutilon indicum,Hibiscus rosa-sinensis,0.996
Adiantum trapeziforme,Ceratopteris thalictroides,0.996
Adiantum trapeziforme,Pityrogramma calomelanos,0.996
Alophoixus bres,Hypsipetes philippinus,0.996
Alophoixus bres,Pycnonotus brunneus,0.996
Alophoixus bres,Rubigula erythropthalmos,0.996
Anas luzonica,Spatula clypeata,0.996
Appias nephele,Delias henningia,0.996
Argiope modesta,Gasteracantha rubrospinis,0.996
Arhopala centaurus,Zizula hylax,0.996
Aspidimorpha furcata,Laccoptera nepalensis,0.996
Aviceda leuphotes,Circus melanoleucos,0.996
Aythya fuligula,Cairina moschata,0.996
Belenois java,Catopsilia pomona,0.996
Bidens pilosa,Zinnia elegans,0.996
Cacomantis variolosus,Surniculus lugubris,0.996
Cairina moschata,Aythya fuligula,0.996
Caleta elna,Eooxylides tharis,0.996
Caleta elna,Petrelaea dana,0.996
Calidris ferruginea,Calidris falcinellus,0.996
Carica papaya,Perna viridis,0.996
Carica papaya,Pteridium aquilinum,0.996
Carpococcyx viridis,Surniculus lugubris,0.996
Carriola thyridophora,Euplocia membliaria,0.996
Carriola thyridophora,Neoduma kuangtungensis,0.996
Carriola thyridophora,Peridrome subfascia,0.996
Carriola thyridophora,Ugia serrilinea,0.996
Castalius rosimon,Deudorix epijarbas,0.996
Catharanthus roseus,Lantana camara,0.996
Catopsilia pomona,Belenois java,0.996
Cepora aspasia,Delias henningia,0.996
Cepora aspasia,Eurema laeta,0.996
Cepora aspasia,Hebomoia glaucippe,0.996
Ceratopteris thalictroides,Adiantum trapeziforme,0.996
Chromodoris willani,Goniobranchus fidelis,0.996
Chrysocolaptes guttacristatus,Yungipicus canicapillus,0.996
Circus melanoleucos,Aviceda leuphotes,0.996
Cupha erymanthis,Polyura hebe,0.996
Cuphea hyssopifolia,Pergesa acteus,0.996
Cuphea hyssopifolia,Torenia crustacea,0.996
Cyclosa bulla,Trichonephila clavata,0.996
Cyclosa insulana,Trichonephila clavata,0.996
Dasychira chekiangensis,Tamba mnionomera,0.996
Delias henningia,Appias nephele,0.996
Delias henningia,Cepora aspasia,0.996
Delias henningia,Eurema laeta,0.996
Deudorix epijarbas,Castalius rosimon,0.996
Deudorix epijarbas,Hypolycaena sipylus,0.996
Doleschallia bisaltide,Lebadea martha,0.996
Dryas iulia,Polyura hebe,0.996
Dundubia vaginata,Hydrocotyle verticillata,0.996
Echinaster luzonicus,Falco peregrinus,0.996
Emilia sonchifolia,Euryops chrysanthemoides,0.996
Enicurus velatus,Myophonus castaneus,0.996
Eooxylides tharis,Caleta elna,0.996
Erpis macularis,Eurrhyparodes tricoloralis,0.996
Erpis macularis,Hymenia perspectalis,0.996
Eudocima discrepans,Creatonotos gangis,0.996
Euplocia membliaria,Carriola thyridophora,0.996
Eurema laeta,Cepora aspasia,0.996
Eurema laeta,Delias henningia,0.996
Eurrhyparodes tricoloralis,Erpis macularis,0.996
Euryops chrysanthemoides,Emilia sonchifolia,0.996
Falco peregrinus,Echinaster luzonicus,0.996
Gargara projecta,Thalamita spinimana,0.996
Gasteracantha rubrospinis,Argiope modesta,0.996
Goniobranchus fidelis,Chromodoris willani,0.996
Hasarius adansoni,Oecophylla smaragdina,0.996
Hebomoia glaucippe,Cepora aspasia,0.996
Hebomoia glaucippe,Pareronia boebera,0.996
Heliconia psittacorum,Torenia crustacea,0.996
Hemicircus canente,Yungipicus canicapillus,0.996
Hemithea tritonaria,Hyposidra talaca,0.996
Hemithea tritonaria,Milionia coronifera,0.996
Hemixos cinereus,Hypsipetes leucocephalus,0.996
Hibiscus rosa-sinensis,Abutilon indicum,0.996
Hydrocotyle sibthorpioides,Actinostephanus haeckeli,0.996
Hydrocotyle sibthorpioides,Hemiscyllium freycineti,0.996
Hydrocotyle sibthorpioides,Portulaca oleracea,0.996
Hydrocotyle sibthorpioides,Thelenota anax,0.996
Hydrocotyle verticillata,Dundubia vaginata,0.996
Hymenia perspectalis,Erpis macularis,0.996
Hypolycaena sipylus,Deudorix epijarbas,0.996
Hyposidra talaca,Hemithea tritonaria,0.996
Hyposidra talaca,Idaea craspedota,0.996
Hypselodoris nigrostriata,Hypselodoris pulchella,0.996
Hypselodoris pulchella,Hypselodoris nigrostriata,0.996
Hypsipetes leucocephalus,Hemixos cinereus,0.996
Hypsipetes leucocephalus,Tricholestes criniger,0.996
Hypsipetes philippinus,Alophoixus bres,0.996
Hypsipetes philippinus,Pycnonotus simplex,0.996
Hypsipetes philippinus,Rubigula squamatus,0.996
Idaea craspedota,Hyposidra talaca,0.996
Junonia orithya,Neptis hylas,0.996
Laccoptera nepalensis,Aspidimorpha furcata,0.996
Lantana camara,Catharanthus roseus,0.996
Lebadea martha,Doleschallia bisaltide,0.996
Lethe minerva,Tanaecia palguna,0.996
Limnodromus semipalmatus,Calidris pygmaea,0.996
Logania marmorata,Eooxylides tharis,0.996
Logania marmorata,Petrelaea dana,0.996
Lophura ignita,Synoicus chinensis,0.996
Macaca mulatta,Pygathrix nemaeus,0.996
Macaca mulatta,Trachypithecus germaini,0.996
Macropygia ruficeps,Treron griseicauda,0.996
Meiglyptes tristis,Yungipicus canicapillus,0.996
Melanitis phedima,Yoma sabina,0.996
Milionia coronifera,Hemithea tritonaria,0.996
Monomorium destructor,Camponotus castanicola,0.996
Monomorium destructor,Odontomachus simillimus,0.996
Monomorium destructor,Polyrhachis bihamata,0.996
Myiomela sumatrana,Myophonus castaneus,0.996
Myiomela sumatrana,Myophonus melanurus,0.996
Myophonus castaneus,Enicurus velatus,0.996
Myophonus castaneus,Myiomela sumatrana,0.996
Myophonus melanurus,Myiomela sumatrana,0.996
Nembrotha milleri,Roboastra gracilis,0.996
Neoduma kuangtungensis,Carriola thyridophora,0.996
Neptis hylas,Junonia orithya,0.996
Neptis vikasi,Yoma sabina,0.996
Neurothemis intermedia,Orthetrum triangulare,0.996
Neurothemis terminata,Tetrathemis hyalina,0.996
Oecophylla smaragdina,Hasarius adansoni,0.996
Orchithemis pulcherrima,Zygonyx iris,0.996
Orthetrum pruinosum,Orthetrum triangulare,0.996
Orthetrum triangulare,Neurothemis intermedia,0.996
Orthetrum triangulare,Orthetrum pruinosum,0.996
Papilio helenus,Papilio iswara,0.996
Papilio iswara,Papilio helenus,0.996
Papilio palinurus,Papilio helenus,0.996
Parantica aglea,Yoma sabina,0.996
Pareronia boebera,Hebomoia glaucippe,0.996
Penthicodes atomaria,Pyrops coelestinus,0.996
Pergesa acteus,Cuphea hyssopifolia,0.996
Peridrome subfascia,Carriola thyridophora,0.996
Perna viridis,Carica papaya,0.996
Petrelaea dana,Caleta elna,0.996
Phanera similis,Tamarindus indica,0.996
Pityrogramma calomelanos,Adiantum trapeziforme,0.996
Polypedates otilophus,Rhacophorus pardalis,0.996
Polyura hebe,Cupha erymanthis,0.996
Polyura hebe,Dryas iulia,0.996
Poritia erycinoides,Remelana jangala,0.996
Pteridium aquilinum,Carica papaya,0.996
Pycnonotus brunneus,Alophoixus bres,0.996
Pycnonotus brunneus,Pycnonotus simplex,0.996
Pycnonotus brunneus,Rubigula squamatus,0.996
Pycnonotus finlaysoni,Pycnonotus flavescens,0.996
Pycnonotus flavescens,Pycnonotus finlaysoni,0.996
Pycnonotus simplex,Hypsipetes philippinus,0.996
Pycnonotus simplex,Pycnonotus brunneus,0.996
Pygathrix nemaeus,Macaca mulatta,0.996
Pyrops coelestinus,Penthicodes atomaria,0.996
Remelana jangala,Poritia erycinoides,0.996
Rhacophorus pardalis,Polypedates otilophus,0.996
Roboastra gracilis,Nembrotha milleri,0.996
Rubigula erythropthalmos,Alophoixus bres,0.996
Rubigula squamatus,Hypsipetes philippinus,0.996
Rubigula squamatus,Pycnonotus brunneus,0.996
Sagaminopteron psychedelicum,Kaloula baleata,0.996
Sagaminopteron psychedelicum,Tachypompilus analis,0.996
Sagaminopteron psychedelicum,Thelenota anax,0.996
Sagaminopteron psychedelicum,Thor amboinensis,0.996
Sagaminopteron psychedelicum,Tubuca paradussumieri,0.996
Sasia ochracea,Yungipicus canicapillus,0.996
Spatula clypeata,Anas luzonica,0.996
Surniculus lugubris,Cacomantis variolosus,0.996
Surniculus lugubris,Carpococcyx viridis,0.996
Synoicus chinensis,Lophura ignita,0.996
Tamarindus indica,Phanera similis,0.996
Tamba mnionomera,Dasychira chekiangensis,0.996
Tanaecia palguna,Lethe minerva,0.996
Tetrathemis hyalina,Neurothemis terminata,0.996
Thalamita spinimana,Gargara projecta,0.996
Torenia crustacea,Cuphea hyssopifolia,0.996
Torenia crustacea,Heliconia psittacorum,0.996
Trachypithecus germaini,Macaca mulatta,0.996
Treron griseicauda,Macropygia ruficeps,0.996
Tricholestes criniger,Hypsipetes leucocephalus,0.996
Trichonephila clavata,Cyclosa bulla,0.996
Trichonephila clavata,Cyclosa insulana,0.996
Turdus cardis,Turdus dissimilis,0.996
Turdus chrysolaus,Zoothera aurea,0.996
Turdus dissimilis,Turdus cardis,0.996
Ugia serrilinea,Carriola thyridophora,0.996
Yoma sabina,Melanitis phedima,0.996
Yoma sabina,Neptis vikasi,0.996
Yoma sabina,Parantica aglea,0.996
Yungipicus canicapillus,Chrysocolaptes guttacristatus,0.996
Yungipicus canicapillus,Hemicircus canente,0.996
Yungipicus canicapillus,Meiglyptes tristis,0.996
Yungipicus canicapillus,Sasia ochracea,0.996
Zinnia elegans,Bidens pilosa,0.996
Zizula hylax,Arhopala centaurus,0.996
Zoothera aurea,Turdus chrysolaus,0.996
Zygonyx iris,Orchithemis pulcherrima,0.996
Acrostichum aureum,Pityrogramma calomelanos,0.995
Agrionoptera insignis,Cratilla metallica,0.995
Anacardium occidentale,Anas gibberifrons,0.995
Anas gibberifrons,Anacardium occidentale,0.995
Annona squamosa,Kalanchoe pinnata,0.995
Appias nephele,Hebomoia glaucippe,0.995
Arborophila rubrirostris,Lophura inornata,0.995
Ariadne ariadne,Elymnias panthera,0.995
Ariadne ariadne,Lexias pardalis,0.995
Aspidimorpha furcata,Silana farinosa,0.995
Bactrocera hochii,Crithagra atrogularis,0.995
Belenois java,Catopsilia scylla,0.995
Breynia androgyna,Sagaminopteron psychedelicum,0.995
Butastur liventer,Circus melanoleucos,0.995
Butastur liventer,Circus spilonotus,0.995
Caleta elna,Tajuria dominus,0.995
Camacinia gigantea,Neurothemis terminata,0.995
Catopsilia scylla,Belenois java,0.995
Catopyrops ancyra,Caleta elna,0.995
Catopyrops ancyra,Logania marmorata,0.995
Chalciope mygdon,Dasychira chekiangensis,0.995
Chalciope mygdon,Olene mendosa,0.995
Charybdis feriata,Leptocentrus taurus,0.995
Chilasa clytia,Troides aeacus,0.995
Chromodoris alcalai,Goniobranchus fidelis,0.995
Chromodoris alcalai,Mexichromis trilineata,0.995
Circus melanoleucos,Butastur liventer,0.995
Circus spilonotus,Butastur liventer,0.995
Coeliccia chromothorax,Prodasineura autumnalis,0.995
Coeliccia poungyi,Prodasineura autumnalis,0.995
Cratilla metallica,Agrionoptera insignis,0.995
Cratilla metallica,Rhodothemis rufa,0.995
Cratilla metallica,Tyriobapta torrida,0.995
Cratilla metallica,Urothemis signata,0.995
Crithagra atrogularis,Bactrocera hochii,0.995
Cupha erymanthis,Dryas iulia,0.995
Cupha erymanthis,Lasippa tiga,0.995
Cupha erymanthis,Terinos terpander,0.995
Cyana pudens,Neoduma kuangtungensis,0.995
Cyclosa insulana,Eriovixia excelsa,0.995
Cyrtophora cylindroides,Macracantha arcuata,0.995
Danaus genutia,Mycalesis perseus,0.995
Danaus melanippus,Mycalesis aramis,0.995
Danaus melanippus,Mycalesis ita,0.995
Dasychira chekiangensis,Chalciope mygdon,0.995
Dasychira chekiangensis,Olene mendosa,0.995
Delias agostina,Delias descombesi,0.995
Delias descombesi,Delias agostina,0.995
Dendrocitta occipitalis,Actinostephanus haeckeli,0.995
Dendrocitta occipitalis,Lophyra fuliginosa,0.995
Dendrocitta occipitalis,Portulaca oleracea,0.995
Dendrocitta occipitalis,Scelimena producta,0.995
Dendrocitta occipitalis,Tirachoidea biceps,0.995
Dendrocopos analis,Chrysocolaptes guttacristatus,0.995
Dendrocopos analis,Meiglyptes tristis,0.995
Dendrocopos analis,Yungipicus canicapillus,0.995
Dinopium javanense,Sasia ochracea,0.995
Dinopium javanense,Yungipicus canicapillus,0.995
Dryas iulia,Cupha erymanthis,0.995
Elephantopus mollis,Praxelis clematidea,0.995
Enicurus velatus,Myophonus melanurus,0.995
Eriovixia excelsa,Cyclosa insulana,0.995
Erpis macularis,Herpetogramma rudis,0.995
Erpis macularis,Parapoynx diminutalis,0.995
Euagoras sordidatus,Horornis flavolivaceus,0.995
Euagoras sordidatus,Pericrocotus cinnamomeus,0.995
Euagoras sordidatus,Sagra femorata,0.995
Euagoras sordidatus,Subulina octona,0.995
Euagoras sordidatus,Varuna litterata,0.995
Euplocia membliaria,Peridrome subfascia,0.995
Euplocia membliaria,Ugia serrilinea,0.995
Euploea radamanthus,Ideopsis gaura,0.995
Euploea radamanthus,Tirumala septentrionis,0.995
Eurrhyparodes tricoloralis,Herpetogramma rudis,0.995
Eurrhyparodes tricoloralis,Hymenia perspectalis,0.995
Feihyla kajau,Rhacophorus pardalis,0.995
Ficedula albicilla,Myophonus caeruleus,0.995
Geokichla cinerea,Zoothera aurea,0.995
Gesonula mundata,Oxya intricata,0.995
Gesonula mundata,Traulia azureipennis,0.995
Goniobranchus fidelis,Chromodoris alcalai,0.995
Gonophora pulchella,Laccoptera nepalensis,0.995
Graphium xenocles,Troides helena,0.995
Hebomoia glaucippe,Appias nephele,0.995
Hellula undalis,Maruca vitrata,0.995
Hellula undalis,Omiodes diemenalis,0.995
Herpetogramma rudis,Erpis macularis,0.995
Herpetogramma rudis,Eurrhyparodes tricoloralis,0.995
Herpetogramma rudis,Parapoynx diminutalis,0.995
Hyllus walckenaeri,Menemerus nigli,0.995
Hymenia perspectalis,Eurrhyparodes tricoloralis,0.995
Hypolycaena sipylus,Rapala cowani,0.995
Hyposidra aquilaria,Hyposidra talaca,0.995
Hyposidra talaca,Hyposidra aquilaria,0.995
Hypselodoris tryoni,Mexichromis trilineata,0.995
Ideopsis gaura,Euploea radamanthus,0.995
Indigofera linnaei,Mimosa pigra,0.995
Indigofera linnaei,Sesbania grandiflora,0.995
Junonia hierta,Euploea core,0.995
Junonia hierta,Parantica melaneus,0.995
Junonia hierta,Tanaecia lepidea,0.995
Junonia hierta,Vanessa indica,0.995
Junonia hierta,Vindula erota,0.995
Junonia lemonias,Kallima sylvia,0.995
Kallima sylvia,Junonia lemonias,0.995
Ketupa ketupu,Otus sagittatus,0.995
Laccoptera nepalensis,Gonophora pulchella,0.995
Lasippa tiga,Cupha erymanthis,0.995
Leptocentrus taurus,Charybdis feriata,0.995
Lethe manthara,Melanitis phedima,0.995
Lethe manthara,Neptis vikasi,0.995
Lethe manthara,Parantica aglea,0.995
Lethe minerva,Telchinia issoria,0.995
Libythea narina,Junonia hierta,0.995
Limnonectes kuhlii,Limnonectes microdiscus,0.995
Limnonectes microdiscus,Limnonectes kuhlii,0.995
Logania marmorata,Tajuria dominus,0.995
Lophura inornata,Arborophila rubrirostris,0.995
Macaria abydata,Milionia coronifera,0.995
Macracantha arcuata,Cyrtophora cylindroides,0.995
Maruca vitrata,Hellula undalis,0.995
Matapa aria,Taractrocera archias,0.995
Menemerus nigli,Hyllus walckenaeri,0.995
Mexichromis trilineata,Chromodoris alcalai,0.995
Mexichromis trilineata,Hypselodoris tryoni,0.995
Milionia coronifera,Macaria abydata,0.995
Mimosa pigra,Indigofera linnaei,0.995
Mycalesis aramis,Danaus melanippus,0.995
Mycalesis ita,Danaus melanippus,0.995
Mycalesis perseus,Danaus genutia,0.995
Myophonus caeruleus,Ficedula albicilla,0.995
Myophonus melanurus,Enicurus velatus,0.995
Nembrotha cristata,Roboastra gracilis,0.995
Neurothemis terminata,Camacinia gigantea,0.995
Neurothemis terminata,Orchithemis pulcherrima,0.995
Oecophylla smaragdina,Pycnonotus goiavier,0.995
Olene mendosa,Chalciope mygdon,0.995
Olene mendosa,Dasychira chekiangensis,0.995
Omiodes diemenalis,Hellula undalis,0.995
Orchithemis pulcherrima,Neurothemis terminata,0.995
Otus sagittatus,Ketupa ketupu,0.995
Oxya intricata,Gesonula mundata,0.995
Papilio palinurus,Graphium evemon,0.995
Papilio palinurus,Lamproptera curius,0.995
Parapoynx diminutalis,Erpis macularis,0.995
Parapoynx diminutalis,Herpetogramma rudis,0.995
Peridrome subfascia,Euplocia membliaria,0.995
Persicaria barbata,Phyllodesmium briareum,0.995
Phaedyma columella,Ariadne ariadne,0.995
Physomerus grossipes,Pseudopachybrachius guttus,0.995
Pityrogramma calomelanos,Acrostichum aureum,0.995
Polypedates megacephalus,Rhacophorus pardalis,0.995
Praxelis clematidea,Elephantopus mollis,0.995
Prodasineura autumnalis,Coeliccia chromothorax,0.995
Prodasineura autumnalis,Coeliccia poungyi,0.995
Pseudopachybrachius guttus,Physomerus grossipes,0.995
Pycnonotus blanfordi,Pycnonotus flavescens,0.995
Pycnonotus flavescens,Pycnonotus blanfordi,0.995
Pycnonotus goiavier,Oecophylla smaragdina,0.995
Pycnonotus plumosus,Rubigula erythropthalmos,0.995
Pycnonotus simplex,Rubigula squamatus,0.995
Ragadia luzonia,Zethera musa,0.995
Rapala cowani,Hypolycaena sipylus,0.995
Rhacophorus pardalis,Feihyla kajau,0.995
Rhacophorus pardalis,Polypedates megacephalus,0.995
Rhodothemis rufa,Cratilla metallica,0.995
Roboastra gracilis,Nembrotha cristata,0.995
Rubigula squamatus,Pycnonotus simplex,0.995
Sasia ochracea,Dinopium javanense,0.995
Sesbania grandiflora,Indigofera linnaei,0.995
Silana farinosa,Aspidimorpha furcata,0.995
Tajuria dominus,Caleta elna,0.995
Taractrocera archias,Matapa aria,0.995
Terinos terpander,Cupha erymanthis,0.995
Tirumala septentrionis,Euploea radamanthus,0.995
Trachypithecus delacouri,Trachypithecus germaini,0.995
Trachypithecus germaini,Trachypithecus delacouri,0.995
Traulia azureipennis,Gesonula mundata,0.995
Tringa nebularia,Calidris pygmaea,0.995
Troides aeacus,Chilasa clytia,0.995
Troides helena,Graphium xenocles,0.995
Turdus obscurus,Zoothera aurea,0.995
Tyriobapta torrida,Cratilla metallica,0.995
Ugia serrilinea,Euplocia membliaria,0.995
Urothemis signata,Cratilla metallica,0.995
Yungipicus canicapillus,Dinopium javanense,0.995
Zeltus amasa,Logania marmorata,0.995
Zethera musa,Ragadia luzonia,0.995
Zoothera aurea,Geokichla cinerea,0.995
Zoothera aurea,Turdus obscurus,0.995
Acridotheres grandis,Gracupica nigricollis,0.994
Acrocephalus bistrigiceps,Iduna aedon,0.994
Aquila clanga,Aviceda leuphotes,0.994
Areas galactina,Euplocia membliaria,0.994
Argiope modesta,Thelacantha brevispina,0.994
Argyreia scortechinii,Ipomoea hederifolia,0.994
Arisaema garrettii,Syngonium podophyllum,0.994
Aviceda leuphotes,Aquila clanga,0.994
Bactrocera hochii,Caprimulgus macrurus,0.994
Breynia androgyna,Dendrocitta occipitalis,0.994
Broussonetia papyrifera,Ficus caulocarpa,0.994
Caprimulgus macrurus,Bactrocera hochii,0.994
Carriola thyridophora,Cyana pudens,0.994
Catopyrops ancyra,Hypolycaena thecloides,0.994
Celosia argentea,Motacilla alba,0.994
Celosia argentea,Solenopsis geminata,0.994
Ceratopteris thalictroides,Pityrogramma calomelanos,0.994
Ceriagrion cerinorubellum,Pseudagrion pruinosum,0.994
Chalybion bengalense,Nola pumila,0.994
Chilasa clytia,Pachliopta aristolochiae,0.994
Circus melanoleucos,Circus spilonotus,0.994
Circus spilonotus,Circus melanoleucos,0.994
Cyana pudens,Carriola thyridophora,0.994
Cytaea oreophila,Hyllus diardi,0.994
Danaus melanippus,Ragadia luzonia,0.994
Dasychira chekiangensis,Ischnura senegalensis,0.994
Delonix regia,Derris trifoliata,0.994
Dendrocopos analis,Sasia ochracea,0.994
Derris trifoliata,Delonix regia,0.994
Derris trifoliata,Gliricidia sepium,0.994
Echinometra mathaei,Archaster typicus,0.994
Echinometra mathaei,Canis lupus,0.994
Echinometra mathaei,Leptocoris vicinus,0.994
Echinometra mathaei,Physalia physalis,0.994
Echinometra mathaei,Tradescantia zebrina,0.994
Eurema laeta,Hebomoia glaucippe,0.994
Ficus caulocarpa,Broussonetia papyrifera,0.994
Gallus varius,Lophura inornata,0.994
Gesonula mundata,Xenocatantops humilis,0.994
Gliricidia sepium,Derris trifoliata,0.994
Goniobranchus fidelis,Hypselodoris tryoni,0.994
Gracupica nigricollis,Acridotheres grandis,0.994
Graphium xenocles,Troides aeacus,0.994
Hebomoia glaucippe,Eurema laeta,0.994
Heterometrus spinifer,Mecopoda stridulata,0.994
Hyllus diardi,Cytaea oreophila,0.994
Hylobates lar,Sitta frontalis,0.994
Hymenia perspectalis,Parapoynx diminutalis,0.994
Hypselodoris tryoni,Goniobranchus fidelis,0.994
Iduna aedon,Acrocephalus bistrigiceps,0.994
Ipomoea hederifolia,Argyreia scortechinii,0.994
Ischnura senegalensis,Dasychira chekiangensis,0.994
Ketupa ketupu,Otus sunia,0.994
Lanius collurioides,Oriolus xanthornus,0.994
Libythea narina,Euploea sylvester,0.994
Lophura inornata,Gallus varius,0.994
Luthrodes pandava,Zizula hylax,0.994
Macrodiplax cora,Orthetrum serapia,0.994
Macrodiplax cora,Raphismia bispina,0.994
Marcius longirostris,Talinum paniculatum,0.994
Mecopoda stridulata,Heterometrus spinifer,0.994
Megisba malaya,Nacaduba angusta,0.994
Merops philippinus,Nephila pilipes,0.994
Mimosa diplotricha,Mimosa pigra,0.994
Mimosa pigra,Mimosa diplotricha,0.994
Motacilla alba,Celosia argentea,0.994
Mycalesis ita,Ypthima stellera,0.994
Nacaduba angusta,Megisba malaya,0.994
Nephila pilipes,Merops philippinus,0.994
Nola pumila,Chalybion bengalense,0.994
Olene mendosa,Tamba mnionomera,0.994
Oriolus xanthornus,Lanius collurioides,0.994
Orthetrum serapia,Macrodiplax cora,0.994
Orthetrum serapia,Raphismia bispina,0.994
Otus sunia,Ketupa ketupu,0.994
Pachliopta aristolochiae,Chilasa clytia,0.994
Pachliopta aristolochiae,Troides helena,0.994
Parapoynx diminutalis,Hymenia perspectalis,0.994
Pelopidas agna,Pirdana distanti,0.994
Pelopidas mathias,Pyroneura latoia,0.994
Persicaria barbata,Hemiscyllium freycineti,0.994
Persicaria barbata,Lophyra fuliginosa,0.994
Persicaria barbata,Selaginella kraussiana,0.994
Persicaria barbata,Suncus murinus,0.994
Phaedyma columella,Mycalesis mineus,0.994
Pirdana distanti,Pelopidas agna,0.994
Pityrogramma calomelanos,Ceratopteris thalictroides,0.994
Polyalthia longifolia,Eunice aphroditois,0.994
Polyalthia longifolia,Hapalochlaena lunulata,0.994
Polyalthia longifolia,Plumbago auriculata,0.994
Polyalthia longifolia,Siphonaria sipho,0.994
Polyalthia longifolia,Zoanthus sansibaricus,0.994
Polyura athamas,Junonia hierta,0.994
Praxelis clematidea,Xanthium strumarium,0.994
Pseudagrion pruinosum,Ceriagrion cerinorubellum,0.994
Pyroneura latoia,Pelopidas mathias,0.994
Pyroneura latoia,Udaspes folus,0.994
Ragadia luzonia,Danaus melanippus,0.994
Rapala cowani,Spalgis epius,0.994
Raphismia bispina,Macrodiplax cora,0.994
Raphismia bispina,Orthetrum serapia,0.994
Sitta frontalis,Hylobates lar,0.994
Solenopsis geminata,Celosia argentea,0.994
Spalgis epius,Rapala cowani,0.994
Streptopelia tranquebarica,Treron griseicauda,0.994
Syngonium podophyllum,Arisaema garrettii,0.994
Talinum paniculatum,Marcius longirostris,0.994
Tamba mnionomera,Olene mendosa,0.994
Tanaecia palguna,Lethe manthara,0.994
Tanaecia palguna,Telchinia issoria,0.994
Tanaecia palguna,Yoma sabina,0.994
Thelacantha brevispina,Argiope modesta,0.994
Treron griseicauda,Streptopelia tranquebarica,0.994
Tringa nebularia,Calidris falcinellus,0.994
Tringa nebularia,Numenius arquata,0.994
Tringa nebularia,Tringa erythropus,0.994
Troides aeacus,Graphium xenocles,0.994
Troides helena,Pachliopta aristolochiae,0.994
Turdus dissimilis,Turdus obscurus,0.994
Turdus obscurus,Turdus dissimilis,0.994
Udaspes folus,Pyroneura latoia,0.994
Xanthium strumarium,Praxelis clematidea,0.994
Xenocatantops humilis,Gesonula mundata,0.994
Ypthima stellera,Mycalesis ita,0.994
Zizula hylax,Luthrodes pandava,0.994
Acridotheres grandis,Gracupica contra,0.993
Acridotheres javanicus,Odontomantis planiceps,0.993
Acrocephalus bistrigiceps,Acrocephalus tangorum,0.993
Acrocephalus tangorum,Acrocephalus bistrigiceps,0.993
Actitis hypoleucos,Oecophylla smaragdina,0.993
Aerodramus fuciphagus,Cypsiurus balasiensis,0.993
Amplypterus panopus,Meganoton nyctiphanes,0.993
Anas luzonica,Cairina moschata,0.993
Annona squamosa,Gymnosporia mekongensis,0.993
Annona squamosa,Melithaea ochracea,0.993
Annona squamosa,Nelumbo nucifera,0.993
Annona squamosa,Tetrameles nudiflora,0.993
Antigonon leptopus,Dundubia vaginata,0.993
Aquila clanga,Butastur liventer,0.993
Aquila clanga,Circus spilonotus,0.993
Areas galactina,Carriola thyridophora,0.993
Arhopala centaurus,Jamides celeno,0.993
Asota caricae,Asota plana,0.993
Asota plana,Asota caricae,0.993
Butastur liventer,Aquila clanga,0.993
Cairina moschata,Anas luzonica,0.993
Callosciurus caniceps,Sundasciurus tenuis,0.993
Camacinia gigantea,Zygonyx iris,0.993
Caprimulgus jotaka,Chloris monguilloti,0.993
Castalius rosimon,Hypolycaena sipylus,0.993
Castalius rosimon,Spalgis epius,0.993
Catopyrops ancyra,Petrelaea dana,0.993
Cethosia hypsea,Euploea radamanthus,0.993
Chalciope mygdon,Rhesala imparata,0.993
Chloris monguilloti,Caprimulgus jotaka,0.993
Circus spilonotus,Aquila clanga,0.993
Crescentia cujete,Pemphis acidula,0.993
Cyana pudens,Areas galactina,0.993
Cyana pudens,Peridrome subfascia,0.993
Cypsiurus balasiensis,Aerodramus fuciphagus,0.993
Danaus melanippus,Ypthima stellera,0.993
Dendrocopos analis,Dinopium javanense,0.993
Dundubia vaginata,Antigonon leptopus,0.993
Eriovixia excelsa,Trichonephila clavata,0.993
Eumyias panayensis,Muscicapa griseisticta,0.993
Eumyias thalassinus,Ficedula albicilla,0.993
Eumyias thalassinus,Myophonus caeruleus,0.993
Eumyias thalassinus,Niltava grandis,0.993
Euphaea refulgens,Pseudopachybrachius guttus,0.993
Euploea radamanthus,Cethosia hypsea,0.993
Feihyla kajau,Polypedates otilophus,0.993
Ficedula albicilla,Eumyias thalassinus,0.993
Fimbriaphyllia ancora,Fimbriaphyllia yaeyamaensis,0.993
Fimbriaphyllia yaeyamaensis,Fimbriaphyllia ancora,0.993
Goniobranchus geminus,Hypselodoris nigrostriata,0.993
Gracupica contra,Acridotheres grandis,0.993
Heteropoda venatoria,Leucauge fastigata,0.993
Hypolycaena sipylus,Castalius rosimon,0.993
Hyposidra aquilaria,Macaria abydata,0.993
Hypselodoris nigrostriata,Goniobranchus geminus,0.993
Idaea craspedota,Milionia coronifera,0.993
Impatiens balsamina,Impatiens walleriana,0.993
Impatiens walleriana,Impatiens balsamina,0.993
Indigofera hirsuta,Mimosa diplotricha,0.993
Ischnura senegalensis,Rhesala imparata,0.993
Jamides celeno,Arhopala centaurus,0.993
Jamides celeno,Zizula hylax,0.993
Ketupa ketupu,Otus mantananensis,0.993
Lasippa tiga,Ypthima baldus,0.993
Leucauge fastigata,Heteropoda venatoria,0.993
Libythea narina,Euploea core,0.993
Libythea narina,Tanaecia lepidea,0.993
Libythea narina,Vindula erota,0.993
Macaria abydata,Hyposidra aquilaria,0.993
Meganoton nyctiphanes,Amplypterus panopus,0.993
Milionia coronifera,Idaea craspedota,0.993
Mimosa diplotricha,Indigofera hirsuta,0.993
Motacilla alba,Solenopsis geminata,0.993
Muscicapa griseisticta,Eumyias panayensis,0.993
Mycalesis gotama,Junonia hierta,0.993
Myophonus caeruleus,Eumyias thalassinus,0.993
Nepenthes tobaica,Rhacophorus reinwardtii,0.993
Niltava grandis,Eumyias thalassinus,0.993
Odontomantis planiceps,Acridotheres javanicus,0.993
Oecophylla smaragdina,Actitis hypoleucos,0.993
Oecophylla smaragdina,Passer montanus,0.993
Oecophylla smaragdina,Periplaneta americana,0.993
Otus mantananensis,Ketupa ketupu,0.993
Otus sagittatus,Otus sunia,0.993
Otus sunia,Otus sagittatus,0.993
Oxalis corniculata,Oxalis debilis,0.993
Oxalis debilis,Oxalis corniculata,0.993
Oxyopes macilentus,Asplenium nidus,0.993
Oxyopes macilentus,Chalia pulchra,0.993
Oxyopes macilentus,Crepidotus boninensis,0.993
Oxyopes macilentus,Cymbirhynchus macrorhynchos,0.993
Oxyopes macilentus,Tephrodornis virgatus,0.993
Passer montanus,Oecophylla smaragdina,0.993
Pemphis acidula,Crescentia cujete,0.993
Pergesa acteus,Torenia crustacea,0.993
Pericrocotus ethologus,Pericrocotus roseus,0.993
Pericrocotus roseus,Pericrocotus ethologus,0.993
Pericrocotus roseus,Pericrocotus speciosus,0.993
Pericrocotus speciosus,Pericrocotus roseus,0.993
Periplaneta americana,Oecophylla smaragdina,0.993
Phaedyma columella,Vindula deione,0.993
Phylloscopus borealis,Phylloscopus coronatus,0.993
Phylloscopus coronatus,Phylloscopus borealis,0.993
Polypedates otilophus,Feihyla kajau,0.993
Polyura athamas,Parantica melaneus,0.993
Polyura athamas,Tanaecia lepidea,0.993
Polyura athamas,Vanessa indica,0.993
Polyura athamas,Vindula erota,0.993
Pseudopachybrachius guttus,Euphaea refulgens,0.993
Pycnonotus plumosus,Hypsipetes philippinus,0.993
Pycnonotus plumosus,Pycnonotus brunneus,0.993
Pygathrix nemaeus,Trachypithecus germaini,0.993
Rhacophorus reinwardtii,Nepenthes tobaica,0.993
Rhesala imparata,Chalciope mygdon,0.993
Rhesala imparata,Ischnura senegalensis,0.993
Solenopsis geminata,Motacilla alba,0.993
Spalgis epius,Castalius rosimon,0.993
Sundasciurus tenuis,Callosciurus caniceps,0.993
Sundasciurus tenuis,Tamiops mcclellandii,0.993
Tamiops mcclellandii,Sundasciurus tenuis,0.993
Tanaecia palguna,Neptis vikasi,0.993
Terinos terpander,Ypthima baldus,0.993
Torenia crustacea,Pergesa acteus,0.993
Trachypithecus germaini,Pygathrix nemaeus,0.993
Trichonephila clavata,Eriovixia excelsa,0.993
Tringa nebularia,Limosa limosa,0.993
Turdus cardis,Zoothera aurea,0.993
Ypthima baldus,Lasippa tiga,0.993
Ypthima baldus,Terinos terpander,0.993
Ypthima stellera,Danaus melanippus,0.993
Zizula hylax,Jamides celeno,0.993
Zoothera aurea,Turdus cardis,0.993
Zosterops simplex,Clausena excavata,0.993
Zosterops simplex,Glareola maldivarum,0.993
Zosterops simplex,Iris domestica,0.993
Zosterops simplex,Lyssa zampa,0.993
Zosterops simplex,Tragulus kanchil,0.993
Zygonyx iris,Camacinia gigantea,0.993
Acraea terpsicore,Junonia orithya,0.992
Acridotheres grandis,Spodiopsar cineraceus,0.992
Actias maenas,Megalurus palustris,0.992
Actitis hypoleucos,Lissachatina fulica,0.992
Aerides quinquevulnera,Liparis condylobulbon,0.992
Agrionoptera insignis,Hydrobasileus croceus,0.992
Alophoixus bres,Pycnonotus plumosus,0.992
Alophoixus bres,Pycnonotus simplex,0.992
Amata huebneri,Olene mendosa,0.992
Amplypterus panopus,Macroglossum sitiene,0.992
Anas platyrhynchos,Spatula clypeata,0.992
Anepsion maritatum,Poltys illepidus,0.992
Arhopala epimuta,Nacaduba angusta,0.992
Athene brama,Strix seloputo,0.992
Bactrocera dorsalis,Caprimulgus jotaka,0.992
Bactrocera dorsalis,Chloris monguilloti,0.992
Bauhinia purpurea,Senna occidentalis,0.992
Blumea balsamifera,Praxelis clematidea,0.992
Bohadschia argus,Holothuria atra,0.992
Bohadschia argus,Pearsonothuria graeffei,0.992
Breynia androgyna,Mecardonia procumbens,0.992
Breynia androgyna,Odontodactylus scyllarus,0.992
Breynia androgyna,Panulirus versicolor,0.992
Caprimulgus jotaka,Bactrocera dorsalis,0.992
Cerynia albata,Lanius collurioides,0.992
Chalciope mygdon,Tamba mnionomera,0.992
Chloris monguilloti,Bactrocera dorsalis,0.992
Coeliccia poungyi,Onychargia atrocyana,0.992
Culicicapa helianthea,Echinothrix diadema,0.992
Danaus chrysippus,Euthalia monina,0.992
Dillenia suffruticosa,Tetracera indica,0.992
Echinothrix diadema,Culicicapa helianthea,0.992
Eudocima discrepans,Asota plaginota,0.992
Euthalia monina,Danaus chrysippus,0.992
Gallicrex cinerea,Porzana pusilla,0.992
Gargara projecta,Manilkara zapota,0.992
Graphium xenocles,Pachliopta aristolochiae,0.992
Hemithea tritonaria,Hyposidra aquilaria,0.992
Holothuria atra,Bohadschia argus,0.992
Hydrobasileus croceus,Agrionoptera insignis,0.992
Hydrobasileus croceus,Rhodothemis rufa,0.992
Hydrobasileus croceus,Tyriobapta torrida,0.992
Hydrobasileus croceus,Urothemis signata,0.992
Hyposidra aquilaria,Hemithea tritonaria,0.992
Hyposidra aquilaria,Idaea craspedota,0.992
Hyposidra aquilaria,Milionia coronifera,0.992
Idaea craspedota,Hyposidra aquilaria,0.992
Ischnura senegalensis,Tamba mnionomera,0.992
Jamides celeno,Luthrodes pandava,0.992
Junonia orithya,Acraea terpsicore,0.992
Lanius collurioides,Cerynia albata,0.992
Leucauge argentina,Tylorida ventralis,0.992
Liparis condylobulbon,Aerides quinquevulnera,0.992
Lissachatina fulica,Actitis hypoleucos,0.992
Lissachatina fulica,Macaca fascicularis,0.992
Lissachatina fulica,Passer montanus,0.992
Lissachatina fulica,Periplaneta americana,0.992
Lophura ignita,Polyplectron malacense,0.992
Luthrodes pandava,Jamides celeno,0.992
Macaca fascicularis,Lissachatina fulica,0.992
Macroglossum sitiene,Amplypterus panopus,0.992
Manilkara zapota,Gargara projecta,0.992
Megalurus palustris,Actias maenas,0.992
Milionia coronifera,Hyposidra aquilaria,0.992
Nacaduba angusta,Arhopala epimuta,0.992
Nacaduba angusta,Remelana jangala,0.992
Ocimum tenuiflorum,Tectona grandis,0.992
Olene mendosa,Amata huebneri,0.992
Onychargia atrocyana,Coeliccia poungyi,0.992
Otus mantananensis,Otus sagittatus,0.992
Otus sagittatus,Otus mantananensis,0.992
Pachliopta aristolochiae,Graphium xenocles,0.992
Parantica agleoides,Ypthima baldus,0.992
Passer montanus,Lissachatina fulica,0.992
Pearsonothuria graeffei,Bohadschia argus,0.992
Periplaneta americana,Lissachatina fulica,0.992
Poltys illepidus,Anepsion maritatum,0.992
Polyplectron malacense,Lophura ignita,0.992
Porzana pusilla,Gallicrex cinerea,0.992
Praxelis clematidea,Blumea balsamifera,0.992
Pycnonotus plumosus,Alophoixus bres,0.992
Pycnonotus plumosus,Rubigula squamatus,0.992
Pycnonotus simplex,Alophoixus bres,0.992
Remelana jangala,Nacaduba angusta,0.992
Rhodothemis rufa,Hydrobasileus croceus,0.992
Rubigula squamatus,Pycnonotus plumosus,0.992
Schleichera oleosa,Seemannia sylvatica,0.992
Seemannia sylvatica,Schleichera oleosa,0.992
Senna occidentalis,Bauhinia purpurea,0.992
Spatula clypeata,Anas platyrhynchos,0.992
Spodiopsar cineraceus,Acridotheres grandis,0.992
Strix seloputo,Athene brama,0.992
Tamba mnionomera,Chalciope mygdon,0.992
Tamba mnionomera,Ischnura senegalensis,0.992
Tectona grandis,Ocimum tenuiflorum,0.992
Tetracera indica,Dillenia suffruticosa,0.992
Traulia azureipennis,Xenocatantops humilis,0.992
Turdus chrysolaus,Turdus obscurus,0.992
Turdus dissimilis,Zoothera aurea,0.992
Turdus obscurus,Turdus chrysolaus,0.992
Tylorida ventralis,Leucauge argentina,0.992
Tyriobapta torrida,Hydrobasileus croceus,0.992
Urothemis signata,Hydrobasileus croceus,0.992
Xenocatantops humilis,Traulia azureipennis,0.992
Ypthima baldus,Parantica agleoides,0.992
Zoothera aurea,Turdus dissimilis,0.992
Abrus precatorius,Butea monosperma,0.991
Ajuga macrosperma,Clerodendrum japonicum,0.991
Amathusia phidippus,Hypolimnas anomala,0.991
Anas gibberifrons,Euagoras sordidatus,0.991
Ardea alba,Egretta sacra,0.991
Argyreia scortechinii,Xenostegia tridentata,0.991
Arhopala epimuta,Remelana jangala,0.991
Asystasia intrusa,Tridax procumbens,0.991
Averrhoa carambola,Oxalis debilis,0.991
Baphia nitida,Cassia fistula,0.991
Basella alba,Carcharhinus melanopterus,0.991
Butea monosperma,Abrus precatorius,0.991
Cacatua goffiniana,Psittacula longicauda,0.991
Carcharhinus melanopterus,Basella alba,0.991
Carcharhinus melanopterus,Dipteris conjugata,0.991
Carcharhinus melanopterus,Lalage nigra,0.991
Cassia fistula,Baphia nitida,0.991
Catopyrops ancyra,Eooxylides tharis,0.991
Cerynia albata,Onomarchus uninotatus,0.991
Chloris monguilloti,Radianthus magnifica,0.991
Clerodendrum japonicum,Ajuga macrosperma,0.991
Clerodendrum japonicum,Ocimum tenuiflorum,0.991
Dipteris conjugata,Carcharhinus melanopterus,0.991
Dryas iulia,Ypthima baldus,0.991
Egretta sacra,Ardea alba,0.991
Euphorbia bokorensis,Euphorbia pulcherrima,0.991
Euphorbia hirta,Pontederia crassipes,0.991
Euphorbia pulcherrima,Euphorbia bokorensis,0.991
Geokichla cinerea,Turdus chrysolaus,0.991
Hidari irava,Matapa aria,0.991
Horridipamera nietneri,Leptoglossus gonagra,0.991
Hypolimnas anomala,Amathusia phidippus,0.991
Indigofera hirsuta,Mimosa pigra,0.991
Indigofera hirsuta,Sesbania grandiflora,0.991
Jatropha curcas,Jatropha gossypiifolia,0.991
Jatropha gossypiifolia,Jatropha curcas,0.991
Lalage nigra,Carcharhinus melanopterus,0.991
Leptoglossus gonagra,Horridipamera nietneri,0.991
Leptoglossus gonagra,Scytodes pallida,0.991
Leucauge fastigata,Todiramphus chloris,0.991
Libellago phaethon,Rhinocypha humeralis,0.991
Lissachatina fulica,Pycnonotus goiavier,0.991
Marcius longirostris,Odontodactylus scyllarus,0.991
Marcius longirostris,Rorippa indica,0.991
Marcius longirostris,Salvinia minima,0.991
Marcius longirostris,Scelimena producta,0.991
Matapa aria,Hidari irava,0.991
Mimosa pigra,Indigofera hirsuta,0.991
Mycalesis aramis,Ypthima stellera,0.991
Mycalesis aramis,Zethera musa,0.991
Mycalesis ita,Zethera musa,0.991
Nepenthes tobaica,Scytodes fusca,0.991
Ocimum tenuiflorum,Clerodendrum japonicum,0.991
Onomarchus uninotatus,Cerynia albata,0.991
Otus lettia,Otus mantananensis,0.991
Otus mantananensis,Otus lettia,0.991
Oxalis barrelieri,Cryptotympana acuta,0.991
Oxalis debilis,Averrhoa carambola,0.991
Oxya intricata,Xenocatantops humilis,0.991
Pelopidas agna,Taractrocera archias,0.991
Penthicodes farinosa,Pyrops candelaria,0.991
Phaedyma columella,Mycalesis perseoides,0.991
Phaedyma columella,Parathyma reta,0.991
Polypedates megacephalus,Polypedates otilophus,0.991
Polypedates otilophus,Polypedates megacephalus,0.991
Polyura hebe,Ypthima baldus,0.991
Pontederia crassipes,Euphorbia hirta,0.991
Psittacula longicauda,Cacatua goffiniana,0.991
Pycnonotus goiavier,Lissachatina fulica,0.991
Pyrops candelaria,Penthicodes farinosa,0.991
Radianthus magnifica,Chloris monguilloti,0.991
Ragadia luzonia,Ypthima stellera,0.991
Remelana jangala,Arhopala epimuta,0.991
Rhacophorus reinwardtii,Persicaria barbata,0.991
Rhacophorus reinwardtii,Phyllodesmium briareum,0.991
Rhinocypha humeralis,Libellago phaethon,0.991
Rorippa indica,Marcius longirostris,0.991
Scytodes fusca,Nepenthes tobaica,0.991
Scytodes pallida,Leptoglossus gonagra,0.991
Sesbania grandiflora,Indigofera hirsuta,0.991
Taractrocera archias,Pelopidas agna,0.991
Todiramphus chloris,Leucauge fastigata,0.991
Tridax procumbens,Asystasia intrusa,0.991
Turdus cardis,Turdus chrysolaus,0.991
Turdus chrysolaus,Geokichla cinerea,0.991
Turdus chrysolaus,Turdus cardis,0.991
Turdus chrysolaus,Turdus dissimilis,0.991
Turdus dissimilis,Turdus chrysolaus,0.991
Xenocatantops humilis,Oxya intricata,0.991
Xenostegia tridentata,Argyreia scortechinii,0.991
Ypthima baldus,Dryas iulia,0.991
Ypthima baldus,Polyura hebe,0.991
Ypthima stellera,Mycalesis aramis,0.991
Ypthima stellera,Ragadia luzonia,0.991
Ypthima stellera,Zethera musa,0.991
Zethera musa,Mycalesis aramis,0.991
Zethera musa,Mycalesis ita,0.991
Zethera musa,Ypthima stellera,0.991
Acalypha hispida,Acalypha siamensis,0.99
Acalypha siamensis,Acalypha hispida,0.99
Aerides quinquevulnera,Coelogyne candoonensis,0.99
Agaricus trisulphuratus,Euphaea ochracea,0.99
Amata sperbius,Pareuchaetes pseudoinsulata,0.99
Anacardium occidentale,Euagoras sordidatus,0.99
Anas gibberifrons,Marcius longirostris,0.99
Anastomus oscitans,Tachybaptus ruficollis,0.99
Argiope dang,Macracantha hasselti,0.99
Argiope modesta,Argiope versicolor,0.99
Argiope modesta,Gasteracantha diadesmia,0.99
Argiope versicolor,Argiope modesta,0.99
Averrhoa carambola,Oxalis corniculata,0.99
Bauhinia purpurea,Erebus macrops,0.99
Butastur indicus,Milvus migrans,0.99
Callosciurus finlaysonii,Tamiops mcclellandii,0.99
Camponotus festinus,Paratrechina longicornis,0.99
Catacanthus incarnatus,Euphaea ochracea,0.99
Chloris barbata,Imperata cylindrica,0.99
Coeliccia membranipes,Prodasineura collaris,0.99
Coelogyne candoonensis,Aerides quinquevulnera,0.99
Crescentia cujete,Persicaria barbata,0.99
Cyclosorus interruptus,Gastropteron bicornutum,0.99
Cyclosorus interruptus,Syzygium samarangense,0.99
Dicaeum trochileum,Breynia androgyna,0.99
Dicrurus paradiseus,Eurystomus orientalis,0.99
Elephantopus scaber,Porophyllum ruderale,0.99
Erebus macrops,Bauhinia purpurea,0.99
Euphaea ochracea,Agaricus trisulphuratus,0.99
Euphaea ochracea,Catacanthus incarnatus,0.99
Eurystomus orientalis,Dicrurus paradiseus,0.99
Falco peregrinus,Ipomoea obscura,0.99
Fimbriaphyllia yaeyamaensis,Galaxea fascicularis,0.99
Galaxea fascicularis,Fimbriaphyllia yaeyamaensis,0.99
Gasteracantha diadesmia,Argiope modesta,0.99
Gastropteron bicornutum,Cyclosorus interruptus,0.99
Geokichla cinerea,Turdus dissimilis,0.99
Hemithea tritonaria,Macaria abydata,0.99
Hidari irava,Pelopidas agna,0.99
Hidari irava,Pirdana distanti,0.99
Hippobroma longiflora,Phyllidia ocellata,0.99
Hydrocotyle verticillata,Carlito syrichta,0.99
Hydrocotyle verticillata,Gymnopilus dilepis,0.99
Hydrocotyle verticillata,Murex ternispina,0.99
Hydrocotyle verticillata,Tripneustes gratilla,0.99
Hypolycaena sipylus,Spalgis epius,0.99
Imperata cylindrica,Chloris barbata,0.99
Indigofera hirsuta,Indigofera linnaei,0.99
Indigofera linnaei,Indigofera hirsuta,0.99
Ipomoea obscura,Falco peregrinus,0.99
Ixos mcclellandii,Pycnonotus flavescens,0.99
Jamides celeno,Nacaduba kurava,0.99
Ketupa ketupu,Otus lettia,0.99
Leptocentrus taurus,Mimusops elengi,0.99
Macaria abydata,Hemithea tritonaria,0.99
Macracantha hasselti,Argiope dang,0.99
Macroglossum sitiene,Meganoton nyctiphanes,0.99
Manilkara zapota,Thalamita spinimana,0.99
Mecopoda stridulata,Salurnis marginella,0.99
Meganoton nyctiphanes,Macroglossum sitiene,0.99
Megisba malaya,Remelana jangala,0.99
Milvus migrans,Butastur indicus,0.99
Mimusops elengi,Leptocentrus taurus,0.99
Mycalesis gotama,Euploea core,0.99
Mycalesis gotama,Parantica melaneus,0.99
Mycalesis gotama,Tanaecia lepidea,0.99
Mycalesis gotama,Vindula erota,0.99
Nacaduba kurava,Jamides celeno,0.99
Nepenthes tobaica,Hydrocotyle sibthorpioides,0.99
Nepenthes tobaica,Tirachoidea biceps,0.99
Nepenthes tobaica,Varuna litterata,0.99
Orchithemis pulcherrima,Tetrathemis hyalina,0.99
Otus lettia,Ketupa ketupu,0.99
Otus sunia,Strix seloputo,0.99
Oxalis corniculata,Averrhoa carambola,0.99
Paratrechina longicornis,Camponotus festinus,0.99
Pareuchaetes pseudoinsulata,Amata sperbius,0.99
Pavo muticus,Polyplectron malacense,0.99
Pelopidas agna,Hidari irava,0.99
Penthicodes farinosa,Pyrops coelestinus,0.99
Phyllidia ocellata,Hippobroma longiflora,0.99
Phyllodesmium macphersonae,Hydrocotyle verticillata,0.99
Pirdana distanti,Hidari irava,0.99
Polyplectron malacense,Pavo muticus,0.99
Porophyllum ruderale,Elephantopus scaber,0.99
Prodasineura collaris,Coeliccia membranipes,0.99
Pycnonotus flavescens,Ixos mcclellandii,0.99
Pyrops coelestinus,Penthicodes farinosa,0.99
Remelana jangala,Megisba malaya,0.99
Salurnis marginella,Mecopoda stridulata,0.99
Spalgis epius,Hypolycaena sipylus,0.99
Strix seloputo,Otus mantananensis,0.99
Strix seloputo,Otus sunia,0.99
Syzygium samarangense,Cyclosorus interruptus,0.99
Tachybaptus ruficollis,Anastomus oscitans,0.99
Tamiops mcclellandii,Callosciurus finlaysonii,0.99
Tetrathemis hyalina,Orchithemis pulcherrima,0.99
Thalamita spinimana,Manilkara zapota,0.99
Tringa stagnatilis,Tringa nebularia,0.99
Turdus cardis,Turdus obscurus,0.99
Turdus dissimilis,Geokichla cinerea,0.99
Turdus obscurus,Turdus cardis,0.99
Abrus precatorius,Phanera similis,0.989
Abrus precatorius,Tamarindus indica,0.989
Acalypha hispida,Jatropha curcas,0.989
Anas luzonica,Anas platyrhynchos,0.989
Anas platyrhynchos,Anas luzonica,0.989
Arachis pintoi,Indigofera hirsuta,0.989
Averrhoa bilimbi,Oxalis corniculata,0.989
Bactrocera dorsalis,Radianthus magnifica,0.989
Bavia sexpunctata,Hyllus diardi,0.989
Butastur liventer,Spilornis cheela,0.989
Callosciurus caniceps,Callosciurus finlaysonii,0.989
Callosciurus finlaysonii,Callosciurus caniceps,0.989
Catacanthus incarnatus,Scytodes pallida,0.989
Centella asiatica,Dendrocitta occipitalis,0.989
Circus melanoleucos,Spilornis cheela,0.989
Coeliccia chromothorax,Onychargia atrocyana,0.989
Cyrtophora unicolor,Macracantha hasselti,0.989
Dicaeum trochileum,Euagoras sordidatus,0.989
Dicaeum trochileum,Sagaminopteron psychedelicum,0.989
Dundubia vaginata,Phyllodesmium macphersonae,0.989
Enicurus velatus,Myiomela sumatrana,0.989
Euphaea ochracea,Leptoglossus gonagra,0.989
Euphorbia hirta,Tridax procumbens,0.989
Euphorbia pulcherrima,Mallotus philippensis,0.989
Eurema sari,Eurema simulatrix,0.989
Eurema simulatrix,Eurema sari,0.989
Euthalia adonia,Ideopsis gaura,0.989
Geokichla cinerea,Turdus cardis,0.989
Hasarius adansoni,Actitis hypoleucos,0.989
Hasarius adansoni,Passer montanus,0.989
Hasarius adansoni,Periplaneta americana,0.989
Hasarius adansoni,Pycnonotus goiavier,0.989
Hylarana erythraea,Tylorida ventralis,0.989
Hyllus diardi,Bavia sexpunctata,0.989
Hymenopus coronatus,Sitta frontalis,0.989
Ideopsis gaura,Euthalia adonia,0.989
Indigofera hirsuta,Arachis pintoi,0.989
Ischnura senegalensis,Olene mendosa,0.989
Jatropha curcas,Acalypha hispida,0.989
Lampides boeticus,Rapala varuna,0.989
Lanius collurioides,Scolopendra dehaani,0.989
Leptoglossus gonagra,Euphaea ochracea,0.989
Lophura inornata,Pavo muticus,0.989
Macracantha hasselti,Cyrtophora unicolor,0.989
Mallotus philippensis,Euphorbia pulcherrima,0.989
Matapa aria,Pelopidas agna,0.989
Myiomela sumatrana,Enicurus velatus,0.989
Neurothemis terminata,Zygonyx iris,0.989
Nomascus gabriellae,Sitta solangiae,0.989
Onychargia atrocyana,Coeliccia chromothorax,0.989
Osbornia octodonta,Euagoras sordidatus,0.989
Otus sagittatus,Strix seloputo,0.989
Oxalis corniculata,Averrhoa bilimbi,0.989
Pavo muticus,Lophura inornata,0.989
Pelopidas agna,Matapa aria,0.989
Peltophorum pterocarpum,Senna alata,0.989
Penthicodes atomaria,Penthicodes farinosa,0.989
Penthicodes farinosa,Penthicodes atomaria,0.989
Pericrocotus ethologus,Pericrocotus speciosus,0.989
Pericrocotus speciosus,Pericrocotus ethologus,0.989
Phanera similis,Abrus precatorius,0.989
Phyllodesmium macphersonae,Dundubia vaginata,0.989
Phylloscopus coronatus,Phylloscopus fuscatus,0.989
Phylloscopus fuscatus,Phylloscopus coronatus,0.989
Praxelis clematidea,Thelesperma simplicifolium,0.989
Protaetia acuminata,Xylotrupes pauliani,0.989
Psilopogon faiostrictus,Psilopogon lineatus,0.989
Psilopogon lineatus,Psilopogon faiostrictus,0.989
Pycnonotus flavescens,Pycnonotus jocosus,0.989
Pycnonotus jocosus,Pycnonotus flavescens,0.989
Radianthus magnifica,Bactrocera dorsalis,0.989
Rhynchium haemorrhoidale,Vestalis amethystina,0.989
Scolopendra dehaani,Lanius collurioides,0.989
Scytodes pallida,Catacanthus incarnatus,0.989
Senna alata,Peltophorum pterocarpum,0.989
Sitta frontalis,Hymenopus coronatus,0.989
Sitta solangiae,Nomascus gabriellae,0.989
Spilornis cheela,Butastur liventer,0.989
Spilornis cheela,Circus melanoleucos,0.989
Strix seloputo,Otus sagittatus,0.989
Tamarindus indica,Abrus precatorius,0.989
Thelesperma simplicifolium,Praxelis clematidea,0.989
Tridax procumbens,Euphorbia hirta,0.989
Turdus cardis,Geokichla cinerea,0.989
Tylorida ventralis,Hylarana erythraea,0.989
Utricularia aurea,Oxyopes macilentus,0.989
Vestalis amethystina,Rhynchium haemorrhoidale,0.989
Xylotrupes pauliani,Protaetia acuminata,0.989
Zygonyx iris,Neurothemis terminata,0.989
Actias maenas,Sitta frontalis,0.988
Alocasia longiloba,Syngonium podophyllum,0.988
Anas gibberifrons,Rorippa indica,0.988
Anas luzonica,Aythya fuligula,0.988
Aythya fuligula,Anas luzonica,0.988
Bactrocera hochii,Leea rubra,0.988
Brachythemis contaminata,Orthetrum chrysis,0.988
Brachythemis contaminata,Rhyothemis variegata,0.988
Callosciurus orestes,Callosciurus prevostii,0.988
Callosciurus prevostii,Callosciurus orestes,0.988
Casuarina equisetifolia,Gymnostoma sumatranum,0.988
Catacanthus incarnatus,Leptoglossus gonagra,0.988
Cerynia albata,Scolopendra dehaani,0.988
Cethosia cyane,Cyrestis thyodamas,0.988
Chalcorana eschatia,Sylvirana guentheri,0.988
Clerodendrum japonicum,Hyptis capitata,0.988
Cyrestis thyodamas,Cethosia cyane,0.988
Danaus melanippus,Zethera musa,0.988
Euagoras plagiatus,Coryphellina aurora,0.988
Euagoras plagiatus,Elephas maximus,0.988
Euagoras plagiatus,Neophocaena phocaenoides,0.988
Euagoras plagiatus,Rhinolophus luctus,0.988
Euagoras plagiatus,Tupaia belangeri,0.988
Euphaea refulgens,Eurysaspis flavescens,0.988
Eurysaspis flavescens,Euphaea refulgens,0.988
Ficus pumila,Ficus rumphii,0.988
Ficus rumphii,Ficus pumila,0.988
Gasteracantha mengei,Macracantha hasselti,0.988
Gymnostoma sumatranum,Casuarina equisetifolia,0.988
Hidari irava,Taractrocera archias,0.988
Hippobroma longiflora,Sphinctotropis paviei,0.988
Hyptis capitata,Clerodendrum japonicum,0.988
Hyptis capitata,Ocimum tenuiflorum,0.988
Lathrecista asiatica,Trithemis aurora,0.988
Leea rubra,Bactrocera hochii,0.988
Leptoglossus gonagra,Catacanthus incarnatus,0.988
Leucaena leucocephala,Senna occidentalis,0.988
Leucauge tessellata,Chrysocolaptes guttacristatus,0.988
Leucauge tessellata,Dendrocopos analis,0.988
Lutrogale perspicillata,Nola pumila,0.988
Macracantha hasselti,Gasteracantha mengei,0.988
Myrmaplata plataleoides,Siler semiglaucus,0.988
Nola pumila,Lutrogale perspicillata,0.988
Nomia incerta,Euagoras sordidatus,0.988
Ocimum tenuiflorum,Hyptis capitata,0.988
Onomarchus uninotatus,Oriolus xanthornus,0.988
Oriolus xanthornus,Onomarchus uninotatus,0.988
Orthetrum chrysis,Brachythemis contaminata,0.988
Oxalis barrelieri,Persicaria barbata,0.988
Oxalis barrelieri,Thelenota anax,0.988
Oxalis barrelieri,Thor amboinensis,0.988
Oxalis barrelieri,Tubuca paradussumieri,0.988
Pachliopta aristolochiae,Troides aeacus,0.988
Parantica agleoides,Dryas iulia,0.988
Parantica agleoides,Lasippa tiga,0.988
Parantica agleoides,Terinos terpander,0.988
Pemphis acidula,Oxalis barrelieri,0.988
Pemphis acidula,Pteraeolidia semperi,0.988
Phylloscopus borealis,Phylloscopus fuscatus,0.988
Phylloscopus fuscatus,Phylloscopus borealis,0.988
Pteraeolidia semperi,Pemphis acidula,0.988
Pycnonotus jocosus,Tricholestes criniger,0.988
Rhacophorus reinwardtii,Gnetum gnemon,0.988
Rhacophorus reinwardtii,Kaloula baleata,0.988
Rhyothemis variegata,Brachythemis contaminata,0.988
Rorippa indica,Anas gibberifrons,0.988
Scolopendra dehaani,Cerynia albata,0.988
Scytodes fusca,Hydrocotyle sibthorpioides,0.988
Scytodes fusca,Phyllodesmium briareum,0.988
Scytodes fusca,Rhacophorus reinwardtii,0.988
Senna occidentalis,Leucaena leucocephala,0.988
Siler semiglaucus,Myrmaplata plataleoides,0.988
Sitta frontalis,Actias maenas,0.988
Sphinctotropis paviei,Hippobroma longiflora,0.988
Sylvirana guentheri,Chalcorana eschatia,0.988
Syngonium podophyllum,Alocasia longiloba,0.988
Taractrocera archias,Hidari irava,0.988
Thyreus himalayensis,Xylocopa flavonigrescens,0.988
Tricholestes criniger,Pycnonotus jocosus,0.988
Trithemis aurora,Lathrecista asiatica,0.988
Troides aeacus,Pachliopta aristolochiae,0.988
Xylocopa flavonigrescens,Thyreus himalayensis,0.988
Ypthima huebneri,Cyrestis themire,0.988
Ypthima huebneri,Faunis gracilis,0.988
Ypthima huebneri,Faunis kirata,0.988
Ypthima huebneri,Neptis harita,0.988
Ypthima huebneri,Telinga janardana,0.988
Zethera musa,Danaus melanippus,0.988
Aciagrion pallidum,Pseudagrion microcephalum,0.987
Actias maenas,Hymenopus coronatus,0.987
Aerodramus germani,Cypsiurus balasiensis,0.987
Anas platyrhynchos,Aythya fuligula,0.987
Anas platyrhynchos,Cairina moschata,0.987
Argiope dang,Trichonephila antipodiana,0.987
Aythya fuligula,Anas platyrhynchos,0.987
Brassica rapa,Riptortus pedestris,0.987
Broussonetia papyrifera,Ficus pumila,0.987
Cairina moschata,Anas platyrhynchos,0.987
Camacinia gigantea,Tetrathemis hyalina,0.987
Ceratosoma tenue,Dendrocitta occipitalis,0.987
Ceryle rudis,Halcyon pileata,0.987
Cyclosia papilionaris,Pidorus gemina,0.987
Cypsiurus balasiensis,Aerodramus germani,0.987
Deudorix epijarbas,Spalgis epius,0.987
Euphaea refulgens,Hydrocotyle verticillata,0.987
Euphaea refulgens,Physomerus grossipes,0.987
Eurysaspis flavescens,Physomerus grossipes,0.987
Feihyla kajau,Polypedates megacephalus,0.987
Ficus caulocarpa,Ficus rumphii,0.987
Ficus pumila,Broussonetia papyrifera,0.987
Ficus rumphii,Ficus caulocarpa,0.987
Geopelia striata,Treron vernans,0.987
Halcyon pileata,Ceryle rudis,0.987
Hemithea tritonaria,Idaea craspedota,0.987
Hemixos cinereus,Pycnonotus jocosus,0.987
Hymenopus coronatus,Actias maenas,0.987
Idaea craspedota,Hemithea tritonaria,0.987
Ideopsis gaura,Tirumala septentrionis,0.987
Lanius collurioides,Onomarchus uninotatus,0.987
Leea indica,Leea rubra,0.987
Leea rubra,Leea indica,0.987
Macropygia ruficeps,Streptopelia tranquebarica,0.987
Megalurus palustris,Sitta frontalis,0.987
Nososticta insignis,Prodasineura collaris,0.987
Onomarchus uninotatus,Lanius collurioides,0.987
Orthotomus sepium,Prinia inornata,0.987
Otus lettia,Athene brama,0.987
Otus lettia,Otus sunia,0.987
Pemphis acidula,Persicaria barbata,0.987
Physomerus grossipes,Euphaea refulgens,0.987
Physomerus grossipes,Eurysaspis flavescens,0.987
Pidorus gemina,Cyclosia papilionaris,0.987
Polypedates megacephalus,Feihyla kajau,0.987
Prinia inornata,Orthotomus sepium,0.987
Prodasineura collaris,Nososticta insignis,0.987
Pseudagrion microcephalum,Aciagrion pallidum,0.987
Pteris vittata,Adiantum philippense,0.987
Pteris vittata,Pityrogramma calomelanos,0.987
Pycnonotus blanfordi,Pycnonotus finlaysoni,0.987
Pycnonotus finlaysoni,Pycnonotus blanfordi,0.987
Pycnonotus jocosus,Hemixos cinereus,0.987
Riptortus pedestris,Brassica rapa,0.987
Sitta frontalis,Megalurus palustris,0.987
Spalgis epius,Deudorix epijarbas,0.987
Streptopelia tranquebarica,Macropygia ruficeps,0.987
Strix seloputo,Ketupa ketupu,0.987
Tetrathemis hyalina,Camacinia gigantea,0.987
Tirumala septentrionis,Ideopsis gaura,0.987
Tirumala septentrionis,Neorina lowii,0.987
Treron vernans,Geopelia striata,0.987
Trichonephila antipodiana,Argiope dang,0.987
Trithemis aurora,Trithemis festiva,0.987
Trithemis festiva,Trithemis aurora,0.987
Acalypha siamensis,Jatropha gossypiifolia,0.986
Agaricus trisulphuratus,Horridipamera nietneri,0.986
Ajuga macrosperma,Ocimum tenuiflorum,0.986
Alopias pelagicus,Eucorynus crassicornis,0.986
Amplypterus panopus,Daphnis hypothous,0.986
Anacardium occidentale,Marcius longirostris,0.986
Anacardium occidentale,Rorippa indica,0.986
Aquila clanga,Spilornis cheela,0.986
Basella alba,Swietenia macrophylla,0.986
Camponotus singularis,Paratrechina longicornis,0.986
Cenchrus echinatus,Cymbopogon citratus,0.986
Centella asiatica,Persicaria barbata,0.986
Cerynia albata,Oriolus xanthornus,0.986
Chalciope mygdon,Ischnura senegalensis,0.986
Copera marginipes,Prodasineura collaris,0.986
Copera vittata,Prodasineura notostigma,0.986
Culicicapa helianthea,Syzygium samarangense,0.986
Cymbopogon citratus,Cenchrus echinatus,0.986
Daphnis hypothous,Amplypterus panopus,0.986
Daphnis hypothous,Macroglossum sitiene,0.986
Dicaeum trochileum,Kaloula baleata,0.986
Dicaeum trochileum,Pericrocotus cinnamomeus,0.986
Dipteris conjugata,Swietenia macrophylla,0.986
Dundubia vaginata,Dentiovula dorsuosa,0.986
Dundubia vaginata,Eunice aphroditois,0.986
Erronea cylindrica,Erronea onyx,0.986
Erronea onyx,Erronea cylindrica,0.986
Eucorynus crassicornis,Alopias pelagicus,0.986
Gastropteron bicornutum,Attagenus fasciatus,0.986
Gastropteron bicornutum,Himerometra robustipinna,0.986
Gastropteron bicornutum,Turbo chrysostomus,0.986
Gastropteron bicornutum,Vasum turbinellus,0.986
Horridipamera nietneri,Agaricus trisulphuratus,0.986
Hyllus diardi,Hyllus walckenaeri,0.986
Hyllus walckenaeri,Hyllus diardi,0.986
Ischnura senegalensis,Chalciope mygdon,0.986
Jatropha gossypiifolia,Acalypha siamensis,0.986
Lalage nigra,Swietenia macrophylla,0.986
Lampides boeticus,Anthene emolus,0.986
Lampides boeticus,Arhopala oenea,0.986
Lampides boeticus,Lycaenopsis marginata,0.986
Lampides boeticus,Nacaduba beroe,0.986
Leucocoprinus birnbaumii,Nepenthes tobaica,0.986
Limnonectes kuhlii,Limnonectes malesianus,0.986
Limnonectes malesianus,Limnonectes kuhlii,0.986
Macaca fascicularis,Oecophylla smaragdina,0.986
Macroglossum sitiene,Daphnis hypothous,0.986
Mangifera indica,Harpactes oreskios,0.986
Mangifera indica,Neophocaena phocaenoides,0.986
Mangifera indica,Platalea minor,0.986
Mangifera indica,Telostylinus lineolatus,0.986
Mangifera indica,Tupaia belangeri,0.986
Martes flavigula,Selepa celtis,0.986
Niltava grandis,Phoenicurus auroreus,0.986
Ocimum tenuiflorum,Ajuga macrosperma,0.986
Oriolus xanthornus,Cerynia albata,0.986
Parantica agleoides,Polyura hebe,0.986
Paratrechina longicornis,Camponotus singularis,0.986
Paratrechina longicornis,Tetraponera rufonigra,0.986
Pemphis acidula,Pitta guajana,0.986
Phoenicurus auroreus,Niltava grandis,0.986
Pitta guajana,Pemphis acidula,0.986
Pitta guajana,Pteraeolidia semperi,0.986
Prodasineura collaris,Copera marginipes,0.986
Prodasineura notostigma,Copera vittata,0.986
Pteraeolidia semperi,Pitta guajana,0.986
Pteris vittata,Pteris ensiformis,0.986
Pycnonotus flaviventris,Pycnonotus jocosus,0.986
Pycnonotus jocosus,Pycnonotus flaviventris,0.986
Rorippa indica,Anacardium occidentale,0.986
Scytodes fusca,Tubuca paradussumieri,0.986
Selepa celtis,Martes flavigula,0.986
Spilornis cheela,Aquila clanga,0.986
Swietenia macrophylla,Basella alba,0.986
Swietenia macrophylla,Dipteris conjugata,0.986
Swietenia macrophylla,Lalage nigra,0.986
Syzygium samarangense,Culicicapa helianthea,0.986
Tetraponera rufonigra,Paratrechina longicornis,0.986
Amata sperbius,Creatonotos gangis,0.985
Anas gibberifrons,Pericrocotus cinnamomeus,0.985
Anthreptes rhodolaemus,Chalcoparia singalensis,0.985
Ardea alba,Egretta garzetta,0.985
Aviceda leuphotes,Spilornis cheela,0.985
Bauhinia purpurea,Leucaena leucocephala,0.985
Butastur indicus,Aviceda leuphotes,0.985
Callosciurus finlaysonii,Sundasciurus tenuis,0.985
Celosia argentea,Upupa epops,0.985
Cethosia hypsea,Ideopsis gaura,0.985
Chalcoparia singalensis,Anthreptes rhodolaemus,0.985
Chalybion bengalense,Lutrogale perspicillata,0.985
Cocos nucifera,Tridax procumbens,0.985
Coeliccia membranipes,Nososticta insignis,0.985
Copsychus malabaricus,Enicurus schistaceus,0.985
Coriandrum sativum,Hypothymis azurea,0.985
Creobroter gemmatus,Sitta solangiae,0.985
Crescentia cujete,Pteraeolidia semperi,0.985
Delonix regia,Gliricidia sepium,0.985
Dodonaea viscosa,Oriolus xanthornus,0.985
Dracaena fragrans,Ipomoea obscura,0.985
Egretta garzetta,Ardea alba,0.985
Elibia dolichus,Caleta elna,0.985
Elibia dolichus,Logania marmorata,0.985
Enicurus schistaceus,Copsychus malabaricus,0.985
Fejervarya cancrivora,Limnonectes malesianus,0.985
Gliricidia sepium,Delonix regia,0.985
Gracupica nigricollis,Spodiopsar cineraceus,0.985
Hymenopus coronatus,Megalurus palustris,0.985
Hypolimnas bolina,Lissachatina fulica,0.985
Hypothymis azurea,Coriandrum sativum,0.985
Ideopsis gaura,Cethosia hypsea,0.985
Ipomoea obscura,Dracaena fragrans,0.985
Leucaena leucocephala,Bauhinia purpurea,0.985
Leucauge tessellata,Yungipicus canicapillus,0.985
Limnonectes malesianus,Fejervarya cancrivora,0.985
Lutrogale perspicillata,Chalybion bengalense,0.985
Macaca fascicularis,Pycnonotus goiavier,0.985
Megalurus palustris,Hymenopus coronatus,0.985
Nososticta insignis,Coeliccia membranipes,0.985
Oriolus xanthornus,Dodonaea viscosa,0.985
Osbornia octodonta,Phyllodesmium briareum,0.985
Phylloscopus fuscatus,Saxicola caprata,0.985
Pteraeolidia semperi,Crescentia cujete,0.985
Rhynchium haemorrhoidale,Acrocephalus orientalis,0.985
Rhynchium haemorrhoidale,Mariaella dussumieri,0.985
Rhynchium haemorrhoidale,Podolestes orientalis,0.985
Rhynchium haemorrhoidale,Prorhinotermes flavus,0.985
Saxicola caprata,Phylloscopus fuscatus,0.985
Sitta solangiae,Creobroter gemmatus,0.985
Spilornis cheela,Aviceda leuphotes,0.985
Spodiopsar cineraceus,Gracupica nigricollis,0.985
Sundasciurus tenuis,Callosciurus finlaysonii,0.985
Tridax procumbens,Cocos nucifera,0.985
Upupa epops,Celosia argentea,0.985
Utricularia aurea,Asplenium nidus,0.985
Utricularia aurea,Chalia pulchra,0.985
Utricularia aurea,Dardanus sanguinolentus,0.985
Utricularia aurea,Polycarpa aurata,0.985
Abutilon indicum,Hibiscus sabdariffa,0.984
Acalypha hispida,Jatropha gossypiifolia,0.984
Agaricus trisulphuratus,Leptoglossus gonagra,0.984
Ajuga macrosperma,Hyptis capitata,0.984
Alopias pelagicus,Antigonon leptopus,0.984
Amata huebneri,Rhesala imparata,0.984
Amata sperbius,Syntomoides imaon,0.984
Anepsion maritatum,Argiope modesta,0.984
Anoplodesmus saussurii,Hylarana erythraea,0.984
Anoplodesmus saussurii,Opisthodolichopus scandens,0.984
Antigonon leptopus,Alopias pelagicus,0.984
Apis laboriosa,Xylocopa minor,0.984
Argiope modesta,Anepsion maritatum,0.984
Asystasia intrusa,Pontederia crassipes,0.984
Centella asiatica,Sagaminopteron psychedelicum,0.984
Cerynia albata,Annona squamosa,0.984
Creobroter gemmatus,Samia wangi,0.984
Echinaster luzonicus,Ipomoea obscura,0.984
Echinothrix diadema,Syzygium samarangense,0.984
Egretta garzetta,Egretta sacra,0.984
Egretta sacra,Egretta garzetta,0.984
Ethmostigmus rubripes,Salurnis marginella,0.984
Euphaea ochracea,Scytodes pallida,0.984
Favorinus mirabilis,Pitta megarhyncha,0.984
Gracupica contra,Spodiopsar cineraceus,0.984
Hibiscus sabdariffa,Abutilon indicum,0.984
Hippobroma longiflora,Parmarion martensi,0.984
Hippobroma longiflora,Scaevola taccada,0.984
Horridipamera nietneri,Scytodes pallida,0.984
Hylarana erythraea,Anoplodesmus saussurii,0.984
Hyllus diardi,Menemerus nigli,0.984
Hypolimnas bolina,Actitis hypoleucos,0.984
Hypolimnas bolina,Oecophylla smaragdina,0.984
Hypolimnas bolina,Passer montanus,0.984
Hypolimnas bolina,Periplaneta americana,0.984
Hyptis capitata,Ajuga macrosperma,0.984
Ipomoea obscura,Echinaster luzonicus,0.984
Ixos mcclellandii,Pycnonotus finlaysoni,0.984
Jatropha gossypiifolia,Acalypha hispida,0.984
Lanius collurioides,Begonia hatacoa,0.984
Leptoglossus gonagra,Agaricus trisulphuratus,0.984
Leptotes plinius,Spalgis epius,0.984
Leucauge tessellata,Dinopium javanense,0.984
Leucauge tessellata,Meiglyptes tristis,0.984
Macaca fascicularis,Passer montanus,0.984
Macaca fascicularis,Periplaneta americana,0.984
Mecopoda stridulata,Ploceus philippinus,0.984
Menemerus nigli,Hyllus diardi,0.984
Nomia incerta,Kaloula baleata,0.984
Nomia incerta,Odontodactylus scyllarus,0.984
Nomia incerta,Phyllodesmium briareum,0.984
Nomia incerta,Salvinia minima,0.984
Opisthodolichopus scandens,Anoplodesmus saussurii,0.984
Orthetrum sabina,Rhyothemis variegata,0.984
Pareuchaetes pseudoinsulata,Creatonotos gangis,0.984
Parmarion martensi,Hippobroma longiflora,0.984
Phyllidia elegans,Lychas scutilus,0.984
Phyllidia elegans,Lygodium microphyllum,0.984
Phyllidia elegans,Mycena chlorophos,0.984
Phyllidia elegans,Prorhinotermes flavus,0.984
Phyllidia elegans,Rostratula benghalensis,0.984
Pitta megarhyncha,Favorinus mirabilis,0.984
Ploceus philippinus,Mecopoda stridulata,0.984
Pontederia crassipes,Asystasia intrusa,0.984
Pulchriphyllium giganteum,Oxyopes macilentus,0.984
Pycnonotus finlaysoni,Ixos mcclellandii,0.984
Rhyothemis variegata,Orthetrum sabina,0.984
Salurnis marginella,Ethmostigmus rubripes,0.984
Samia wangi,Creobroter gemmatus,0.984
Scaevola taccada,Hippobroma longiflora,0.984
Scytodes pallida,Euphaea ochracea,0.984
Scytodes pallida,Horridipamera nietneri,0.984
Spalgis epius,Leptotes plinius,0.984
Spodiopsar cineraceus,Gracupica contra,0.984
Syzygium samarangense,Echinothrix diadema,0.984
Talinum paniculatum,Euagoras sordidatus,0.984
Xylocopa minor,Apis laboriosa,0.984
Aethopyga siparaja,Eurystomus orientalis,0.983
Anacardium occidentale,Talinum paniculatum,0.983
Anoplodesmus saussurii,Evania appendigaster,0.983
Antigonon leptopus,Hydrocotyle verticillata,0.983
Appias libythea,Pieris rapae,0.983
Arachnothera longirostra,Arachnothera magna,0.983
Arachnothera magna,Arachnothera longirostra,0.983
Butastur indicus,Butastur liventer,0.983
Callosciurus orestes,Dremomys rufigenis,0.983
Centella asiatica,Phyllodesmium briareum,0.983
Cerbera odollam,Phyllidia ocellata,0.983
Cethosia hypsea,Faunis kirata,0.983
Circus spilonotus,Spilornis cheela,0.983
Coeliccia chromothorax,Coeliccia poungyi,0.983
Coeliccia poungyi,Coeliccia chromothorax,0.983
Dremomys rufigenis,Callosciurus orestes,0.983
Eurystomus orientalis,Aethopyga siparaja,0.983
Euthalia adonia,Melanocyma faunula,0.983
Evania appendigaster,Anoplodesmus saussurii,0.983
Ficedula albicilla,Phoenicurus auroreus,0.983
Garrulax monileger,Musa textilis,0.983
Hamadruas hieroglyphica,Utricularia gibba,0.983
Hemithyrsocera vittata,Pulchriphyllium giganteum,0.983
Hirundo javanica,Pistia stratiotes,0.983
Hylobates lar,Hymenopus coronatus,0.983
Hymenopus coronatus,Hylobates lar,0.983
Junonia lemonias,Neptis hylas,0.983
Miconia crenata,Scytodes fusca,0.983
Musa textilis,Garrulax monileger,0.983
Neptis hylas,Junonia lemonias,0.983
Onomarchus uninotatus,Scolopendra dehaani,0.983
Osbornia octodonta,Collocalia linchi,0.983
Osbornia octodonta,Hyblaea puera,0.983
Osbornia octodonta,Sagra femorata,0.983
Pareuchaetes pseudoinsulata,Syntomoides imaon,0.983
Phoenicurus auroreus,Ficedula albicilla,0.983
Phyllidia ocellata,Cerbera odollam,0.983
Pieris rapae,Appias libythea,0.983
Pistia stratiotes,Hirundo javanica,0.983
Poltys illepidus,Argiope modesta,0.983
Pulchriphyllium giganteum,Hemithyrsocera vittata,0.983
Rorippa indica,Talinum paniculatum,0.983
Scolopendra dehaani,Onomarchus uninotatus,0.983
Spilornis cheela,Circus spilonotus,0.983
Talinum paniculatum,Anacardium occidentale,0.983
Talinum paniculatum,Anas gibberifrons,0.983
Talinum paniculatum,Rorippa indica,0.983
Tetrathemis hyalina,Zygonyx iris,0.983
Trithemis festiva,Hydrobasileus croceus,0.983
Utricularia gibba,Hamadruas hieroglyphica,0.983
Zygonyx iris,Tetrathemis hyalina,0.983
Alopias pelagicus,Eucalyptus deglupta,0.982
Anastomus oscitans,Cosmophasis lami,0.982
Appias libythea,Eurema simulatrix,0.982
Brassica rapa,Mangifera indica,0.982
Broussonetia papyrifera,Ficus rumphii,0.982
Bryobium retusum,Hydrocotyle sibthorpioides,0.982
Caprimulgus macrurus,Leea rubra,0.982
Charybdis feriata,Mimusops elengi,0.982
Chrysochroa fulminans,Breynia androgyna,0.982
Cosmophasis lami,Anastomus oscitans,0.982
Crescentia cujete,Oxalis barrelieri,0.982
Cyclosia panthona,Azima sarmentosa,0.982
Cyclosia panthona,Coryphellina aurora,0.982
Cyclosia panthona,Imma mylias,0.982
Cyclosia panthona,Pseudoanthidium orientale,0.982
Cyclosia panthona,Rhinolophus luctus,0.982
Elibia dolichus,Eooxylides tharis,0.982
Eucalyptus deglupta,Alopias pelagicus,0.982
Eumyias panayensis,Saxicola caprata,0.982
Euphaea ochracea,Horridipamera nietneri,0.982
Eurema simulatrix,Appias libythea,0.982
Eurysaspis flavescens,Pseudopachybrachius guttus,0.982
Ficus rumphii,Broussonetia papyrifera,0.982
Hemixos cinereus,Pycnonotus blanfordi,0.982
Horridipamera nietneri,Euphaea ochracea,0.982
Leea indica,Stichodactyla haddoni,0.982
Leea rubra,Caprimulgus macrurus,0.982
Mimusops elengi,Charybdis feriata,0.982
Oriolus xanthornus,Caridina lanceifrons,0.982
Orthetrum chrysis,Orthetrum sabina,0.982
Orthetrum sabina,Orthetrum chrysis,0.982
Pachliopta leytensis,Papilio alphenor,0.982
Papilio alphenor,Pachliopta leytensis,0.982
Pareuchaetes pseudoinsulata,Eudocima discrepans,0.982
Ploceus philippinus,Oxyopes macilentus,0.982
Porzana cinerea,Porzana paykullii,0.982
Porzana paykullii,Porzana cinerea,0.982
Pseudopachybrachius guttus,Eurysaspis flavescens,0.982
Psilopogon lineatus,Psilopogon virens,0.982
Psilopogon virens,Psilopogon lineatus,0.982
Pycnonotus blanfordi,Hemixos cinereus,0.982
Pycnonotus blanfordi,Tricholestes criniger,0.982
Rorippa indica,Euagoras sordidatus,0.982
Saxicola caprata,Eumyias panayensis,0.982
Stichodactyla haddoni,Leea indica,0.982
Tricholestes criniger,Pycnonotus blanfordi,0.982
Trithemis aurora,Agrionoptera insignis,0.982
Trithemis aurora,Rhodothemis rufa,0.982
Trithemis aurora,Urothemis signata,0.982
Actias maenas,Hylobates lar,0.981
Ajuga macrosperma,Tectona grandis,0.981
Amata huebneri,Tamba mnionomera,0.981
Amata sperbius,Miltochrista irregularis,0.981
Amata sperbius,Psichotoe duvauceli,0.981
Anoplolepis gracilipes,Scolopendra dehaani,0.981
Arborophila rubrirostris,Pavo muticus,0.981
Caladium bicolor,Colocasia esculenta,0.981
Calidris ruficollis,Tringa glareola,0.981
Callosciurus prevostii,Ideopsis gaura,0.981
Caprimulgus jotaka,Radianthus magnifica,0.981
Ceratosoma tenue,Collocalia linchi,0.981
Ceratosoma tenue,Kaloula baleata,0.981
Ceratosoma tenue,Pontederia vaginalis,0.981
Ceratosoma tenue,Portulaca oleracea,0.981
Colocasia esculenta,Caladium bicolor,0.981
Copera marginipes,Nososticta insignis,0.981
Copera vittata,Prodasineura collaris,0.981
Costus woodsonii,Euphaea ochracea,0.981
Culicicapa ceylonensis,Gerygone sulphurea,0.981
Culicicapa ceylonensis,Harpactes oreskios,0.981
Culicicapa ceylonensis,Heteropteryx dilatata,0.981
Culicicapa ceylonensis,Platalea minor,0.981
Culicicapa ceylonensis,Rhinolophus luctus,0.981
Cyrtophora unicolor,Trichonephila antipodiana,0.981
Dracaena fragrans,Echinaster luzonicus,0.981
Echinaster luzonicus,Dracaena fragrans,0.981
Euphaea refulgens,Gymnopilus dilepis,0.981
Euploea radamanthus,Neorina lowii,0.981
Gargara projecta,Lonchodes brevipes,0.981
Gasteracantha mengei,Trichonephila antipodiana,0.981
Herpestes javanicus,Chrysocolaptes guttacristatus,0.981
Heterotis rotundifolia,Melastoma malabathricum,0.981
Hylobates lar,Actias maenas,0.981
Ideopsis gaura,Callosciurus prevostii,0.981
Lariscus niobe,Phyllanthus emblica,0.981
Lonchodes brevipes,Gargara projecta,0.981
Melastoma malabathricum,Heterotis rotundifolia,0.981
Merops philippinus,Polypedates leucomystax,0.981
Miconia crenata,Nepenthes tobaica,0.981
Milvus migrans,Circus spilonotus,0.981
Musa itinerans,Saxicola ferreus,0.981
Nososticta insignis,Copera marginipes,0.981
Pavo muticus,Arborophila rubrirostris,0.981
Phyllanthus emblica,Lariscus niobe,0.981
Pitta guajana,Cryptotympana acuta,0.981
Polypedates leucomystax,Merops philippinus,0.981
Prodasineura collaris,Copera vittata,0.981
Pteris vittata,Ceratopteris thalictroides,0.981
Pulchriphyllium giganteum,Utricularia aurea,0.981
Radianthus magnifica,Caprimulgus jotaka,0.981
Rhinortha chlorophaea,Zanclostomus javanicus,0.981
Saxicola ferreus,Musa itinerans,0.981
Scolopendra dehaani,Anoplolepis gracilipes,0.981
Tectona grandis,Ajuga macrosperma,0.981
Trichonephila antipodiana,Cyrtophora unicolor,0.981
Trichonephila antipodiana,Gasteracantha mengei,0.981
Tringa glareola,Calidris ruficollis,0.981
Zanclostomus javanicus,Rhinortha chlorophaea,0.981
Acraea terpsicore,Junonia lemonias,0.98
Actias maenas,Leptobrachium hendricksoni,0.98
Agaricus trisulphuratus,Scytodes pallida,0.98
Amata huebneri,Chalciope mygdon,0.98
Amata huebneri,Dasychira chekiangensis,0.98
Amplypterus panopus,Theretra nessus,0.98
Anhinga melanogaster,Momordica charantia,0.98
Antidesma velutinosum,Heliconia psittacorum,0.98
Argiope dang,Cyrtophora unicolor,0.98
Bonnaya antipoda,Breynia vitis-idaea,0.98
Breynia vitis-idaea,Bonnaya antipoda,0.98
Broussonetia papyrifera,Ficus benjamina,0.98
Bryobium retusum,Pontederia vaginalis,0.98
Bryobium retusum,Suncus murinus,0.98
Bryobium retusum,Thor amboinensis,0.98
Bryobium retusum,Tubuca paradussumieri,0.98
Butastur indicus,Circus spilonotus,0.98
Calidris tenuirostris,Tringa brevipes,0.98
Callosciurus erythraeus,Callosciurus orestes,0.98
Callosciurus erythraeus,Ratufa bicolor,0.98
Callosciurus orestes,Callosciurus erythraeus,0.98
Centella asiatica,Suncus murinus,0.98
Cethosia cyane,Kallima sylvia,0.98
Chalcoparia singalensis,Leptocoma calcostetha,0.98
Cocos nucifera,Pontederia crassipes,0.98
Crescentia cujete,Seemannia sylvatica,0.98
Crithagra atrogularis,Leea rubra,0.98
Cupha erymanthis,Ypthima baldus,0.98
Cyrtophora unicolor,Argiope dang,0.98
Duttaphrynus melanostictus,Sphagneticola trilobata,0.98
Elibia dolichus,Marumba amboinicus,0.98
Erebus macrops,Senna occidentalis,0.98
Ethmostigmus rubripes,Mecopoda stridulata,0.98
Euphorbia bokorensis,Jatropha podagrica,0.98
Ficus benjamina,Broussonetia papyrifera,0.98
Gracupica contra,Gracupica nigricollis,0.98
Gracupica nigricollis,Gracupica contra,0.98
Gymnostoma sumatranum,Phyllanthus emblica,0.98
Hirundo javanica,Pilea microphylla,0.98
Hylobates lar,Megalurus palustris,0.98
Hylobates lar,Paguma larvata,0.98
Hyptis capitata,Tectona grandis,0.98
Ixos mcclellandii,Pycnonotus blanfordi,0.98
Jatropha podagrica,Euphorbia bokorensis,0.98
Junonia lemonias,Acraea terpsicore,0.98
Kallima sylvia,Cethosia cyane,0.98
Leea rubra,Crithagra atrogularis,0.98
Leptobrachium hendricksoni,Actias maenas,0.98
Leptocoma calcostetha,Chalcoparia singalensis,0.98
Leptotes plinius,Rapala cowani,0.98
Leucocoprinus birnbaumii,Scytodes fusca,0.98
Locustella certhiola,Samia wangi,0.98
Marumba amboinicus,Elibia dolichus,0.98
Mecopoda stridulata,Ethmostigmus rubripes,0.98
Megalurus palustris,Hylobates lar,0.98
Megisba malaya,Prosotas nora,0.98
Momordica charantia,Anhinga melanogaster,0.98
Nepenthes gracilis,Scytodes pallida,0.98
Paguma larvata,Hylobates lar,0.98
Pavo muticus,Synoicus chinensis,0.98
Phyllanthus emblica,Gymnostoma sumatranum,0.98
Phyllodesmium macphersonae,Gastropteron bicornutum,0.98
Pilea microphylla,Hirundo javanica,0.98
Pitta guajana,Phyllodesmium briareum,0.98
Pontederia crassipes,Cocos nucifera,0.98
Prosotas nora,Megisba malaya,0.98
Radianthus magnifica,Cerynia albata,0.98
Rapala cowani,Leptotes plinius,0.98
Ratufa bicolor,Callosciurus erythraeus,0.98
Rhinocypha colorata,Rhinocypha humeralis,0.98
Rhinocypha humeralis,Rhinocypha colorata,0.98
Samia wangi,Locustella certhiola,0.98
Samia wangi,Sitta solangiae,0.98
Scytodes pallida,Nepenthes gracilis,0.98
Seemannia sylvatica,Crescentia cujete,0.98
Senna occidentalis,Erebus macrops,0.98
Sitta solangiae,Samia wangi,0.98
Sphagneticola trilobata,Duttaphrynus melanostictus,0.98
Synoicus chinensis,Pavo muticus,0.98
Tectona grandis,Hyptis capitata,0.98
Theretra nessus,Amplypterus panopus,0.98
Tringa brevipes,Calidris tenuirostris,0.98
Trithemis festiva,Cratilla metallica,0.98
Anoplodesmus saussurii,Tylorida ventralis,0.979
Anthracoceros albirostris,Rhipidura javanica,0.979
Antidesma velutinosum,Torenia crustacea,0.979
Antigonon leptopus,Canna indica,0.979
Antigonon leptopus,Pseudocirrhipathes mapia,0.979
Argiope appensa,Gasteracantha diadesmia,0.979
Argiope dang,Gasteracantha mengei,0.979
Arhopala epimuta,Prosotas nora,0.979
Belenois java,Pieris rapae,0.979
Bidens alba,Cyanthillium cinereum,0.979
Cairina moschata,Dendrocygna arcuata,0.979
Castalius rosimon,Leptotes plinius,0.979
Catacanthus incarnatus,Horridipamera nietneri,0.979
Chrysochroa fulminans,Dicaeum trochileum,0.979
Cocos nucifera,Euphorbia hirta,0.979
Cyanthillium cinereum,Bidens alba,0.979
Dendrocygna arcuata,Cairina moschata,0.979
Elattoneura analis,Prodasineura hyperythra,0.979
Elibia dolichus,Tajuria dominus,0.979
Euphorbia hirta,Cocos nucifera,0.979
Falco tinnunculus,Upupa epops,0.979
Gasteracantha diadesmia,Argiope appensa,0.979
Gasteracantha mengei,Argiope dang,0.979
Heteropoda venatoria,Todiramphus chloris,0.979
Hibiscus sabdariffa,Treron curvirostra,0.979
Horridipamera nietneri,Catacanthus incarnatus,0.979
Hylarana erythraea,Leucauge argentina,0.979
Hyllus semicupreus,Phintelloides versicolor,0.979
Hypsipetes leucocephalus,Pycnonotus jocosus,0.979
Lathrecista asiatica,Cratilla metallica,0.979
Lathrecista asiatica,Hydrobasileus croceus,0.979
Leptotes plinius,Castalius rosimon,0.979
Leucauge argentina,Hylarana erythraea,0.979
Leucocoprinus birnbaumii,Rhacophorus reinwardtii,0.979
Limnonectes malesianus,Limnonectes microdiscus,0.979
Limnonectes microdiscus,Limnonectes malesianus,0.979
Lonchodes brevipes,Thalamita spinimana,0.979
Melastoma malabathricum,Microporus xanthopus,0.979
Microporus xanthopus,Melastoma malabathricum,0.979
Milvus migrans,Aviceda leuphotes,0.979
Nihonhimea mundula,Upupa epops,0.979
Nymphaea rubra,Upupa epops,0.979
Otus lettia,Strix seloputo,0.979
Pachliopta kotzebuea,Papilio alphenor,0.979
Pandion haliaetus,Upupa epops,0.979
Papilio alphenor,Pachliopta kotzebuea,0.979
Phintelloides versicolor,Hyllus semicupreus,0.979
Pieris rapae,Belenois java,0.979
Pitta guajana,Hydrocotyle sibthorpioides,0.979
Pitta megarhyncha,Vandellia diffusa,0.979
Prodasineura hyperythra,Elattoneura analis,0.979
Prosotas nora,Arhopala epimuta,0.979
Pycnonotus aurigaster,Spodoptera litura,0.979
Pycnonotus flaviventris,Pycnonotus blanfordi,0.979
Rhipidura javanica,Anthracoceros albirostris,0.979
Schleichera oleosa,Crescentia cujete,0.979
Spilostethus hospes,Upupa epops,0.979
Spodoptera litura,Pycnonotus aurigaster,0.979
Syzygium samarangense,Gastropteron bicornutum,0.979
Thalamita spinimana,Lonchodes brevipes,0.979
Todiramphus chloris,Heteropoda venatoria,0.979
Treron curvirostra,Hibiscus sabdariffa,0.979
Tylorida ventralis,Anoplodesmus saussurii,0.979
Upupa epops,Falco tinnunculus,0.979
Upupa epops,Nymphaea rubra,0.979
Upupa epops,Pandion haliaetus,0.979
Upupa epops,Spilostethus hospes,0.979
Vandellia diffusa,Pitta megarhyncha,0.979
Aerodramus fuciphagus,Alopias pelagicus,0.978
Agaricus trisulphuratus,Mimusops elengi,0.978
Alopias pelagicus,Aerodramus fuciphagus,0.978
Antidesma velutinosum,Trigoniulus corallinus,0.978
Apis laboriosa,Cyperus brevifolius,0.978
Asystasia intrusa,Cocos nucifera,0.978
Callosciurus erythraeus,Tamiops rodolphii,0.978
Cethosia cyane,Moduza procris,0.978
Chlidonias hybrida,Coccinia grandis,0.978
Chrysochroa fulminans,Sagaminopteron psychedelicum,0.978
Coccinia grandis,Chlidonias hybrida,0.978
Cocos nucifera,Asystasia intrusa,0.978
Creobroter gemmatus,Dodonaea viscosa,0.978
Cyperus brevifolius,Apis laboriosa,0.978
Dodonaea viscosa,Creobroter gemmatus,0.978
Enicurus schistaceus,Phoenicurus fuliginosus,0.978
Gasteracantha rubrospinis,Poltys illepidus,0.978
Gomphrena serrata,Upupa epops,0.978
Haliastur indus,Hirundo rustica,0.978
Herpestes javanicus,Meiglyptes tristis,0.978
Hibiscus sabdariffa,Sida acuta,0.978
Hirundo rustica,Haliastur indus,0.978
Impatiens platypetala,Dicaeum trochileum,0.978
Ipomoea hederifolia,Xenostegia tridentata,0.978
Mimusops elengi,Agaricus trisulphuratus,0.978
Moduza procris,Cethosia cyane,0.978
Nembrotha lineolata,Thecacera picta,0.978
Paguma larvata,Sitta frontalis,0.978
Pareuchaetes pseudoinsulata,Zurobata vacillans,0.978
Phoenicurus fuliginosus,Enicurus schistaceus,0.978
Pilea microphylla,Pistia stratiotes,0.978
Pistia stratiotes,Pilea microphylla,0.978
Poltys illepidus,Gasteracantha rubrospinis,0.978
Pteraeolidia semperi,Nepenthes tobaica,0.978
Pteraeolidia semperi,Persicaria barbata,0.978
Riptortus pedestris,Mangifera indica,0.978
Scolopendra dehaani,Oriolus xanthornus,0.978
Sida acuta,Hibiscus sabdariffa,0.978
Sitta frontalis,Paguma larvata,0.978
Tamiops rodolphii,Callosciurus erythraeus,0.978
Thecacera picta,Nembrotha lineolata,0.978
Tringa stagnatilis,Calidris pygmaea,0.978
Vestalis amethystina,Galeopterus variegatus,0.978
Vestalis amethystina,Mycena chlorophos,0.978
Vestalis amethystina,Rostratula benghalensis,0.978
Vestalis amethystina,Sesuvium portulacastrum,0.978
Xenostegia tridentata,Ipomoea hederifolia,0.978
Zanclostomus curvirostris,Zanclostomus javanicus,0.978
Zanclostomus javanicus,Zanclostomus curvirostris,0.978
Aerodramus fuciphagus,Aerodramus germani,0.977
Aerodramus germani,Aerodramus fuciphagus,0.977
Anastomus oscitans,Psilopogon haemacephalus,0.977
Anepsion maritatum,Gasteracantha rubrospinis,0.977
Anoplolepis gracilipes,Cerynia albata,0.977
Antidesma velutinosum,Pergesa acteus,0.977
Apis cerana,Neurothemis fulvia,0.977
Argiope aemula,Argiope appensa,0.977
Argiope appensa,Argiope aemula,0.977
Argiope appensa,Argiope versicolor,0.977
Argiope versicolor,Argiope appensa,0.977
Averrhoa bilimbi,Averrhoa carambola,0.977
Averrhoa carambola,Averrhoa bilimbi,0.977
Brachydiplax chalybea,Brachythemis contaminata,0.977
Brachydiplax chalybea,Rhyothemis variegata,0.977
Brachythemis contaminata,Brachydiplax chalybea,0.977
Brassica rapa,Baryrhynchus miles,0.977
Brassica rapa,Heteropteryx dilatata,0.977
Brassica rapa,Imma mylias,0.977
Breynia vitis-idaea,Trigoniulus macropygus,0.977
Buceros bicornis,Buceros hydrocorax,0.977
Buceros hydrocorax,Buceros bicornis,0.977
Calliphara nobilis,Chrysocoris stollii,0.977
Caprimulgus macrurus,Nola pumila,0.977
Catacanthus incarnatus,Costus woodsonii,0.977
Celosia argentea,Falco tinnunculus,0.977
Celosia argentea,Pandion haliaetus,0.977
Chalcophaps indica,Ducula badia,0.977
Chrysochroa fulminans,Dendrocitta occipitalis,0.977
Chrysocoris stollii,Calliphara nobilis,0.977
Chrysodema dalmanni,Strigoptera bimaculata,0.977
Coix lacryma-jobi,Eragrostis tenella,0.977
Corvus macrorhynchos,Pernis ptilorhynchus,0.977
Costus woodsonii,Catacanthus incarnatus,0.977
Costus woodsonii,Leptoglossus gonagra,0.977
Creobroter gemmatus,Nomascus gabriellae,0.977
Cucumis melo,Persicaria barbata,0.977
Ducula badia,Chalcophaps indica,0.977
Eragrostis tenella,Coix lacryma-jobi,0.977
Gallirallus torquatus,Motacilla alba,0.977
Hamadruas hieroglyphica,Ploceus hypoxanthus,0.977
Heterometrus spinifer,Asplenium nidus,0.977
Heterometrus spinifer,Calophyllum inophyllum,0.977
Heterometrus spinifer,Chalia pulchra,0.977
Heterometrus spinifer,Ludwigia sedioides,0.977
Hymenopus coronatus,Paguma larvata,0.977
Ingerophrynus philippinicus,Phylloscopus fuscatus,0.977
Leptobrachium hendricksoni,Megalurus palustris,0.977
Macaca nemestrina,Trachypithecus obscurus,0.977
Mecopoda stridulata,Littoraria angulifera,0.977
Megalurus palustris,Leptobrachium hendricksoni,0.977
Miconia crenata,Hydrocotyle sibthorpioides,0.977
Motacilla alba,Gallirallus torquatus,0.977
Motacilla alba,Upupa epops,0.977
Myophonus caeruleus,Phoenicurus auroreus,0.977
Neurothemis fulvia,Apis cerana,0.977
Nola pumila,Caprimulgus macrurus,0.977
Nola pumila,Glareola maldivarum,0.977
Nola pumila,Lyssa zampa,0.977
Nomascus gabriellae,Creobroter gemmatus,0.977
Oxya intricata,Trilophidia annulata,0.977
Paguma larvata,Hymenopus coronatus,0.977
Pernis ptilorhynchus,Corvus macrorhynchos,0.977
Phoenicurus auroreus,Myophonus caeruleus,0.977
Phylloscopus fuscatus,Ingerophrynus philippinicus,0.977
Ploceus hypoxanthus,Hamadruas hieroglyphica,0.977
Pseudopachybrachius guttus,Zosterops meyeni,0.977
Psilopogon haemacephalus,Anastomus oscitans,0.977
Pteris vittata,Acrostichum aureum,0.977
Pycnonotus finlaysoni,Pycnonotus jocosus,0.977
Rhyothemis variegata,Brachydiplax chalybea,0.977
Salurnis marginella,Heterometrus spinifer,0.977
Strigoptera bimaculata,Chrysodema dalmanni,0.977
Trachypithecus obscurus,Macaca nemestrina,0.977
Trigoniulus macropygus,Breynia vitis-idaea,0.977
Trilophidia annulata,Oxya intricata,0.977
Zosterops meyeni,Pseudopachybrachius guttus,0.977
Acisoma panorpoides,Tholymis tillarga,0.976
Alcedo atthis,Halcyon gularis,0.976
Anepsion maritatum,Thelacantha brevispina,0.976
Anoplolepis gracilipes,Lanius collurioides,0.976
Anthracoceros albirostris,Halcyon smyrnensis,0.976
Antidesma velutinosum,Pseudoxya diminuta,0.976
Argyreia capitiformis,Sitta frontalis,0.976
Butastur indicus,Circus melanoleucos,0.976
Cacatua goffiniana,Psittacula krameri,0.976
Callosciurus erythraeus,Menetes berdmorei,0.976
Callosciurus erythraeus,Tamiops maritimus,0.976
Casuarina equisetifolia,Leucopsar rothschildi,0.976
Ceriops tagal,Rhizophora apiculata,0.976
Chloris monguilloti,Kalanchoe pinnata,0.976
Cyclosorus interruptus,Archaster typicus,0.976
Cyclosorus interruptus,Platycerium grande,0.976
Cyclosorus interruptus,Vasum turbinellus,0.976
Cyperus brevifolius,Xylocopa minor,0.976
Dracaena fragrans,Falco peregrinus,0.976
Ethmostigmus rubripes,Heterometrus spinifer,0.976
Eumyias thalassinus,Phoenicurus auroreus,0.976
Falco peregrinus,Dracaena fragrans,0.976
Gandaca harina,Pieris rapae,0.976
Geokichla citrina,Rhynchium haemorrhoidale,0.976
Grona triflora,Indigofera hendecaphylla,0.976
Halcyon gularis,Alcedo atthis,0.976
Halcyon smyrnensis,Anthracoceros albirostris,0.976
Indigofera hendecaphylla,Grona triflora,0.976
Junonia lemonias,Junonia orithya,0.976
Junonia orithya,Junonia lemonias,0.976
Leptobrachium hendricksoni,Chloropsis hardwickii,0.976
Leptobrachium hendricksoni,Gerygone sulphurea,0.976
Leptobrachium hendricksoni,Malpighia emarginata,0.976
Leucopsar rothschildi,Casuarina equisetifolia,0.976
Menetes berdmorei,Callosciurus erythraeus,0.976
Milvus migrans,Butastur liventer,0.976
Motacilla alba,Falco tinnunculus,0.976
Nepenthes gracilis,Agaricus trisulphuratus,0.976
Orthotomus sutorius,Falco tinnunculus,0.976
Orthotomus sutorius,Nihonhimea mundula,0.976
Orthotomus sutorius,Nymphaea rubra,0.976
Orthotomus sutorius,Pandion haliaetus,0.976
Orthotomus sutorius,Spilostethus hospes,0.976
Phoenicurus auroreus,Eumyias thalassinus,0.976
Pieris rapae,Gandaca harina,0.976
Plexippus petersi,Senna occidentalis,0.976
Ploceus philippinus,Heterometrus spinifer,0.976
Ploceus philippinus,Pulchriphyllium giganteum,0.976
Ploceus philippinus,Utricularia aurea,0.976
Poltys illepidus,Thelacantha brevispina,0.976
Pseudopachybrachius guttus,Hydrocotyle verticillata,0.976
Psittacula krameri,Cacatua goffiniana,0.976
Pulchriphyllium giganteum,Ploceus philippinus,0.976
Radianthus magnifica,Kalanchoe pinnata,0.976
Rhizophora apiculata,Ceriops tagal,0.976
Rhyothemis triangularis,Zyxomma petiolatum,0.976
Scolia binotata,Solanum lycopersicum,0.976
Senna occidentalis,Plexippus petersi,0.976
Solanum lycopersicum,Scolia binotata,0.976
Tamiops maritimus,Callosciurus erythraeus,0.976
Thalamita spinimana,Phyllidia elegans,0.976
Thelacantha brevispina,Anepsion maritatum,0.976
Tholymis tillarga,Acisoma panorpoides,0.976
Trithemis festiva,Agrionoptera insignis,0.976
Trithemis festiva,Rhodothemis rufa,0.976
Xylocopa minor,Cyperus brevifolius,0.976
Zyxomma petiolatum,Rhyothemis triangularis,0.976
Acalypha indica,Jatropha gossypiifolia,0.975
Alopias pelagicus,Cyclosorus interruptus,0.975
Anthreptes rhodolaemus,Leptocoma calcostetha,0.975
Asystasia intrusa,Euphorbia hirta,0.975
Bactrocera dorsalis,Cerynia albata,0.975
Bactrocera dorsalis,Kalanchoe pinnata,0.975
Bactrocera hochii,Geokichla citrina,0.975
Caprimulgus macrurus,Ricanula pulverosa,0.975
Clerodendrum japonicum,Tectona grandis,0.975
Codiaeum variegatum,Manihot esculenta,0.975
Cosmophasis lami,Psilopogon haemacephalus,0.975
Creobroter gemmatus,Locustella certhiola,0.975
Crithagra atrogularis,Geokichla citrina,0.975
Dendrocygna arcuata,Spatula clypeata,0.975
Dicrurus paradiseus,Vanellus indicus,0.975
Erebus macrops,Leucaena leucocephala,0.975
Euphorbia hirta,Asystasia intrusa,0.975
Euphorbia pulcherrima,Jatropha podagrica,0.975
Eurema simulatrix,Pieris rapae,0.975
Eurysaspis flavescens,Hellenia speciosa,0.975
Geokichla citrina,Bactrocera hochii,0.975
Geokichla citrina,Crithagra atrogularis,0.975
Haliaeetus leucogaster,Haliastur indus,0.975
Haliastur indus,Haliaeetus leucogaster,0.975
Heliocypha biforata,Libellago phaethon,0.975
Hellenia speciosa,Euphaea refulgens,0.975
Hellenia speciosa,Eurysaspis flavescens,0.975
Herpestes javanicus,Dendrocopos analis,0.975
Impatiens platypetala,Impatiens walleriana,0.975
Impatiens walleriana,Impatiens platypetala,0.975
Ixos mcclellandii,Pycnonotus jocosus,0.975
Jatropha gossypiifolia,Acalypha indica,0.975
Jatropha podagrica,Euphorbia pulcherrima,0.975
Jatropha podagrica,Mallotus philippensis,0.975
Leptocoma calcostetha,Anthreptes rhodolaemus,0.975
Leucaena leucocephala,Erebus macrops,0.975
Leucaena leucocephala,Mimosa pudica,0.975
Libellago phaethon,Heliocypha biforata,0.975
Locustella certhiola,Creobroter gemmatus,0.975
Locustella certhiola,Sitta solangiae,0.975
Mallotus philippensis,Jatropha podagrica,0.975
Manihot esculenta,Codiaeum variegatum,0.975
Megophrys nasuta,Pulchriphyllium giganteum,0.975
Mimosa pudica,Leucaena leucocephala,0.975
Moduza procris,Neptis hylas,0.975
Neptis hylas,Moduza procris,0.975
Nycticorax nycticorax,Macaca fascicularis,0.975
Orthetrum chrysis,Rhyothemis variegata,0.975
Pernis ptilorhynchus,Rhipidura javanica,0.975
Phylloscopus coronatus,Saxicola caprata,0.975
Pieris rapae,Eurema simulatrix,0.975
Poltys illepidus,Gasteracantha diadesmia,0.975
Prodasineura collaris,Prodasineura notostigma,0.975
Prodasineura notostigma,Prodasineura collaris,0.975
Psilopogon haemacephalus,Cosmophasis lami,0.975
Pulchriphyllium giganteum,Megophrys nasuta,0.975
Rhipidura javanica,Pernis ptilorhynchus,0.975
Rhyothemis variegata,Orthetrum chrysis,0.975
Saxicola caprata,Phylloscopus coronatus,0.975
Schleichera oleosa,Collocalia linchi,0.975
Schleichera oleosa,Hystrix javanica,0.975
Schleichera oleosa,Mecardonia procumbens,0.975
Seemannia sylvatica,Persicaria barbata,0.975
Sitta solangiae,Locustella certhiola,0.975
Spatula clypeata,Dendrocygna arcuata,0.975
Tectona grandis,Clerodendrum japonicum,0.975
Torenia concolor,Nomia incerta,0.975
Tringa stagnatilis,Calidris falcinellus,0.975
Vanellus indicus,Dicrurus paradiseus,0.975
Acraea terpsicore,Moduza procris,0.974
Aethopyga siparaja,Dicrurus paradiseus,0.974
Anas platyrhynchos,Dendrocygna arcuata,0.974
Aplonis panayensis,Clogmia albipunctatus,0.974
Baphia nitida,Peltophorum pterocarpum,0.974
Bulbophyllum gracillimum,Spathoglottis plicata,0.974
Caloenas nicobarica,Dracaena fragrans,0.974
Cassia fistula,Peltophorum pterocarpum,0.974
Chalybion bengalense,Iris domestica,0.974
Chalybion bengalense,Lyssa zampa,0.974
Chalybion bengalense,Sesuvium portulacastrum,0.974
Chrysochroa fulminans,Nepenthes tobaica,0.974
Cisticola juncidis,Prinia inornata,0.974
Clogmia albipunctatus,Aplonis panayensis,0.974
Copera marginipes,Elattoneura analis,0.974
Crepidium koordersii,Hydrocotyle sibthorpioides,0.974
Cyrestis thyodamas,Kallima sylvia,0.974
Dendrocygna arcuata,Anas platyrhynchos,0.974
Dicrurus paradiseus,Aethopyga siparaja,0.974
Dracaena fragrans,Caloenas nicobarica,0.974
Elattoneura analis,Copera marginipes,0.974
Erronea onyx,Monetaria annulus,0.974
Ficus benjamina,Ficus rumphii,0.974
Ficus rumphii,Ficus benjamina,0.974
Gallinula chloropus,Porzana paykullii,0.974
Gargara projecta,Phyllidia elegans,0.974
Heterometrus laevigatus,Ploceus hypoxanthus,0.974
Jatropha curcas,Ceratosoma tenue,0.974
Jatropha gossypiifolia,Ceratosoma tenue,0.974
Kallima sylvia,Cyrestis thyodamas,0.974
Lantana camara,Ruellia simplex,0.974
Leucocoprinus birnbaumii,Lampides boeticus,0.974
Leucocoprinus birnbaumii,Phyllodesmium briareum,0.974
Moduza procris,Acraea terpsicore,0.974
Monetaria annulus,Erronea onyx,0.974
Nepenthes gracilis,Leptoglossus gonagra,0.974
Peltophorum pterocarpum,Baphia nitida,0.974
Peltophorum pterocarpum,Cassia fistula,0.974
Phyllidia ocellata,Sphinctotropis paviei,0.974
Ploceus hypoxanthus,Heterometrus laevigatus,0.974
Pontederia crassipes,Sphagneticola trilobata,0.974
Porzana paykullii,Gallinula chloropus,0.974
Prinia inornata,Cisticola juncidis,0.974
Protaetia fusca,Xylotrupes gideon,0.974
Ruellia simplex,Lantana camara,0.974
Solenopsis geminata,Nihonhimea mundula,0.974
Solenopsis geminata,Spilostethus hospes,0.974
Solenopsis geminata,Upupa epops,0.974
Sonneratia alba,Trigoniulus macropygus,0.974
Spathoglottis plicata,Bulbophyllum gracillimum,0.974
Sphagneticola trilobata,Pontederia crassipes,0.974
Sphinctotropis paviei,Phyllidia ocellata,0.974
Trigoniulus macropygus,Sonneratia alba,0.974
Tringa stagnatilis,Calidris ferruginea,0.974
Vir philippinensis,Agaricus trisulphuratus,0.974
Xylotrupes gideon,Protaetia fusca,0.974
Aeschynanthus pedunculatus,Microcarbo niger,0.973
Aethopyga siparaja,Eudynamys scolopaceus,0.973
Aethriamanta gracilis,Ropalidia stigma,0.973
Ancylomenes holthuisi,Condica illecta,0.973
Anoplolepis gracilipes,Cosmoscarta abdominalis,0.973
Anoplolepis gracilipes,Ctenolepisma calvum,0.973
Anthracoceros albirostris,Corvus macrorhynchos,0.973
Argiope aemula,Poltys illepidus,0.973
Averrhoa bilimbi,Oxalis debilis,0.973
Aythya fuligula,Dendrocygna arcuata,0.973
Belenois java,Gandaca harina,0.973
Condica illecta,Ancylomenes holthuisi,0.973
Corvus macrorhynchos,Anthracoceros albirostris,0.973
Dendrocygna arcuata,Aythya fuligula,0.973
Dremomys rufigenis,Ideopsis gaura,0.973
Erronea cylindrica,Macaria abydata,0.973
Eudynamys scolopaceus,Aethopyga siparaja,0.973
Eurema hecabe,Leptosia nina,0.973
Ficus benjamina,Ficus caulocarpa,0.973
Ficus benjamina,Ficus pumila,0.973
Ficus caulocarpa,Ficus benjamina,0.973
Ficus pumila,Ficus benjamina,0.973
Gallinula chloropus,Porzana cinerea,0.973
Gandaca harina,Belenois java,0.973
Goniobranchus fidelis,Hypselodoris katherinae,0.973
Hellenia speciosa,Physomerus grossipes,0.973
Herpestes javanicus,Yungipicus canicapillus,0.973
Hypselodoris katherinae,Goniobranchus fidelis,0.973
Hypselodoris katherinae,Mexichromis trilineata,0.973
Impatiens walleriana,Xylocopa aestuans,0.973
Laevicaulis alte,Orthotomus ruficeps,0.973
Leptosia nina,Eurema hecabe,0.973
Macaca nemestrina,Nasalis larvatus,0.973
Menetes berdmorei,Ratufa bicolor,0.973
Mexichromis trilineata,Hypselodoris katherinae,0.973
Microcarbo niger,Aeschynanthus pedunculatus,0.973
Milvus migrans,Aquila clanga,0.973
Nasalis larvatus,Macaca nemestrina,0.973
Nepenthes gracilis,Horridipamera nietneri,0.973
Nisaetus cirrhatus,Terminalia catappa,0.973
Onomarchus uninotatus,Annona squamosa,0.973
Orthotomus ruficeps,Laevicaulis alte,0.973
Oxalis debilis,Averrhoa bilimbi,0.973
Paguma larvata,Azima sarmentosa,0.973
Paguma larvata,Harpactes oreskios,0.973
Parus cinereus,Parus monticolus,0.973
Parus monticolus,Parus cinereus,0.973
Phyllodesmium macphersonae,Antigonon leptopus,0.973
Physomerus grossipes,Hellenia speciosa,0.973
Porzana cinerea,Gallinula chloropus,0.973
Psilopogon haemacephalus,Psilopogon lineatus,0.973
Psilopogon lineatus,Psilopogon haemacephalus,0.973
Quantula striata,Rhynchium haemorrhoidale,0.973
Ratufa bicolor,Menetes berdmorei,0.973
Ropalidia stigma,Aethriamanta gracilis,0.973
Terminalia catappa,Nisaetus cirrhatus,0.973
Traulia azureipennis,Trilophidia annulata,0.973
Trilophidia annulata,Traulia azureipennis,0.973
Trilophidia annulata,Xenocatantops humilis,0.973
Tringa stagnatilis,Numenius arquata,0.973
Xenocatantops humilis,Trilophidia annulata,0.973
Xylocopa aestuans,Impatiens walleriana,0.973
Acraea terpsicore,Anthracoceros albirostris,0.972
Anepsion maritatum,Argiope versicolor,0.972
Anthracoceros albirostris,Acraea terpsicore,0.972
Anthracoceros albirostris,Neptis hylas,0.972
Anthreptes malacensis,Odontomantis planiceps,0.972
Apis cerana,Orthetrum sabina,0.972
Argiope appensa,Gasteracantha rubrospinis,0.972
Bonnaya antipoda,Trigoniulus macropygus,0.972
Brachydiplax chalybea,Orthetrum chrysis,0.972
Cacatua haematuropygia,Loriculus philippensis,0.972
Ceratosoma trilobatum,Chromodoris annae,0.972
Ceriagrion auranticum,Mortonagrion aborense,0.972
Chromodoris alcalai,Hypselodoris katherinae,0.972
Chromodoris annae,Ceratosoma trilobatum,0.972
Clerodendrum thomsoniae,Ocimum tenuiflorum,0.972
Crepidium koordersii,Scytodes fusca,0.972
Elattoneura analis,Prodasineura notostigma,0.972
Enicurus schistaceus,Phylloscopus fuscatus,0.972
Euripus nyctelius,Kallima sylvia,0.972
Ficedula elisae,Ficedula zanthopygia,0.972
Ficedula zanthopygia,Ficedula elisae,0.972
Gallirallus torquatus,Celosia argentea,0.972
Gallus varius,Pavo muticus,0.972
Geokichla citrina,Caprimulgus macrurus,0.972
Gesonula mundata,Trilophidia annulata,0.972
Gomphrena serrata,Celosia argentea,0.972
Herpestes javanicus,Sasia ochracea,0.972
Hibiscus sabdariffa,Urena lobata,0.972
Hypselodoris katherinae,Chromodoris alcalai,0.972
Impatiens walleriana,Dicaeum trochileum,0.972
Kallima sylvia,Euripus nyctelius,0.972
Lanius cristatus,Oriolus chinensis,0.972
Lathrecista asiatica,Trithemis festiva,0.972
Loriculus philippensis,Cacatua haematuropygia,0.972
Microporus xanthopus,Pteruthius aeralatus,0.972
Mortonagrion aborense,Ceriagrion auranticum,0.972
Nepenthes gracilis,Euphaea ochracea,0.972
Neptis hylas,Anthracoceros albirostris,0.972
Nomia fuscipennis,Pitta megarhyncha,0.972
Ocimum tenuiflorum,Clerodendrum thomsoniae,0.972
Odontomantis planiceps,Anthreptes malacensis,0.972
Oriolus chinensis,Lanius cristatus,0.972
Orthetrum chrysis,Brachydiplax chalybea,0.972
Orthetrum sabina,Apis cerana,0.972
Pavo muticus,Gallus varius,0.972
Penthicodes farinosa,Pyrops oculatus,0.972
Phylloscopus fuscatus,Phylloscopus inornatus,0.972
Phylloscopus inornatus,Phylloscopus fuscatus,0.972
Physomerus grossipes,Hydrocotyle verticillata,0.972
Pitta megarhyncha,Nomia fuscipennis,0.972
Prodasineura notostigma,Elattoneura analis,0.972
Psittacula krameri,Psittacula longicauda,0.972
Psittacula longicauda,Psittacula krameri,0.972
Pteruthius aeralatus,Microporus xanthopus,0.972
Pyrops oculatus,Penthicodes farinosa,0.972
Trigoniulus macropygus,Bonnaya antipoda,0.972
Trilophidia annulata,Gesonula mundata,0.972
Urena lobata,Hibiscus sabdariffa,0.972
Zosterops meyeni,Euphaea refulgens,0.972
Anas luzonica,Dendrocygna arcuata,0.971
Argiope aemula,Gasteracantha diadesmia,0.971
Baphia nitida,Senna alata,0.971
Blechnopsis orientalis,Heterotrigona itama,0.971
Callosciurus orestes,Ideopsis gaura,0.971
Catopsilia pyranthe,Pieris rapae,0.971
Cerbera odollam,Hippobroma longiflora,0.971
Clerodendrum japonicum,Clerodendrum thomsoniae,0.971
Clerodendrum thomsoniae,Clerodendrum japonicum,0.971
Clitoria ternatea,Graphium sarpedon,0.971
Clitoria ternatea,Plexippus petersi,0.971
Columba livia,Geopelia striata,0.971
Copera marginipes,Copera vittata,0.971
Copera vittata,Copera marginipes,0.971
Corypha utan,Culicicapa helianthea,0.971
Costus woodsonii,Utricularia aurea,0.971
Crithagra atrogularis,Nola pumila,0.971
Culicicapa helianthea,Corypha utan,0.971
Cyrtophora cylindroides,Trichonephila antipodiana,0.971
Dendrocygna arcuata,Anas luzonica,0.971
Deudorix epijarbas,Leptotes plinius,0.971
Dremomys rufigenis,Callosciurus erythraeus,0.971
Eucalyptus deglupta,Antigonon leptopus,0.971
Garrulax leucolophus,Sternula albifrons,0.971
Geopelia striata,Columba livia,0.971
Graphium sarpedon,Clitoria ternatea,0.971
Gymnostoma sumatranum,Lariscus niobe,0.971
Heterotrigona itama,Blechnopsis orientalis,0.971
Hippobroma longiflora,Cerbera odollam,0.971
Hypsipetes leucocephalus,Pycnonotus blanfordi,0.971
Lariscus niobe,Gymnostoma sumatranum,0.971
Leptotes plinius,Deudorix epijarbas,0.971
Limnonectes woodworthi,Vestalis melania,0.971
Macaca leonina,Trachypithecus delacouri,0.971
Macaca nemestrina,Presbytis siamensis,0.971
Meganoton nyctiphanes,Theretra nessus,0.971
Miconia crenata,Leucocoprinus birnbaumii,0.971
Mycteria leucocephala,Podiceps cristatus,0.971
Nososticta insignis,Prodasineura notostigma,0.971
Parmarion martensi,Phyllidia ocellata,0.971
Phyllidia ocellata,Parmarion martensi,0.971
Phyllidia ocellata,Scaevola taccada,0.971
Pieris rapae,Catopsilia pyranthe,0.971
Pitta megarhyncha,Quantula striata,0.971
Plexippus petersi,Clitoria ternatea,0.971
Ploceus hypoxanthus,Utricularia gibba,0.971
Podiceps cristatus,Mycteria leucocephala,0.971
Poritia erycinoides,Prosotas nora,0.971
Presbytis siamensis,Macaca nemestrina,0.971
Prodasineura notostigma,Nososticta insignis,0.971
Prosotas nora,Poritia erycinoides,0.971
Quantula striata,Pitta megarhyncha,0.971
Rhipidura javanica,Acraea terpsicore,0.971
Ropalidia stigma,Thalamita spinimana,0.971
Scaevola taccada,Phyllidia ocellata,0.971
Senna alata,Baphia nitida,0.971
Sternula albifrons,Garrulax leucolophus,0.971
Tagiades gana,Potanthus omaha,0.971
Thalamita spinimana,Ropalidia stigma,0.971
Theretra nessus,Meganoton nyctiphanes,0.971
Theretra nessus,Theretra oldenlandiae,0.971
Theretra oldenlandiae,Theretra nessus,0.971
Tholymis tillarga,Tramea transmarina,0.971
Trachypithecus delacouri,Macaca leonina,0.971
Tramea transmarina,Tholymis tillarga,0.971
Trichonephila antipodiana,Cyrtophora cylindroides,0.971
Utricularia gibba,Ploceus hypoxanthus,0.971
Vestalis melania,Limnonectes woodworthi,0.971
Xylocopa aestuans,Dicaeum trochileum,0.971
Acalypha siamensis,Ceratosoma tenue,0.97
Aethopyga gouldiae,Arachnothera magna,0.97
Aethriamanta gracilis,Zyxomma petiolatum,0.97
Agriocnemis femina,Pseudagrion microcephalum,0.97
Ancylomenes holthuisi,Favorinus mirabilis,0.97
Apis cerana,Rhyothemis variegata,0.97
Arachnothera magna,Aethopyga gouldiae,0.97
Arachnothera magna,Cinnyris jugularis,0.97
Argiope aemula,Argiope versicolor,0.97
Basella alba,Solanum torvum,0.97
Catharanthus roseus,Ruellia simplex,0.97
Cethosia cyane,Junonia lemonias,0.97
Chromodoris willani,Hypselodoris katherinae,0.97
Cinnyris jugularis,Arachnothera magna,0.97
Coeliccia membranipes,Copera marginipes,0.97
Condica illecta,Favorinus mirabilis,0.97
Copera marginipes,Coeliccia membranipes,0.97
Corvus splendens,Parus cinereus,0.97
Corypha utan,Hymenocallis littoralis,0.97
Costus woodsonii,Agaricus trisulphuratus,0.97
Dipteris conjugata,Solanum torvum,0.97
Dracaena reflexa,Indigofera hirsuta,0.97
Ducula bicolor,Ptilinopus jambu,0.97
Erpis macularis,Nevrina procopia,0.97
Favorinus mirabilis,Ancylomenes holthuisi,0.97
Favorinus mirabilis,Condica illecta,0.97
Favorinus mirabilis,Phyllidia elegans,0.97
Garrulax leucolophus,Liocichla ripponi,0.97
Gymnostoma sumatranum,Nomia incerta,0.97
Halcyon smyrnensis,Rhipidura javanica,0.97
Heliocypha biforata,Rhinocypha humeralis,0.97
Hemithyrsocera vittata,Oxyopes macilentus,0.97
Hymenocallis littoralis,Corypha utan,0.97
Hypselodoris katherinae,Chromodoris willani,0.97
Laccoptera nepalensis,Rhizophora stylosa,0.97
Lalage nigra,Solanum torvum,0.97
Lathrecista asiatica,Urothemis signata,0.97
Liocichla ripponi,Garrulax leucolophus,0.97
Macaca leonina,Pygathrix nemaeus,0.97
Metaemene atrigutta,Vir philippinensis,0.97
Miconia crenata,Cryptotympana acuta,0.97
Neurothemis tullia,Orthetrum luzonicum,0.97
Nevrina procopia,Erpis macularis,0.97
Orthetrum luzonicum,Neurothemis tullia,0.97
Parus cinereus,Corvus splendens,0.97
Phyllodesmium macphersonae,Hapalochlaena lunulata,0.97
Plexippus paykulli,Thorelliola ensifera,0.97
Pseudagrion microcephalum,Agriocnemis femina,0.97
Pseudagrion pruinosum,Teinobasis laidlawi,0.97
Ptilinopus jambu,Ducula bicolor,0.97
Pygathrix nemaeus,Macaca leonina,0.97
Rhinocypha humeralis,Heliocypha biforata,0.97
Rhipidura javanica,Halcyon smyrnensis,0.97
Rhizophora stylosa,Laccoptera nepalensis,0.97
Rhyothemis variegata,Apis cerana,0.97
Riptortus pedestris,Zanclostomus curvirostris,0.97
Ruellia simplex,Catharanthus roseus,0.97
Solanum torvum,Basella alba,0.97
Solanum torvum,Dipteris conjugata,0.97
Solanum torvum,Lalage nigra,0.97
Tagiades gana,Notocrypta paralysos,0.97
Teinobasis laidlawi,Pseudagrion pruinosum,0.97
Thorelliola ensifera,Plexippus paykulli,0.97
Vir philippinensis,Metaemene atrigutta,0.97
Zanclostomus curvirostris,Riptortus pedestris,0.97
Zyxomma petiolatum,Aethriamanta gracilis,0.97
Acridotheres javanicus,Anthreptes malacensis,0.969
Aethriamanta gracilis,Manilkara zapota,0.969
Anthreptes malacensis,Acridotheres javanicus,0.969
Axis porcinus,Macropygia ruficeps,0.969
Blechnopsis orientalis,Megaloxantha descarpentriesi,0.969
Catopsilia pomona,Pieris rapae,0.969
Chalcorana chalconota,Chalcorana eschatia,0.969
Chalcorana eschatia,Chalcorana chalconota,0.969
Chloris monguilloti,Cerynia albata,0.969
Coccinia grandis,Nypa fruticans,0.969
Corypha utan,Echinothrix diadema,0.969
Dodonaea viscosa,Lanius collurioides,0.969
Echinothrix diadema,Corypha utan,0.969
Erronea cylindrica,Milionia coronifera,0.969
Eurysaspis flavescens,Hydrocotyle verticillata,0.969
Favorinus mirabilis,Spathodea campanulata,0.969
Ficus religiosa,Trilophidia annulata,0.969
Geokichla citrina,Mariaella dussumieri,0.969
Hellenia speciosa,Hydrocotyle verticillata,0.969
Hibiscus rosa-sinensis,Hibiscus sabdariffa,0.969
Hibiscus sabdariffa,Hibiscus rosa-sinensis,0.969
Libellago phaethon,Rhinocypha colorata,0.969
Lophura ignita,Pavo muticus,0.969
Macaca leonina,Macaca mulatta,0.969
Macaca mulatta,Macaca leonina,0.969
Macaranga tanarius,Manihot esculenta,0.969
Macroglossum sitiene,Theretra nessus,0.969
Macropygia ruficeps,Axis porcinus,0.969
Manihot esculenta,Macaranga tanarius,0.969
Manilkara zapota,Aethriamanta gracilis,0.969
Megaloxantha descarpentriesi,Blechnopsis orientalis,0.969
Megophrys nasuta,Utricularia aurea,0.969
Nephila pilipes,Polypedates leucomystax,0.969
Nomascus gabriellae,Samia wangi,0.969
Nomia fuscipennis,Vandellia diffusa,0.969
Nycticorax nycticorax,Lissachatina fulica,0.969
Nypa fruticans,Coccinia grandis,0.969
Polypedates leucomystax,Nephila pilipes,0.969
Prodasineura notostigma,Copera marginipes,0.969
Quantula striata,Galeopterus variegatus,0.969
Quantula striata,Synalpheus stimpsonii,0.969
Quantula striata,Tegillarca granosa,0.969
Rhinocypha colorata,Libellago phaethon,0.969
Samia wangi,Nomascus gabriellae,0.969
Seemannia sylvatica,Dendrocitta occipitalis,0.969
Spathodea campanulata,Favorinus mirabilis,0.969
Theretra nessus,Macroglossum sitiene,0.969
Trilophidia annulata,Ficus religiosa,0.969
Vandellia diffusa,Nomia fuscipennis,0.969
Vir philippinensis,Nepenthes gracilis,0.969
Volkameria inermis,Anacardium occidentale,0.969
Agrilus occipitalis,Scytodes pallida,0.968
Appias libythea,Belenois java,0.968
Appias libythea,Thiania bhamoensis,0.968
Argiope appensa,Thelacantha brevispina,0.968
Brachydiplax chalybea,Orthetrum sabina,0.968
Callosciurus orestes,Ratufa bicolor,0.968
Carex baccans,Leptosia nina,0.968
Casuarina equisetifolia,Lariscus niobe,0.968
Columba livia,Treron vernans,0.968
Copera vittata,Nososticta insignis,0.968
Corvus macrorhynchos,Acraea terpsicore,0.968
Cucumis melo,Oxalis barrelieri,0.968
Cypsiurus balasiensis,Limnonectes woodworthi,0.968
Cyrtophora unicolor,Nephila kuhli,0.968
Echinothrix diadema,Eucalyptus deglupta,0.968
Echinothrix diadema,Gastropteron bicornutum,0.968
Eucalyptus deglupta,Echinothrix diadema,0.968
Eucorynus crassicornis,Carlito syrichta,0.968
Eucorynus crassicornis,Haliotis ovina,0.968
Eucorynus crassicornis,Nephrolepis biserrata,0.968
Eucorynus crassicornis,Plumbago auriculata,0.968
Euripus nyctelius,Junonia lemonias,0.968
Ficedula albicilla,Garrulax monileger,0.968
Gallicrex cinerea,Rallina fasciata,0.968
Garrulax monileger,Ficedula albicilla,0.968
Hypselodoris katherinae,Hypselodoris tryoni,0.968
Hypselodoris tryoni,Hypselodoris katherinae,0.968
Ictinogomphus decoratus,Parmarion martensi,0.968
Ictinogomphus decoratus,Scaevola taccada,0.968
Ictinogomphus decoratus,Sphinctotropis paviei,0.968
Ingerophrynus quadriporcatus,Rhinella marina,0.968
Kolla suturella,Polistes stigma,0.968
Laevicaulis alte,Vespa affinis,0.968
Lariscus niobe,Casuarina equisetifolia,0.968
Leptocentrus taurus,Mecopoda stridulata,0.968
Leptosia nina,Carex baccans,0.968
Limnonectes woodworthi,Cypsiurus balasiensis,0.968
Nephila kuhli,Cyrtophora unicolor,0.968
Nevrina procopia,Parapoynx diminutalis,0.968
Nososticta insignis,Copera vittata,0.968
Nycticorax nycticorax,Hasarius adansoni,0.968
Orthetrum sabina,Brachydiplax chalybea,0.968
Parapoynx diminutalis,Nevrina procopia,0.968
Parmarion martensi,Ictinogomphus decoratus,0.968
Polistes stigma,Kolla suturella,0.968
Pulchriphyllium bioculatum,Azima sarmentosa,0.968
Pulchriphyllium bioculatum,Elephas maximus,0.968
Pulchriphyllium bioculatum,Malpighia emarginata,0.968
Pulchriphyllium bioculatum,Pseudoanthidium orientale,0.968
Pulchriphyllium bioculatum,Rhinolophus luctus,0.968
Rallina fasciata,Gallicrex cinerea,0.968
Ratufa bicolor,Callosciurus orestes,0.968
Rhinella marina,Ingerophrynus quadriporcatus,0.968
Rhizophora stylosa,Silana farinosa,0.968
Scaevola taccada,Ictinogomphus decoratus,0.968
Seemannia sylvatica,Ceratosoma tenue,0.968
Silana farinosa,Rhizophora stylosa,0.968
Sphagneticola trilobata,Tridax procumbens,0.968
Sphinctotropis paviei,Ictinogomphus decoratus,0.968
Thiania bhamoensis,Appias libythea,0.968
Treron vernans,Columba livia,0.968
Tridax procumbens,Sphagneticola trilobata,0.968
Vespa affinis,Laevicaulis alte,0.968
Xylocopa flavonigrescens,Xylocopa latipes,0.968
Xylocopa latipes,Xylocopa flavonigrescens,0.968
Aristocypha fenestrella,Thecacera picta,0.967
Callosciurus prevostii,Callosciurus erythraeus,0.967
Caloenas nicobarica,Chalcophaps indica,0.967
Capsicum annuum,Scolia binotata,0.967
Cassia fistula,Senna alata,0.967
Cecropis daurica,Leucaena leucocephala,0.967
Centropus bengalensis,Clamator coromandus,0.967
Cerbera odollam,Sphinctotropis paviei,0.967
Ceriops tagal,Tylorida ventralis,0.967
Chalcophaps indica,Caloenas nicobarica,0.967
Chromodoris annae,Chromodoris lochi,0.967
Chromodoris lochi,Chromodoris annae,0.967
Clamator coromandus,Centropus bengalensis,0.967
Corvus macrorhynchos,Neptis hylas,0.967
Crepidium koordersii,Cryptotympana acuta,0.967
Crepidium koordersii,Nepenthes tobaica,0.967
Cyrtophora cylindroides,Macracantha hasselti,0.967
Diplacodes trivialis,Orthetrum glaucum,0.967
Erronea cylindrica,Hyposidra talaca,0.967
Erronea cylindrica,Idaea craspedota,0.967
Eucalyptus deglupta,Pycnoscelus indicus,0.967
Euphorbia hirta,Sphagneticola trilobata,0.967
Euripus nyctelius,Moduza procris,0.967
Eurystomus orientalis,Vanellus indicus,0.967
Gallirallus torquatus,Falco tinnunculus,0.967
Gallirallus torquatus,Nihonhimea mundula,0.967
Gallirallus torquatus,Pandion haliaetus,0.967
Heliocypha biforata,Rhinocypha colorata,0.967
Heterotis rotundifolia,Microhyla heymonsi,0.967
Leucaena leucocephala,Cecropis daurica,0.967
Lutrogale perspicillata,Passiflora suberosa,0.967
Macaca leonina,Trachypithecus germaini,0.967
Macracantha hasselti,Cyrtophora cylindroides,0.967
Menetes berdmorei,Nembrotha cristata,0.967
Microhyla heymonsi,Heterotis rotundifolia,0.967
Mirabilis jalapa,Parantica agleoides,0.967
Nembrotha cristata,Menetes berdmorei,0.967
Orthetrum glaucum,Diplacodes trivialis,0.967
Passiflora suberosa,Lutrogale perspicillata,0.967
Pitta megarhyncha,Phyllidia elegans,0.967
Pycnoscelus indicus,Eucalyptus deglupta,0.967
Rhinocypha colorata,Heliocypha biforata,0.967
Rhinortha chlorophaea,Vestalis gracilis,0.967
Salurnis marginella,Ploceus philippinus,0.967
Scolia binotata,Capsicum annuum,0.967
Senna alata,Cassia fistula,0.967
Sphagneticola trilobata,Euphorbia hirta,0.967
Syzygium samarangense,Phyllodesmium macphersonae,0.967
Tagiades gana,Darpa striata,0.967
Thecacera picta,Aristocypha fenestrella,0.967
Thespesia populnea,Zanclostomus curvirostris,0.967
Torenia concolor,Euagoras sordidatus,0.967
Trachypithecus germaini,Macaca leonina,0.967
Tylorida ventralis,Ceriops tagal,0.967
Vanellus indicus,Eurystomus orientalis,0.967
Vestalis gracilis,Rhinortha chlorophaea,0.967
Vestalis gracilis,Zanclostomus curvirostris,0.967
Zanclostomus curvirostris,Thespesia populnea,0.967
Zanclostomus curvirostris,Vestalis gracilis,0.967
Aethriamanta gracilis,Rhyothemis triangularis,0.966
Ancylomenes holthuisi,Quantula striata,0.966
Apis cerana,Brachydiplax chalybea,0.966
Apis cerana,Brachythemis contaminata,0.966
Appias libythea,Gandaca harina,0.966
Argiope aemula,Gasteracantha rubrospinis,0.966
Asota caricae,Graphium sarpedon,0.966
Bactrocera hochii,Rhynchium haemorrhoidale,0.966
Brachydiplax chalybea,Neurothemis fluctuans,0.966
Brachythemis contaminata,Apis cerana,0.966
Callosciurus prevostii,Euploea radamanthus,0.966
Caloenas nicobarica,Ropalidia ornaticeps,0.966
Cerbera odollam,Parmarion martensi,0.966
Cerbera odollam,Scaevola taccada,0.966
Copera vittata,Elattoneura analis,0.966
Crepidium koordersii,Miconia crenata,0.966
Elattoneura analis,Copera vittata,0.966
Estrilda melpoda,Lonchura oryzivora,0.966
Eudynamys scolopaceus,Eurystomus orientalis,0.966
Eurema simulatrix,Thiania bhamoensis,0.966
Eurystomus orientalis,Eudynamys scolopaceus,0.966
Ficus religiosa,Xenocatantops humilis,0.966
Gandaca harina,Appias libythea,0.966
Graphium sarpedon,Asota caricae,0.966
Heterometrus silenus,Onomarchus uninotatus,0.966
Heterotrigona itama,Megaloxantha descarpentriesi,0.966
Hidari irava,Phoenicurus auroreus,0.966
Hylarana erythraea,Opisthodolichopus scandens,0.966
Hypothymis azurea,Vanellus cinereus,0.966
Ingerophrynus philippinicus,Phylloscopus inornatus,0.966
Laccoptera nepalensis,Agaricus trisulphuratus,0.966
Lonchura oryzivora,Estrilda melpoda,0.966
Macaca leonina,Gallirallus torquatus,0.966
Megaloxantha descarpentriesi,Heterotrigona itama,0.966
Merops viridis,Aegithina tiphia,0.966
Merops viridis,Colochirus quadrangularis,0.966
Merops viridis,Etlingera elatior,0.966
Merops viridis,Homoeoxipha lycoides,0.966
Merops viridis,Pycanum alternatum,0.966
Neurothemis fluctuans,Brachydiplax chalybea,0.966
Nisaetus cirrhatus,Peperomia pellucida,0.966
Nomia fuscipennis,Nola pumila,0.966
Opisthodolichopus scandens,Hylarana erythraea,0.966
Peperomia pellucida,Nisaetus cirrhatus,0.966
Phoenicurus auroreus,Hidari irava,0.966
Phylloscopus inornatus,Ingerophrynus philippinicus,0.966
Psilopogon pyrolophus,Rhipidura perlata,0.966
Ratufa bicolor,Tamiops maritimus,0.966
Rhinortha chlorophaea,Riptortus pedestris,0.966
Rhipidura perlata,Psilopogon pyrolophus,0.966
Rhyothemis triangularis,Aethriamanta gracilis,0.966
Riptortus pedestris,Rhinortha chlorophaea,0.966
Ropalidia ornaticeps,Caloenas nicobarica,0.966
Tamiops maritimus,Ratufa bicolor,0.966
Thiania bhamoensis,Eurema simulatrix,0.966
Urocissa erythroryncha,Upupa epops,0.966
Vanellus cinereus,Hypothymis azurea,0.966
Xenocatantops humilis,Ficus religiosa,0.966
Aeschynanthus pedunculatus,Dodonaea viscosa,0.965
Agriocnemis femina,Passiflora vesicaria,0.965
Ajuga macrosperma,Clerodendrum thomsoniae,0.965
Argyreia capitiformis,Megalurus palustris,0.965
Breynia vitis-idaea,Phyllanthus urinaria,0.965
Calvisia virbius,Leptocentrus taurus,0.965
Catopsilia scylla,Pieris rapae,0.965
Ceriops tagal,Dillenia suffruticosa,0.965
Charybdis feriata,Mecopoda stridulata,0.965
Chromodoris annae,Psittacula krameri,0.965
Cicindela aurulenta,Tricondyla brunnea,0.965
Clerodendrum thomsoniae,Ajuga macrosperma,0.965
Clitoria ternatea,Leucaena leucocephala,0.965
Creatonotos transiens,Parus monticolus,0.965
Cyrestis thyodamas,Moduza procris,0.965
Dasycaris zanzibarica,Ophthalmis lincea,0.965
Didymoplexis pallens,Pteraeolidia semperi,0.965
Dillenia suffruticosa,Ceriops tagal,0.965
Dodonaea viscosa,Aeschynanthus pedunculatus,0.965
Enicurus schistaceus,Phylloscopus borealis,0.965
Ethmostigmus rubripes,Ploceus philippinus,0.965
Gasteracantha kuhli,Nephilengys malabarensis,0.965
Gasteracantha mengei,Nephila kuhli,0.965
Hellenia speciosa,Gastropteron bicornutum,0.965
Heteropoda boiei,Crithagra atrogularis,0.965
Leea rubra,Rhynchium haemorrhoidale,0.965
Leptocentrus taurus,Calvisia virbius,0.965
Megophrys nasuta,Calophyllum inophyllum,0.965
Megophrys nasuta,Oxyopes macilentus,0.965
Megophrys nasuta,Volegalea cochlidium,0.965
Muscicapa griseisticta,Saxicola caprata,0.965
Nephila kuhli,Gasteracantha mengei,0.965
Nephilengys malabarensis,Gasteracantha kuhli,0.965
Ophthalmis lincea,Dasycaris zanzibarica,0.965
Parus monticolus,Creatonotos transiens,0.965
Passiflora vesicaria,Agriocnemis femina,0.965
Phintella vittata,Thorelliola ensifera,0.965
Phyllanthus urinaria,Breynia vitis-idaea,0.965
Phylloscopus borealis,Enicurus schistaceus,0.965
Polypedates leucomystax,Zizina otis,0.965
Prosotas nora,Rhizophora apiculata,0.965
Psittacula krameri,Chromodoris annae,0.965
Rhinortha chlorophaea,Thespesia populnea,0.965
Rhizophora apiculata,Prosotas nora,0.965
Saxicola caprata,Muscicapa griseisticta,0.965
Tagiades gana,Halpe porus,0.965
Tapinoma melanocephalum,Tetraponera rufonigra,0.965
Tetraponera rufonigra,Tapinoma melanocephalum,0.965
Thespesia populnea,Rhinortha chlorophaea,0.965
Thorelliola ensifera,Phintella vittata,0.965
Tricondyla brunnea,Cicindela aurulenta,0.965
Zizina otis,Polypedates leucomystax,0.965
Zosterops meyeni,Eucorynus crassicornis,0.965
Abrus precatorius,Luthrodes pandava,0.964
Ardea purpurea,Egretta intermedia,0.964
Capsicum annuum,Pityrogramma calomelanos,0.964
Cucumis melo,Cryptotympana acuta,0.964
Culicicapa helianthea,Gastropteron bicornutum,0.964
Cypsiurus balasiensis,Alopias pelagicus,0.964
Dysdercus poecilus,Pachliopta leytensis,0.964
Egretta intermedia,Ardea purpurea,0.964
Eurylaimus ochromalus,Psarisomus dalhousiae,0.964
Evania appendigaster,Hylarana erythraea,0.964
Fejervarya limnocharis,Limnonectes microdiscus,0.964
Felis catus,Mycalesis gotama,0.964
Gallus gallus,Vanellus indicus,0.964
Gomphrena serrata,Urocissa erythroryncha,0.964
Hylarana erythraea,Evania appendigaster,0.964
Hypolycaena sipylus,Leptotes plinius,0.964
Impatiens walleriana,Breynia androgyna,0.964
Junonia orithya,Corvus macrorhynchos,0.964
Junonia orithya,Moduza procris,0.964
Leptotes plinius,Hypolycaena sipylus,0.964
Limnonectes microdiscus,Fejervarya limnocharis,0.964
Lonchodes brevipes,Phyllidia elegans,0.964
Luthrodes pandava,Abrus precatorius,0.964
Macaranga heynei,Macaranga hypoleuca,0.964
Macaranga hypoleuca,Macaranga heynei,0.964
Marumba amboinicus,Theretra oldenlandiae,0.964
Nacaduba angusta,Prosotas nora,0.964
Nembrotha milleri,Menetes berdmorei,0.964
Nycticorax nycticorax,Oecophylla smaragdina,0.964
Pachliopta leytensis,Dysdercus poecilus,0.964
Passiflora foetida,Actias maenas,0.964
Phyllanthus emblica,Nomia incerta,0.964
Phylloscopus inornatus,Saxicola caprata,0.964
Prosotas nora,Remelana jangala,0.964
Protaetia acuminata,Xylotrupes socrates,0.964
Psarisomus dalhousiae,Eurylaimus ochromalus,0.964
Pseudapis siamensis,Culicicapa ceylonensis,0.964
Psilopogon chrysopogon,Psilopogon pyrolophus,0.964
Psilopogon pyrolophus,Psilopogon chrysopogon,0.964
Ratufa bicolor,Tamiops rodolphii,0.964
Remelana jangala,Prosotas nora,0.964
Rhizophora stylosa,Leptoglossus gonagra,0.964
Saxicola caprata,Phylloscopus inornatus,0.964
Tagiades gana,Polytremis lubricans,0.964
Tamiops rodolphii,Ratufa bicolor,0.964
Theretra oldenlandiae,Marumba amboinicus,0.964
Urocissa erythroryncha,Gomphrena serrata,0.964
Vanellus indicus,Gallus gallus,0.964
Xylotrupes pauliani,Xylotrupes socrates,0.964
Xylotrupes socrates,Protaetia acuminata,0.964
Xylotrupes socrates,Xylotrupes pauliani,0.964
Abrus precatorius,Jamides celeno,0.963
Acalypha indica,Euphorbia heterophylla,0.963
Aerodramus germani,Alopias pelagicus,0.963
Bonnaya antipoda,Pergesa acteus,0.963
Catopsilia pomona,Appias libythea,0.963
Catopsilia pyranthe,Gandaca harina,0.963
Cethosia cyane,Lethe confusa,0.963
Coccinella transversalis,Harmonia octomaculata,0.963
Cosmophasis lami,Tachybaptus ruficollis,0.963
Danaus genutia,Passiflora suberosa,0.963
Daphnis nerii,Trachypithecus obscurus,0.963
Delias hyparete,Microcarbo niger,0.963
Dicaeum ignipectus,Musa velutina,0.963
Euphorbia heterophylla,Acalypha indica,0.963
Evania appendigaster,Hypolimnas anomala,0.963
Gandaca harina,Catopsilia pomona,0.963
Gandaca harina,Gasteracantha diardi,0.963
Gasteracantha diardi,Gandaca harina,0.963
Gymnostoma sumatranum,Pitta guajana,0.963
Harmonia octomaculata,Coccinella transversalis,0.963
Heteropoda lunula,Ipomoea aquatica,0.963
Hypolimnas anomala,Evania appendigaster,0.963
Inara flavopicta,Catacanthus incarnatus,0.963
Ipomoea aquatica,Heteropoda lunula,0.963
Ipomoea aquatica,Paratrechina longicornis,0.963
Jamides celeno,Abrus precatorius,0.963
Lanius cristatus,Macaca nemestrina,0.963
Lethe confusa,Cethosia cyane,0.963
Macaca nemestrina,Lanius cristatus,0.963
Macracantha arcuata,Trichonephila antipodiana,0.963
Microcarbo niger,Delias hyparete,0.963
Musa velutina,Dicaeum ignipectus,0.963
Nembrotha cristata,Tamiops maritimus,0.963
Neurothemis fulvia,Brachydiplax chalybea,0.963
Neurothemis intermedia,Neurothemis tullia,0.963
Neurothemis tullia,Neurothemis intermedia,0.963
Neurothemis tullia,Orthetrum pruinosum,0.963
Nomia fuscipennis,Chalybion bengalense,0.963
Orthetrum pruinosum,Neurothemis tullia,0.963
Paradoxurus hermaphroditus,Creobroter gemmatus,0.963
Paratrechina longicornis,Ipomoea aquatica,0.963
Passiflora suberosa,Danaus genutia,0.963
Rhizophora stylosa,Euphaea ochracea,0.963
Samia wangi,Lanius collurioides,0.963
Sylvirana guentheri,Leptobrachium hendricksoni,0.963
Tachybaptus ruficollis,Cosmophasis lami,0.963
Tamiops maritimus,Nembrotha cristata,0.963
Trachypithecus obscurus,Daphnis nerii,0.963
Vestalis gracilis,Euagoras plagiatus,0.963
Xylotrupes gideon,Xylotrupes philippinensis,0.963
Xylotrupes philippinensis,Xylotrupes gideon,0.963
Zosterops meyeni,Physalia physalis,0.963
Zosterops meyeni,Rhynchophorus vulneratus,0.963
Acridotheres tristis,Parus monticolus,0.962
Aerodramus fuciphagus,Eucorynus crassicornis,0.962
Apis andreniformis,Xylocopa latipes,0.962
Argiope chloreides,Argiope intricata,0.962
Argiope intricata,Argiope chloreides,0.962
Arhopala centaurus,Abrus precatorius,0.962
Aristocypha fenestrella,Nembrotha lineolata,0.962
Asota plana,Mimosa pudica,0.962
Calvisia virbius,Utricularia aurea,0.962
Catopsilia scylla,Gandaca harina,0.962
Charadrius hiaticula,Gomphrena serrata,0.962
Clitoria ternatea,Senna occidentalis,0.962
Colpodaspis thompsoni,Microhyla heymonsi,0.962
Crassocephalum crepidioides,Thelesperma simplicifolium,0.962
Cucumis melo,Collocalia linchi,0.962
Cucumis melo,Scelimena producta,0.962
Cymbopogon citratus,Imperata cylindrica,0.962
Dodonaea viscosa,Cosmoscarta abdominalis,0.962
Gomphrena serrata,Charadrius hiaticula,0.962
Herpetogramma rudis,Nevrina procopia,0.962
Hypselodoris bullockii,Cepora aspasia,0.962
Ideopsis juventa,Prodasineura notostigma,0.962
Imperata cylindrica,Cymbopogon citratus,0.962
Ingerophrynus philippinicus,Phylloscopus borealis,0.962
Leea indica,Bactrocera hochii,0.962
Leptocentrus taurus,Agaricus trisulphuratus,0.962
Martes flavigula,Actias maenas,0.962
Martes flavigula,Megalurus palustris,0.962
Microhyla heymonsi,Colpodaspis thompsoni,0.962
Mimosa pudica,Asota plana,0.962
Nembrotha lineolata,Aristocypha fenestrella,0.962
Nephilengys malabarensis,Pycnonotus sinensis,0.962
Neurothemis tullia,Orthetrum triangulare,0.962
Nevrina procopia,Herpetogramma rudis,0.962
Orthetrum triangulare,Neurothemis tullia,0.962
Parus monticolus,Acridotheres tristis,0.962
Phylloscopus borealis,Ingerophrynus philippinicus,0.962
Pycnonotus sinensis,Nephilengys malabarensis,0.962
Rhizophora apiculata,Rhizophora stylosa,0.962
Rhizophora stylosa,Rhizophora apiculata,0.962
Senna occidentalis,Clitoria ternatea,0.962
Sitta solangiae,Dodonaea viscosa,0.962
Stichodactyla haddoni,Leea rubra,0.962
Thelesperma simplicifolium,Crassocephalum crepidioides,0.962
Xylocopa latipes,Apis andreniformis,0.962
Argyreia capitiformis,Hymenopus coronatus,0.961
Asota plana,Bauhinia purpurea,0.961
Bauhinia purpurea,Asota plana,0.961
Buceros bicornis,Rhinoplax vigil,0.961
Capsicum annuum,Adiantum philippense,0.961
Coeliccia poungyi,Danaus chrysippus,0.961
Columba livia,Dendrocopos analis,0.961
Culicicapa helianthea,Cyclosorus interruptus,0.961
Danaus chrysippus,Coeliccia poungyi,0.961
Delias hyparete,Eurema hecabe,0.961
Didymoplexis pallens,Crepidium koordersii,0.961
Ethmostigmus rubripes,Utricularia aurea,0.961
Eurema hecabe,Delias hyparete,0.961
Euthalia monina,Junonia atlites,0.961
Heterometrus laevigatus,Sitta frontalis,0.961
Heterotis rotundifolia,Microporus xanthopus,0.961
Hypothymis azurea,Nymphaea rubra,0.961
Hypothymis azurea,Pandion haliaetus,0.961
Hypothymis azurea,Spilostethus hospes,0.961
Ideopsis vulgaris,Junonia orithya,0.961
Ingerophrynus philippinicus,Phylloscopus coronatus,0.961
Ixos mcclellandii,Pycnonotus sinensis,0.961
Junonia atlites,Euthalia monina,0.961
Lebadea martha,Lethe europa,0.961
Lethe europa,Lebadea martha,0.961
Lonchura atricapilla,Lonchura oryzivora,0.961
Lonchura oryzivora,Lonchura atricapilla,0.961
Lophura inornata,Polyplectron malacense,0.961
Lutrogale perspicillata,Ropalidia stigma,0.961
Manilkara zapota,Favorinus mirabilis,0.961
Manilkara zapota,Ropalidia stigma,0.961
Microporus xanthopus,Heterotis rotundifolia,0.961
Mimusops elengi,Euphaea ochracea,0.961
Phylloscopus coronatus,Ingerophrynus philippinicus,0.961
Polyplectron malacense,Lophura inornata,0.961
Pycnonotus sinensis,Ixos mcclellandii,0.961
Pycnonotus sinensis,Pycnonotus jocosus,0.961
Rhinoplax vigil,Buceros bicornis,0.961
Riptortus pedestris,Culicicapa ceylonensis,0.961
Ropalidia stigma,Lutrogale perspicillata,0.961
Ropalidia stigma,Manilkara zapota,0.961
Spilornis holospilus,Aquila clanga,0.961
Thespesia populnea,Mangifera indica,0.961
Thiania bhamoensis,Odontoponera denticulata,0.961
Vir philippinensis,Horridipamera nietneri,0.961
Acridotheres tristis,Pernis ptilorhynchus,0.96
Adonidia merrillii,Corypha utan,0.96
Adonidia merrillii,Rhapis excelsa,0.96
Alcedo atthis,Cassia fistula,0.96
Amathusia phidippus,Evania appendigaster,0.96
Ancylomenes holthuisi,Pitta megarhyncha,0.96
Argyreia capitiformis,Heterometrus laevigatus,0.96
Argyreia capitiformis,Hylobates lar,0.96
Aspidimorpha furcata,Rhizophora stylosa,0.96
Bothrogonia addita,Corvus splendens,0.96
Bradybaena similaris,Geokichla citrina,0.96
Caladium bicolor,Pycnonotus sinensis,0.96
Cassia fistula,Alcedo atthis,0.96
Christella parasitica,Annona squamosa,0.96
Colpodaspis thompsoni,Microporus xanthopus,0.96
Corvus splendens,Bothrogonia addita,0.96
Corypha utan,Adonidia merrillii,0.96
Enicurus schistaceus,Saxicola caprata,0.96
Evania appendigaster,Amathusia phidippus,0.96
Felis catus,Junonia hierta,0.96
Gomphrena serrata,Lonchura striata,0.96
Graphium sarpedon,Mimosa pudica,0.96
Hemithyrsocera vittata,Cymbirhynchus macrorhynchos,0.96
Hemithyrsocera vittata,Dardanus sanguinolentus,0.96
Hemithyrsocera vittata,Stenopus hispidus,0.96
Heterometrus laevigatus,Argyreia capitiformis,0.96
Hirundo rustica,Oriolus chinensis,0.96
Impatiens balsamina,Hellenia speciosa,0.96
Impatiens platypetala,Breynia androgyna,0.96
Ipomoea pes-caprae,Leucauge fastigata,0.96
Leucauge fastigata,Ipomoea pes-caprae,0.96
Locustella certhiola,Nomascus gabriellae,0.96
Lonchura striata,Gomphrena serrata,0.96
Lutrogale perspicillata,Podolestes orientalis,0.96
Macracantha arcuata,Macracantha hasselti,0.96
Microporus xanthopus,Colpodaspis thompsoni,0.96
Mimosa pudica,Graphium sarpedon,0.96
Mimosa pudica,Senna occidentalis,0.96
Mimusops elengi,Heterometrus spinifer,0.96
Myrmaplata plataleoides,Phintella vittata,0.96
Neurothemis fluctuans,Orthetrum chrysis,0.96
Neurothemis fluctuans,Telamonia festiva,0.96
Nomascus gabriellae,Locustella certhiola,0.96
Nomascus gabriellae,Paradoxurus hermaphroditus,0.96
Oriolus chinensis,Hirundo rustica,0.96
Orthetrum chrysis,Neurothemis fluctuans,0.96
Paradoxurus hermaphroditus,Nomascus gabriellae,0.96
Pernis ptilorhynchus,Acridotheres tristis,0.96
Phintella vittata,Myrmaplata plataleoides,0.96
Protaetia fusca,Xylotrupes philippinensis,0.96
Pycnonotus flavescens,Tricholestes criniger,0.96
Pycnonotus sinensis,Caladium bicolor,0.96
Rhapis excelsa,Adonidia merrillii,0.96
Salurnis marginella,Crepidotus boninensis,0.96
Siler semiglaucus,Dendrocygna arcuata,0.96
Telamonia festiva,Neurothemis fluctuans,0.96
Theretra oldenlandiae,Caleta elna,0.96
Theretra oldenlandiae,Logania marmorata,0.96
Vestalis melania,Syzygium samarangense,0.96
Volkameria inermis,Rorippa indica,0.96
Xylotrupes philippinensis,Protaetia fusca,0.96
Aethopyga gouldiae,Arachnothera longirostra,0.959
Aethopyga gouldiae,Leptocoma calcostetha,0.959
Arachnothera longirostra,Aethopyga gouldiae,0.959
Arachnothera longirostra,Cinnyris jugularis,0.959
Bauhinia purpurea,Plexippus petersi,0.959
Chromodoris lochi,Psittacula krameri,0.959
Cinnyris jugularis,Arachnothera longirostra,0.959
Cinnyris jugularis,Leptocoma calcostetha,0.959
Coenobita brevimanus,Polistes olivaceus,0.959
Crocothemis servilia,Apis cerana,0.959
Cyrestis thyodamas,Euripus nyctelius,0.959
Eurema sari,Appias libythea,0.959
Euripus nyctelius,Cyrestis thyodamas,0.959
Gelochelidon nilotica,Liocichla ripponi,0.959
Geopelia striata,Herpestes javanicus,0.959
Hymenia perspectalis,Nevrina procopia,0.959
Hypselodoris bullockii,Idaea craspedota,0.959
Ideopsis vulgaris,Neptis hylas,0.959
Impatiens balsamina,Impatiens platypetala,0.959
Impatiens platypetala,Impatiens balsamina,0.959
Lanius bucephalus,Mimosa pudica,0.959
Leptocoma calcostetha,Aethopyga gouldiae,0.959
Leptocoma calcostetha,Cinnyris jugularis,0.959
Liocichla ripponi,Gelochelidon nilotica,0.959
Lonchodes brevipes,Manilkara zapota,0.959
Lonchura maja,Nacaduba kurava,0.959
Marumba amboinicus,Caleta elna,0.959
Marumba amboinicus,Logania marmorata,0.959
Mimosa pudica,Lanius bucephalus,0.959
Monetaria annulus,Erronea cylindrica,0.959
Nacaduba kurava,Lonchura maja,0.959
Nembrotha milleri,Tamiops maritimus,0.959
Nevrina procopia,Hymenia perspectalis,0.959
Nypa fruticans,Pycnoscelus indicus,0.959
Opisthodolichopus scandens,Tylorida ventralis,0.959
Phintelloides versicolor,Siler semiglaucus,0.959
Phylloscopus coronatus,Enicurus schistaceus,0.959
Plexippus petersi,Bauhinia purpurea,0.959
Polistes olivaceus,Coenobita brevimanus,0.959
Porzana cinerea,Gallirallus torquatus,0.959
Psilopogon duvaucelii,Psilopogon pyrolophus,0.959
Psilopogon pyrolophus,Psilopogon duvaucelii,0.959
Psittacula krameri,Chromodoris lochi,0.959
Pycnoscelus indicus,Nypa fruticans,0.959
Roboastra gracilis,Menetes berdmorei,0.959
Siler semiglaucus,Phintelloides versicolor,0.959
Thiania bhamoensis,Platythyrea inermis,0.959
Treron vernans,Herpestes javanicus,0.959
Tylorida ventralis,Opisthodolichopus scandens,0.959
Vestalis gracilis,Zanclostomus javanicus,0.959
Zanclostomus javanicus,Vestalis gracilis,0.959
Acisoma panorpoides,Orthetrum triangulare,0.958
Aerodramus fuciphagus,Limnonectes woodworthi,0.958
Aethopyga siparaja,Vanellus indicus,0.958
Anoplodesmus saussurii,Ceriops tagal,0.958
Aristocypha fenestrella,Heliocypha biforata,0.958
Asota caricae,Mimosa pudica,0.958
Aspidimorpha furcata,Agaricus trisulphuratus,0.958
Bougainvillea spectabilis,Mirabilis jalapa,0.958
Breynia vitis-idaea,Phyllanthus emblica,0.958
Cacatua goffiniana,Cacatua haematuropygia,0.958
Cacatua haematuropygia,Cacatua goffiniana,0.958
Caloenas nicobarica,Ducula badia,0.958
Calvisia virbius,Rhizophora stylosa,0.958
Calvisia virbius,Salurnis marginella,0.958
Capsicum annuum,Ceratopteris thalictroides,0.958
Casuarina equisetifolia,Phyllanthus emblica,0.958
Catharanthus roseus,Onomarchus uninotatus,0.958
Ceriops tagal,Anoplodesmus saussurii,0.958
Ceriops tagal,Hylarana erythraea,0.958
Chloris barbata,Cymbopogon citratus,0.958
Christella parasitica,Anoplolepis gracilipes,0.958
Coix lacryma-jobi,Eleusine indica,0.958
Crassocephalum crepidioides,Elephantopus mollis,0.958
Cymbopogon citratus,Chloris barbata,0.958
Cyrestis thyodamas,Junonia lemonias,0.958
Daphnis hypothous,Theretra nessus,0.958
Daphnis nerii,Presbytis siamensis,0.958
Ducula badia,Caloenas nicobarica,0.958
Elattoneura analis,Prodasineura collaris,0.958
Elephantopus mollis,Crassocephalum crepidioides,0.958
Eleusine indica,Coix lacryma-jobi,0.958
Eucalyptus deglupta,Aerodramus fuciphagus,0.958
Eurema hecabe,Kalanchoe pinnata,0.958
Halcyon pileata,Halcyon smyrnensis,0.958
Halcyon smyrnensis,Halcyon pileata,0.958
Haliastur indus,Oriolus chinensis,0.958
Heliocypha biforata,Aristocypha fenestrella,0.958
Hypselodoris bullockii,Macaria abydata,0.958
Ideopsis vulgaris,Acraea terpsicore,0.958
Impatiens platypetala,Xylocopa aestuans,0.958
Limnonectes woodworthi,Aerodramus fuciphagus,0.958
Merops orientalis,Hypothymis azurea,0.958
Mirabilis jalapa,Bougainvillea spectabilis,0.958
Mortonagrion aborense,Passiflora foetida,0.958
Myrmaplata plataleoides,Phintelloides versicolor,0.958
Oriolus chinensis,Haliastur indus,0.958
Orthetrum triangulare,Acisoma panorpoides,0.958
Passiflora foetida,Mortonagrion aborense,0.958
Phintelloides versicolor,Myrmaplata plataleoides,0.958
Phyllanthus emblica,Breynia vitis-idaea,0.958
Phyllanthus emblica,Casuarina equisetifolia,0.958
Phyllanthus urinaria,Pergesa acteus,0.958
Phyllidia marindica,Hibiscus sabdariffa,0.958
Phylloscopus borealis,Saxicola caprata,0.958
Polistes stigma,Echinometra mathaei,0.958
Polistes stigma,Zosterops meyeni,0.958
Presbytis siamensis,Daphnis nerii,0.958
Prodasineura hyperythra,Copera marginipes,0.958
Psarisomus dalhousiae,Talipariti tiliaceum,0.958
Psilopogon asiaticus,Psilopogon virens,0.958
Psilopogon virens,Psilopogon asiaticus,0.958
Ropalidia ornaticeps,Sitta frontalis,0.958
Ropalidia stigma,Chalybion bengalense,0.958
Spilornis holospilus,Circus melanoleucos,0.958
Talipariti tiliaceum,Psarisomus dalhousiae,0.958
Theretra nessus,Daphnis hypothous,0.958
Torenia concolor,Phyllodesmium briareum,0.958
Treron vernans,Yungipicus canicapillus,0.958
Vanellus indicus,Aethopyga siparaja,0.958